canonical_id	gcf_accession	gca_accession	pair_status	missing_partner_accession	original_representative_accession	original_representative_status	selected_accession	selected_source	selected_status	selection_reason	organism_name	tax_id	strain	assembly_level	genome_size_bp	gc_percent	number_of_contigs	contig_n50	genome_size_modified_z	gc_percent_modified_z	metadata_decision	pangenome_contiguity_class	synteny_class	sequence_qc_status	taxonomy_qc_status	flags
CANON_00001	GCF_000011365.1	GCA_000011365.1	paired		GCF_000011365.1	current	GCF_000011365.1	REFSEQ	current	current_refseq_preferred	Bradyrhizobium diazoefficiens USDA 110	224911	USDA110	Complete Genome	9105828	64	1	9105828	0.585253	0.6745	retain_candidate	primary_contiguity_candidate	synteny_candidate	pending	pending	
CANON_00002	GCF_000015165.1	GCA_000015165.1	paired		GCF_000015165.1	current	GCF_000015165.1	REFSEQ	current	current_refseq_preferred	Bradyrhizobium sp. BTAi1	288000	BTAi1	Complete Genome	8493513	65	2	8264687	0.105918	2.0235	retain_candidate	primary_contiguity_candidate	synteny_candidate	pending	pending	
CANON_00003	GCF_000026145.1	GCA_000026145.1	paired		GCF_000026145.1	current	GCF_000026145.1	REFSEQ	current	current_refseq_preferred	Bradyrhizobium sp. ORS 278	114615	ORS278	Complete Genome	7456587	65.5	1	7456587	-0.705813	2.698	retain_candidate	primary_contiguity_candidate	synteny_candidate	pending	pending	
CANON_00004	GCF_000239755.1	GCA_000239755.2	paired		GCF_000239755.1	current	GCF_000239755.1	REFSEQ	current	current_refseq_preferred	Bradyrhizobium sp. ORS 285	115808	ORS 285	Contig	7602254	65	301	61775	-0.591781	2.0235	retain_candidate	primary_contiguity_candidate	presence_absence_only	pending	pending	synteny_fragmented
CANON_00005	GCF_000239775.1	GCA_000239775.2	paired		GCF_000239775.1	current	GCF_000239775.1	REFSEQ	current	current_refseq_preferred	Bradyrhizobium sp. ORS 375	566679	ORS375	Scaffold	7859468	65.5	498	28702	-0.390428	2.698	retain_candidate	primary_contiguity_candidate	presence_absence_only	pending	pending	synteny_fragmented
CANON_00006	GCF_000239795.1	GCA_000239795.2	paired		GCF_000239795.1	current	GCF_000239795.1	REFSEQ	current	current_refseq_preferred	Bradyrhizobium sp. STM 3809	551936	STM 3809	Contig	7311748	66	803	14901	-0.819196	3.3725	retain_candidate	secondary_fragmented	presence_absence_only	pending	pending	pangenome_fragmented;synteny_fragmented
CANON_00007	GCF_000239815.1	GCA_000239815.2	paired		GCF_000239815.1	current	GCF_000239815.1	REFSEQ	current	current_refseq_preferred	Bradyrhizobium sp. STM 3843	551947	STM 3843	Scaffold	8434788	63.5	351	43838	0.059946	0.0	retain_candidate	primary_contiguity_candidate	presence_absence_only	pending	pending	synteny_fragmented
CANON_00008	GCF_000244915.1	GCA_000244915.1	paired		GCF_000244915.1	current	GCF_000244915.1	REFSEQ	current	current_refseq_preferred	Bradyrhizobium sp. WSM471	319017	WSM471	Chromosome	7784016	63.5	2	6645911	-0.449494	0.0	retain_candidate	primary_contiguity_candidate	synteny_candidate	pending	pending	
CANON_00009	GCF_000244935.1	GCA_000244935.1	paired		GCF_000244935.1	current	GCF_000244935.1	REFSEQ	current	current_refseq_preferred	Bradyrhizobium sp. WSM1253	319003	WSM1253	Scaffold	8719808	63	71	249387	0.283067	-0.6745	retain_candidate	primary_contiguity_candidate	synteny_candidate	pending	pending	
CANON_00010	GCF_000257685.2	GCA_000257685.2	paired		GCF_000257685.2	suppressed	GCA_000257685.2	GENBANK	current	fallback_current_genbank	Bradyrhizobium elkanii 587	1156987	587	Contig	8673157	63.5	2430	6929	0.246547	0.0	retain_candidate	secondary_fragmented	presence_absence_only	pending	pending	pangenome_fragmented;suppressed_or_unavailable_refseq_fallback;synteny_fragmented
CANON_00011	GCF_000261505.1	GCA_000261505.1	paired		GCF_000261505.1	current	GCF_000261505.1	REFSEQ	current	current_refseq_preferred	Bradyrhizobium elkanii CCBAU 05737	1128203	CCBAU 05737	Contig	9773178	63.5	751	25010	1.10767	0.0	retain_candidate	secondary_fragmented	presence_absence_only	pending	pending	pangenome_fragmented;synteny_fragmented
CANON_00012	GCF_000261525.1	GCA_000261525.1	paired		GCF_000261525.1	current	GCF_000261525.1	REFSEQ	current	current_refseq_preferred	Bradyrhizobium elkanii CCBAU 43297	1128204	CCBAU 43297	Contig	9347700	63.5	654	25032	0.774596	0.0	retain_candidate	secondary_fragmented	presence_absence_only	pending	pending	pangenome_fragmented;synteny_fragmented
CANON_00013	GCF_000261545.1	GCA_000261545.1	paired		GCF_000261545.1	current	GCF_000261545.1	REFSEQ	current	current_refseq_preferred	Bradyrhizobium japonicum CCBAU 15354	1128253	CCBAU 15354	Contig	10126594	63.5	951	20991	1.384333	0.0	retain_candidate	secondary_fragmented	presence_absence_only	pending	pending	pangenome_fragmented;synteny_fragmented
CANON_00014	GCF_000261565.1	GCA_000261565.1	paired		GCF_000261565.1	current	GCF_000261565.1	REFSEQ	current	current_refseq_preferred	Bradyrhizobium japonicum CCBAU 15517	1128254	CCBAU 15517	Contig	9917031	63.5	1129	16836	1.220282	0.0	retain_candidate	secondary_fragmented	presence_absence_only	pending	pending	pangenome_fragmented;synteny_fragmented
CANON_00015	GCF_000261585.1	GCA_000261585.1	paired		GCF_000261585.1	current	GCF_000261585.1	REFSEQ	current	current_refseq_preferred	Bradyrhizobium japonicum CCBAU 15618	1128255	CCBAU 15618	Contig	9824012	63.5	691	28568	1.147464	0.0	retain_candidate	secondary_fragmented	presence_absence_only	pending	pending	pangenome_fragmented;synteny_fragmented
CANON_00016	GCF_000261605.1	GCA_000261605.1	paired		GCF_000261605.1	current	GCF_000261605.1	REFSEQ	current	current_refseq_preferred	Bradyrhizobium japonicum CCBAU 25435	1128256	CCBAU 25435	Contig	9460795	63.5	520	34354	0.863129	0.0	retain_candidate	secondary_fragmented	presence_absence_only	pending	pending	pangenome_fragmented;synteny_fragmented
CANON_00017	GCF_000261625.1	GCA_000261625.1	paired		GCF_000261625.1	current	GCF_000261625.1	REFSEQ	current	current_refseq_preferred	Bradyrhizobium japonicum CCBAU 83623	1128257	CCBAU 83623	Contig	10074298	63.5	1212	16446	1.343394	0.0	retain_candidate	secondary_fragmented	presence_absence_only	pending	pending	pangenome_fragmented;synteny_fragmented
CANON_00018	GCF_000261645.1	GCA_000261645.1	paired		GCF_000261645.1	current	GCF_000261645.1	REFSEQ	current	current_refseq_preferred	Bradyrhizobium liaoningense CCBAU 05525	1128287	CCBAU 05525	Contig	8164124	64	1040	16180	-0.151936	0.6745	retain_candidate	secondary_fragmented	presence_absence_only	pending	pending	pangenome_fragmented;synteny_fragmented
CANON_00019	GCF_000261665.1	GCA_000261665.1	paired		GCF_000261665.1	current	GCF_000261665.1	REFSEQ	current	current_refseq_preferred	Bradyrhizobium liaoningense CCBAU 83689	1128288	CCBAU 83689	Contig	8009819	64	1133	13248	-0.27273	0.6745	retain_candidate	secondary_fragmented	presence_absence_only	pending	pending	pangenome_fragmented;synteny_fragmented
CANON_00020	GCF_000261685.1	GCA_000261685.1	paired		GCF_000261685.1	current	GCF_000261685.1	REFSEQ	current	current_refseq_preferred	Bradyrhizobium genomosp. I (2014)	2683269	CCBAU 43298	Contig	7916986	64	508	29185	-0.345402	0.6745	retain_candidate	secondary_fragmented	presence_absence_only	pending	pending	pangenome_fragmented;synteny_fragmented
CANON_00021	GCF_000261705.1	GCA_000261705.1	paired		GCF_000261705.1	current	GCF_000261705.1	REFSEQ	current	current_refseq_preferred	Bradyrhizobium genomosp. III	2683271	CCBAU 15544	Contig	8484383	63.5	612	26160	0.09877	0.0	retain_candidate	secondary_fragmented	presence_absence_only	pending	pending	pangenome_fragmented;synteny_fragmented
CANON_00022	GCF_000261725.1	GCA_000261725.1	paired		GCF_000261725.1	current	GCF_000261725.1	REFSEQ	current	current_refseq_preferred	Bradyrhizobium genomosp. III	2683271	CCBAU 15615	Contig	8852539	63.5	453	44201	0.386972	0.0	retain_candidate	primary_contiguity_candidate	presence_absence_only	pending	pending	synteny_fragmented
CANON_00023	GCF_000261745.1	GCA_000261745.1	paired		GCF_000261745.1	current	GCF_000261745.1	REFSEQ	current	current_refseq_preferred	Bradyrhizobium genomosp. III	2683271	CCBAU 15635	Contig	8288715	64	456	34535	-0.054403	0.6745	retain_candidate	primary_contiguity_candidate	presence_absence_only	pending	pending	synteny_fragmented
CANON_00024	GCF_000261765.1	GCA_000261765.1	paired		GCF_000261765.1	current	GCF_000261765.1	REFSEQ	current	current_refseq_preferred	Bradyrhizobium diazoefficiens	1355477	CCBAU 41267	Contig	9121826	64	563	30035	0.597776	0.6745	retain_candidate	secondary_fragmented	presence_absence_only	pending	pending	pangenome_fragmented;synteny_fragmented
CANON_00025	GCF_000261785.1	GCA_000261785.1	paired		GCF_000261785.1	current	GCF_000261785.1	REFSEQ	current	current_refseq_preferred	Bradyrhizobium yuanmingense CCBAU 05623	1128326	CCBAU 05623	Contig	8245751	64	570	28696	-0.088036	0.6745	retain_candidate	secondary_fragmented	presence_absence_only	pending	pending	pangenome_fragmented;synteny_fragmented
CANON_00026	GCF_000261805.1	GCA_000261805.1	paired		GCF_000261805.1	current	GCF_000261805.1	REFSEQ	current	current_refseq_preferred	Bradyrhizobium yuanmingense CCBAU 25021	1128327	CCBAU 25021	Contig	7990949	64	490	31878	-0.287502	0.6745	retain_candidate	primary_contiguity_candidate	presence_absence_only	pending	pending	synteny_fragmented
CANON_00027	GCF_000261825.1	GCA_000261825.1	paired		GCF_000261825.1	current	GCF_000261825.1	REFSEQ	current	current_refseq_preferred	Bradyrhizobium yuanmingense CCBAU 35157	1128328	CCBAU 35157	Contig	7854129	64	457	31040	-0.394608	0.6745	retain_candidate	primary_contiguity_candidate	presence_absence_only	pending	pending	synteny_fragmented
CANON_00028	GCF_000282615.1	GCA_000282615.1	paired		GCF_000282615.1	current	GCF_000282615.1	REFSEQ	current	current_refseq_preferred	Bradyrhizobium sp. YR681	1144344	YR681	Contig	7831714	64.5	351	37719	-0.412155	1.349	retain_candidate	primary_contiguity_candidate	presence_absence_only	pending	pending	synteny_fragmented
CANON_00029	GCF_000284275.1	GCA_000284275.1	paired		GCF_000284275.1	current	GCF_000284275.1	REFSEQ	current	current_refseq_preferred	Bradyrhizobium cosmicum	1404864	S23321	Complete Genome	7231841	64.5	1	7231841	-0.88175	1.349	retain_candidate	primary_contiguity_candidate	synteny_candidate	pending	pending	
CANON_00030	GCF_000284375.1	GCA_000284375.1	paired		GCF_000284375.1	current	GCF_000284375.1	REFSEQ	current	current_refseq_preferred	Bradyrhizobium japonicum USDA 6	1037409	USDA 6	Complete Genome	9207384	63.5	1	9207384	0.664753	0.0	retain_candidate	primary_contiguity_candidate	synteny_candidate	pending	pending	
CANON_00031	GCF_000296215.2	GCA_000296215.2	paired		GCF_000296215.2	current	GCF_000296215.2	REFSEQ	current	current_refseq_preferred	Bradyrhizobium sp. CCGE-LA001	1223566	CCGE-LA001	Complete Genome	7833499	63.5	1	7833499	-0.410757	0.0	retain_candidate	primary_contiguity_candidate	synteny_candidate	pending	pending	
CANON_00032	GCF_000304595.1	GCA_000304595.1	paired		GCF_000304595.1	current	GCF_000304595.1	REFSEQ	current	current_refseq_preferred	Bradyrhizobium lupini HPC(L)	1229491	HPC(L)	Contig	5272243	59	90	148555	-2.41577	-6.0705	manual_review	primary_contiguity_candidate	synteny_candidate	pending	pending	gc_percent_outlier
CANON_00033	GCF_000344805.1	GCA_000344805.1	paired		GCF_000344805.1	current	GCF_000344805.1	REFSEQ	current	current_refseq_preferred	Bradyrhizobium oligotrophicum S58	1245469	S58	Complete Genome	8264165	65	1	8264165	-0.073621	2.0235	retain_candidate	primary_contiguity_candidate	synteny_candidate	pending	pending	
CANON_00034	GCF_000373125.1	GCA_000373125.1	paired		GCF_000373125.1	current	GCF_000373125.1	REFSEQ	current	current_refseq_preferred	Bradyrhizobium sp. WSM4349	1040988	WSM4349	Scaffold	8294334	63	107	234491	-0.050004	-0.6745	retain_candidate	primary_contiguity_candidate	synteny_candidate	pending	pending	
CANON_00035	GCF_000374205.1	GCA_000374205.1	paired		GCF_000374205.1	suppressed	GCA_000374205.1	GENBANK	current	fallback_current_genbank	Bradyrhizobium japonicum USDA 124	1038862	USDA 124	Scaffold	9002274	64	130	264768	0.504188	0.6745	retain_candidate	primary_contiguity_candidate	synteny_candidate	pending	pending	suppressed_or_unavailable_refseq_fallback
CANON_00036	GCF_000379145.1	GCA_000379145.1	paired		GCF_000379145.1	current	GCF_000379145.1	REFSEQ	current	current_refseq_preferred	Bradyrhizobium elkanii USDA 76	398525	USDA 76	Scaffold	9484767	63.5	25	1804836	0.881895	0.0	retain_candidate	primary_contiguity_candidate	synteny_candidate	pending	pending	
CANON_00037	GCF_000379585.1	GCA_000379585.1	paired		GCF_000379585.1	current	GCF_000379585.1	REFSEQ	current	current_refseq_preferred	Bradyrhizobium sp. WSM2793	1038866	WSM2793	Scaffold	8871253	63.5	85	207176	0.401622	0.0	retain_candidate	primary_contiguity_candidate	synteny_candidate	pending	pending	
CANON_00038	GCF_000421305.1	GCA_000421305.1	paired		GCF_000421305.1	current	GCF_000421305.1	REFSEQ	current	current_refseq_preferred	Bradyrhizobium sp. is5	1304879	is5	Contig	7588794	64	60	378224	-0.602318	0.6745	retain_candidate	primary_contiguity_candidate	synteny_candidate	pending	pending	
CANON_00039	GCF_000426245.1	GCA_000426245.1	paired		GCF_000426245.1	current	GCF_000426245.1	REFSEQ	current	current_refseq_preferred	Bradyrhizobium sp. Ai1a-2	196490	Ai1a-2	Scaffold	9029266	62.5	250	94268	0.525318	-1.349	retain_candidate	primary_contiguity_candidate	presence_absence_only	pending	pending	synteny_fragmented
CANON_00040	GCF_000426265.1	GCA_000426265.1	paired		GCF_000426265.1	current	GCF_000426265.1	REFSEQ	current	current_refseq_preferred	Bradyrhizobium sp. Cp5.3	443598	Cp5.3	Scaffold	8918781	63.5	150	218972	0.438828	0.0	retain_candidate	primary_contiguity_candidate	synteny_candidate	pending	pending	
CANON_00041	GCF_000426785.1	GCA_000426785.1	paired		GCF_000426785.1	current	GCF_000426785.1	REFSEQ	current	current_refseq_preferred	Bradyrhizobium sp. th-b2	172088	th.b2	Scaffold	10118060	63.5	275	170007	1.377652	0.0	retain_candidate	primary_contiguity_candidate	presence_absence_only	pending	pending	synteny_fragmented
CANON_00042	GCF_000426845.1	GCA_000426845.1	paired		GCF_000426845.1	current	GCF_000426845.1	REFSEQ	current	current_refseq_preferred	Bradyrhizobium sp. in8p8	1304878	in8p8	Scaffold	7589915	64	53	378302	-0.601441	0.6745	retain_candidate	primary_contiguity_candidate	synteny_candidate	pending	pending	
CANON_00043	GCF_000464155.1	GCA_000464155.2	paired		GCF_000464155.1	suppressed	GCA_000464155.2	GENBANK	current	fallback_current_genbank	Bradyrhizobium sp. JGI 0001002-A22	1094929	JGI 0001002-A22	Contig	1961262	61.5	67	70739	-5.007686	-2.698	manual_review	primary_contiguity_candidate	synteny_candidate	pending	pending	genome_size_outlier;suppressed_or_unavailable_refseq_fallback
CANON_00044	GCF_000465325.1	GCA_000465325.1	paired		GCF_000465325.1	suppressed	GCA_000465325.1	GENBANK	current	fallback_current_genbank	Bradyrhizobium sp. DFCI-1	1230476		Scaffold	7646147	64.5	98	141525	-0.557421	1.349	retain_candidate	primary_contiguity_candidate	synteny_candidate	pending	pending	suppressed_or_unavailable_refseq_fallback
CANON_00045	GCF_000472385.1	GCA_000472385.1	paired		GCF_000472385.1	current	GCF_000472385.1	REFSEQ	current	current_refseq_preferred	Bradyrhizobium sp. ARR65	1040989	ARR65	Contig	8613869	62	139	144617	0.200135	-2.0235	retain_candidate	primary_contiguity_candidate	synteny_candidate	pending	pending	
CANON_00046	GCF_000472425.1	GCA_000472425.1	paired		GCF_000472425.1	current	GCF_000472425.1	REFSEQ	current	current_refseq_preferred	Bradyrhizobium sp. Tv2a-2	113395	Tv2a-2	Contig	8496279	62	87	339711	0.108083	-2.0235	retain_candidate	primary_contiguity_candidate	synteny_candidate	pending	pending	
CANON_00047	GCF_000472645.1	GCA_000472645.1	paired		GCF_000472645.1	current	GCF_000472645.1	REFSEQ	current	current_refseq_preferred	Bradyrhizobium sp. WSM2254	1188263	WSM2254	Scaffold	9086516	64	105	158894	0.570135	0.6745	retain_candidate	primary_contiguity_candidate	synteny_candidate	pending	pending	
CANON_00048	GCF_000472685.1	GCA_000472685.1	paired		GCF_000472685.1	current	GCF_000472685.1	REFSEQ	current	current_refseq_preferred	Bradyrhizobium arachidis	858423	USDA 3384	Scaffold	9800269	63.5	52	376385	1.128878	0.0	retain_candidate	primary_contiguity_candidate	synteny_candidate	pending	pending	
CANON_00049	GCF_000472725.1	GCA_000472725.1	paired		GCF_000472725.1	current	GCF_000472725.1	REFSEQ	current	current_refseq_preferred	Bradyrhizobium ottawense USDA 4	1038864	USDA 4	Scaffold	8737671	63.5	99	274635	0.29705	0.0	retain_candidate	primary_contiguity_candidate	synteny_candidate	pending	pending	
CANON_00050	GCF_000472745.1	GCA_000472745.1	paired		GCF_000472745.1	current	GCF_000472745.1	REFSEQ	current	current_refseq_preferred	Bradyrhizobium japonicum USDA 38	1079467	USDA 38	Scaffold	9608975	63.5	109	349669	0.979128	0.0	retain_candidate	primary_contiguity_candidate	synteny_candidate	pending	pending	
CANON_00051	GCF_000472765.1	GCA_000472765.1	paired		GCF_000472765.1	suppressed	GCA_000472765.1	GENBANK	current	fallback_current_genbank	Bradyrhizobium elkanii USDA 3254	1079479	USDA 3254	Scaffold	8979722	64	87	249311	0.486534	0.6745	retain_candidate	primary_contiguity_candidate	synteny_candidate	pending	pending	suppressed_or_unavailable_refseq_fallback
CANON_00052	GCF_000472865.1	GCA_000472865.1	paired		GCF_000472865.1	current	GCF_000472865.1	REFSEQ	current	current_refseq_preferred	Bradyrhizobium elkanii WSM2783	1038860	WSM2783	Scaffold	9902361	62.5	218	101503	1.208798	-1.349	retain_candidate	primary_contiguity_candidate	presence_absence_only	pending	pending	synteny_fragmented
CANON_00053	GCF_000472925.1	GCA_000472925.1	paired		GCF_000472925.1	current	GCF_000472925.1	REFSEQ	current	current_refseq_preferred	Bradyrhizobium sp. Ec3.3	189753	Ec3.3	Scaffold	10034502	62.5	160	159659	1.312241	-1.349	retain_candidate	primary_contiguity_candidate	synteny_candidate	pending	pending	
CANON_00054	GCF_000472945.1	GCA_000472945.1	paired		GCF_000472945.1	suppressed	GCA_000472945.1	GENBANK	current	fallback_current_genbank	Bradyrhizobium japonicum USDA 135	1038863	USDA 135	Scaffold	7703324	64	548	25986	-0.512661	0.6745	retain_candidate	secondary_fragmented	presence_absence_only	pending	pending	pangenome_fragmented;suppressed_or_unavailable_refseq_fallback;synteny_fragmented
CANON_00055	GCF_000472965.1	GCA_000472965.1	paired		GCF_000472965.1	current	GCF_000472965.1	REFSEQ	current	current_refseq_preferred	Bradyrhizobium murdochi	1038859	WSM 1741	Scaffold	7952346	62	70	244068	-0.317721	-2.0235	retain_candidate	primary_contiguity_candidate	synteny_candidate	pending	pending	
CANON_00056	GCF_000472985.1	GCA_000472985.1	paired		GCF_000472985.1	current	GCF_000472985.1	REFSEQ	current	current_refseq_preferred	Bradyrhizobium japonicum USDA 6	1037409	USDA 6	Scaffold	9131141	63.5	89	305135	0.605068	0.0	retain_candidate	primary_contiguity_candidate	synteny_candidate	pending	pending	
CANON_00057	GCF_000473005.1	GCA_000473005.1	paired		GCF_000473005.1	suppressed	GCA_000473005.1	GENBANK	current	fallback_current_genbank	Bradyrhizobium elkanii USDA 3259	1079466	USDA 3259	Scaffold	8722461	64	102	245986	0.285144	0.6745	retain_candidate	primary_contiguity_candidate	synteny_candidate	pending	pending	suppressed_or_unavailable_refseq_fallback
CANON_00058	GCF_000473025.1	GCA_000473025.1	paired		GCF_000473025.1	current	GCF_000473025.1	REFSEQ	current	current_refseq_preferred	Bradyrhizobium diazoefficiens	1355477	USDA 122	Scaffold	8976980	64	103	323993	0.484387	0.6745	retain_candidate	primary_contiguity_candidate	synteny_candidate	pending	pending	
CANON_00059	GCF_000473045.1	GCA_000473045.1	paired		GCF_000473045.1	current	GCF_000473045.1	REFSEQ	current	current_refseq_preferred	Bradyrhizobium sp. WSM3983	1038867	WSM3983	Scaffold	8789602	63	73	243235	0.337703	-0.6745	retain_candidate	primary_contiguity_candidate	synteny_candidate	pending	pending	
CANON_00060	GCF_000473065.1	GCA_000473065.1	paired		GCF_000473065.1	current	GCF_000473065.1	REFSEQ	current	current_refseq_preferred	Bradyrhizobium sp. WSM1743	318996	WSM1743	Scaffold	8341956	63.5	168	87873	-0.012725	0.0	retain_candidate	primary_contiguity_candidate	synteny_candidate	pending	pending	
CANON_00061	GCF_000473125.1	GCA_000473125.1	paired		GCF_000473125.1	current	GCF_000473125.1	REFSEQ	current	current_refseq_preferred	Bradyrhizobium genosp. SA-4 str. CB756	936455	CB756	Scaffold	9826880	63.5	11	1566987	1.149709	0.0	retain_candidate	primary_contiguity_candidate	synteny_candidate	pending	pending	
CANON_00062	GCF_000482425.1	GCA_000482425.1	paired		GCF_000482425.1	current	GCF_000482425.1	REFSEQ	current	current_refseq_preferred	Bradyrhizobium sp. 22	1304877	22	Scaffold	7504559	64.5	30	385797	-0.668259	1.349	retain_candidate	primary_contiguity_candidate	synteny_candidate	pending	pending	
CANON_00063	GCF_000482525.1	GCA_000482525.1	paired		GCF_000482525.1	current	GCF_000482525.1	REFSEQ	current	current_refseq_preferred	Bradyrhizobium japonicum USDA 123	936135	USDA 123	Scaffold	10457665	63.5	518	55934	1.643503	0.0	retain_candidate	secondary_fragmented	presence_absence_only	pending	pending	pangenome_fragmented;synteny_fragmented
CANON_00064	GCF_000485255.1	GCA_000485255.1	paired		GCF_000485255.1	suppressed	GCA_000485255.1	GENBANK	current	fallback_current_genbank	Bradyrhizobium sp. JGI 0001019-J21	1268345	JGI 0001019-J21	Contig	1191681	62.5	106	20225	-5.610132	-1.349	manual_review	primary_contiguity_candidate	presence_absence_only	pending	pending	genome_size_outlier;suppressed_or_unavailable_refseq_fallback;synteny_fragmented
CANON_00065	GCF_000485335.1	GCA_000485335.1	paired		GCF_000485335.1	suppressed	GCA_000485335.1	GENBANK	current	fallback_current_genbank	Bradyrhizobium sp. JGI 0001019-M21	1268334	JGI 0001019-M21	Contig	236340	58	41	8965	-6.357996	-7.4195	manual_review	secondary_fragmented	presence_absence_only	pending	pending	gc_percent_outlier;genome_size_outlier;pangenome_fragmented;suppressed_or_unavailable_refseq_fallback;synteny_fragmented
CANON_00066	GCF_000497675.1	GCA_000497675.1	paired		GCF_000497675.1	current	GCF_000497675.1	REFSEQ	current	current_refseq_preferred	Bradyrhizobium sp. OHSU_III	1297865	OHSU_III	Contig	7935543	64.5	82	329545	-0.330875	1.349	retain_candidate	primary_contiguity_candidate	synteny_candidate	pending	pending	
CANON_00067	GCF_000515415.1	GCA_000515415.1	paired		GCF_000515415.1	current	GCF_000515415.1	REFSEQ	current	current_refseq_preferred	Bradyrhizobium sp. WSM1417	754500	WSM1417	Scaffold	8048963	63	3	4089339	-0.242087	-0.6745	retain_candidate	primary_contiguity_candidate	synteny_candidate	pending	pending	
CANON_00068	GCF_000518345.1	GCA_000518345.1	paired		GCF_000518345.1	current	GCF_000518345.1	REFSEQ	current	current_refseq_preferred	Bradyrhizobium sp. URHA0013	1380352	URHA0013	Scaffold	7193102	64	25	1039865	-0.912075	0.6745	retain_candidate	primary_contiguity_candidate	synteny_candidate	pending	pending	
CANON_00069	GCF_000519225.1	GCA_000519225.1	paired		GCF_000519225.1	current	GCF_000519225.1	REFSEQ	current	current_refseq_preferred	Bradyrhizobium elkanii USDA 94	398524	USDA 94	Scaffold	9558895	63.5	174	138573	0.939924	0.0	retain_candidate	primary_contiguity_candidate	synteny_candidate	pending	pending	
CANON_00070	GCF_000617845.2	GCA_000617845.2	paired		GCF_000617845.2	current	GCF_000617845.2	REFSEQ	current	current_refseq_preferred	Bradyrhizobium sp. DOA9	1126627	DOA9	Scaffold	7850549	64.5	6	1899724	-0.39741	1.349	retain_candidate	primary_contiguity_candidate	synteny_candidate	pending	pending	
CANON_00071	GCF_000648595.1	GCA_000648595.2	paired		GCF_000648595.1	current	GCF_000648595.1	REFSEQ	current	current_refseq_preferred	Bradyrhizobium diazoefficiens SEMIA 5080	754504	SEMIA 5080	Contig	9085533	64	13	1854659	0.569365	0.6745	retain_candidate	primary_contiguity_candidate	synteny_candidate	pending	pending	
CANON_00072	GCF_000661935.1	GCA_000661935.1	paired		GCF_000661935.1	current	GCF_000661935.1	REFSEQ	current	current_refseq_preferred	Bradyrhizobium japonicum SEMIA 5079	476282	SEMIA 5079	Chromosome	9583027	63.5	10	1921582	0.958815	0.0	retain_candidate	primary_contiguity_candidate	synteny_candidate	pending	pending	
CANON_00073	GCF_000701345.1	GCA_000701345.1	paired		GCF_000701345.1	current	GCF_000701345.1	REFSEQ	current	current_refseq_preferred	Bradyrhizobium sp. URHD0069	1380355	URHD0069	Scaffold	6793945	60.5	132	128124	-1.224545	-4.047	manual_review	primary_contiguity_candidate	synteny_candidate	pending	pending	gc_percent_outlier
CANON_00074	GCF_000773865.1	GCA_000773865.1	paired		GCF_000773865.1	current	GCF_000773865.1	REFSEQ	current	current_refseq_preferred	Bradyrhizobium japonicum	375	Is-34	Scaffold	10326597	63	260	472902	1.5409	-0.6745	retain_candidate	primary_contiguity_candidate	presence_absence_only	pending	pending	synteny_fragmented
CANON_00075	GCF_000807315.1	GCA_000807315.1	paired		GCF_000807315.1	current	GCF_000807315.1	REFSEQ	current	current_refseq_preferred	Bradyrhizobium japonicum	375	E109	Complete Genome	9224208	63.5	1	9224208	0.677923	0.0	retain_candidate	primary_contiguity_candidate	synteny_candidate	pending	pending	
CANON_00076	GCF_000878305.1	GCA_000878305.1	paired		GCF_000878305.1	current	GCF_000878305.1	REFSEQ	current	current_refseq_preferred	Bradyrhizobium elkanii	29448	UASWS1015	Contig	7820754	64.5	187	315183	-0.420734	1.349	retain_candidate	primary_contiguity_candidate	synteny_candidate	pending	pending	
CANON_00077	GCF_000938235.1	GCA_000938235.1	paired		GCF_000938235.1	current	GCF_000938235.1	REFSEQ	current	current_refseq_preferred	Bradyrhizobium sp. LTSPM299	1619233	LTSPM299	Scaffold	9094432	63	104	201877	0.576332	-0.6745	retain_candidate	primary_contiguity_candidate	synteny_candidate	pending	pending	
CANON_00078	GCF_000938255.1	GCA_000938255.1	paired		GCF_000938255.1	current	GCF_000938255.1	REFSEQ	current	current_refseq_preferred	Bradyrhizobium sp. LTSP849	1615890	LTSP849	Scaffold	8570160	63	63	339149	0.165919	-0.6745	retain_candidate	primary_contiguity_candidate	synteny_candidate	pending	pending	
CANON_00079	GCF_000938285.1	GCA_000938285.1	paired		GCF_000938285.1	current	GCF_000938285.1	REFSEQ	current	current_refseq_preferred	Bradyrhizobium sp. LTSP857	1619231	LTSP857	Scaffold	8426077	63.5	66	278582	0.053127	0.0	retain_candidate	primary_contiguity_candidate	synteny_candidate	pending	pending	
CANON_00080	GCF_000938305.1	GCA_000938305.1	paired		GCF_000938305.1	current	GCF_000938305.1	REFSEQ	current	current_refseq_preferred	Bradyrhizobium sp. LTSP885	1619232	LTSP885	Scaffold	7851216	63.5	60	213622	-0.396888	0.0	retain_candidate	primary_contiguity_candidate	synteny_candidate	pending	pending	
CANON_00081	GCF_001038185.1	GCA_001038185.1	paired		GCF_001038185.1	current	GCF_001038185.1	REFSEQ	current	current_refseq_preferred	Bradyrhizobium japonicum	375	FN1	Scaffold	9138496	63.5	101	266672	0.610826	0.0	retain_candidate	primary_contiguity_candidate	synteny_candidate	pending	pending	
CANON_00082	GCF_001189235.2	GCA_001189235.2	paired		GCF_001189235.2	current	GCF_001189235.2	REFSEQ	current	current_refseq_preferred	Bradyrhizobium embrapense	630921	SEMIA 6208	Contig	8267832	64	36	809967	-0.070751	0.6745	retain_candidate	primary_contiguity_candidate	synteny_candidate	pending	pending	
CANON_00083	GCF_001189245.1	GCA_001189245.1	paired		GCF_001189245.1	current	GCF_001189245.1	REFSEQ	current	current_refseq_preferred	Bradyrhizobium pachyrhizi	280333	PAC 48	Scaffold	8711973	64	648	26465	0.276933	0.6745	retain_candidate	secondary_fragmented	presence_absence_only	pending	pending	pangenome_fragmented;synteny_fragmented
CANON_00084	GCF_001189845.1	GCA_001189845.1	paired		GCF_001189845.1	current	GCF_001189845.1	REFSEQ	current	current_refseq_preferred	Bradyrhizobium tropiciagri	312253	SEMIA 6148	Contig	9767314	63.5	189	111450	1.10308	0.0	retain_candidate	primary_contiguity_candidate	synteny_candidate	pending	pending	
CANON_00085	GCF_001238275.1	GCA_001238275.1	paired		GCF_001238275.1	current	GCF_001238275.1	REFSEQ	current	current_refseq_preferred	Bradyrhizobium viridifuturi	1654716	SEMIA 690	Contig	8811922	64	152	138766	0.355176	0.6745	retain_candidate	primary_contiguity_candidate	synteny_candidate	pending	pending	
CANON_00086	GCF_001280585.1	GCA_001280585.1	paired		GCF_001280585.1	current	GCF_001280585.1	REFSEQ	current	current_refseq_preferred	Bradyrhizobium diazoefficiens	1355477	Is-1	Scaffold	8983878	64	107	358317	0.489787	0.6745	retain_candidate	primary_contiguity_candidate	synteny_candidate	pending	pending	
CANON_00087		GCA_001312945.1	unpaired		GCA_001312945.1	current	GCA_001312945.1	GENBANK	current	current_genbank_singleton	Bradyrhizobium sp. 17-4	1215384	JCM 18382	Contig	7106372	64	2463	4378	-0.97997	0.6745	retain_candidate	secondary_fragmented	presence_absence_only	pending	pending	pangenome_fragmented;synteny_fragmented
CANON_00088	GCF_001424605.1	GCA_001424605.1	paired		GCF_001424605.1	current	GCF_001424605.1	REFSEQ	current	current_refseq_preferred	Bradyrhizobium sp. Leaf396	1736363	Leaf396	Scaffold	7709278	64	67	302212	-0.508	0.6745	retain_candidate	primary_contiguity_candidate	synteny_candidate	pending	pending	
CANON_00089	GCF_001439885.1	GCA_001439885.1	paired		GCF_001439885.1	current	GCF_001439885.1	REFSEQ	current	current_refseq_preferred	Bradyrhizobium yuanmingense	108015	BR3267	Scaffold	7904309	64	167	102683	-0.355325	0.6745	retain_candidate	primary_contiguity_candidate	synteny_candidate	pending	pending	
CANON_00090	GCF_001440015.1	GCA_001440015.1	paired		GCF_001440015.1	current	GCF_001440015.1	REFSEQ	current	current_refseq_preferred	Bradyrhizobium pachyrhizi	280333	BR3262	Scaffold	8965178	64	333	56572	0.475148	0.6745	retain_candidate	primary_contiguity_candidate	presence_absence_only	pending	pending	synteny_fragmented
CANON_00091	GCF_001440035.1	GCA_001440035.1	paired		GCF_001440035.1	current	GCF_001440035.1	REFSEQ	current	current_refseq_preferred	Bradyrhizobium manausense	989370	BR 3351	Scaffold	9145311	63	371	45300	0.616161	-0.6745	retain_candidate	primary_contiguity_candidate	presence_absence_only	pending	pending	synteny_fragmented
CANON_00092	GCF_001440385.1	GCA_001440385.1	paired		GCF_001440385.1	current	GCF_001440385.1	REFSEQ	current	current_refseq_preferred	Bradyrhizobium valentinum	1518501	LmjM6	Contig	9146476	62	242	104988	0.617073	-2.0235	retain_candidate	primary_contiguity_candidate	presence_absence_only	pending	pending	synteny_fragmented
CANON_00093	GCF_001440395.1	GCA_001440395.1	paired		GCF_001440395.1	current	GCF_001440395.1	REFSEQ	current	current_refseq_preferred	Bradyrhizobium jicamae	280332	PAC68	Scaffold	8738846	62.5	456	53842	0.29797	-1.349	retain_candidate	primary_contiguity_candidate	presence_absence_only	pending	pending	synteny_fragmented
CANON_00094	GCF_001440405.1	GCA_001440405.1	paired		GCF_001440405.1	current	GCF_001440405.1	REFSEQ	current	current_refseq_preferred	Bradyrhizobium valentinum	1518501	LmjM3	Scaffold	8845258	62	430	41989	0.381272	-2.0235	retain_candidate	primary_contiguity_candidate	presence_absence_only	pending	pending	synteny_fragmented
CANON_00095	GCF_001440415.1	GCA_001440415.1	paired		GCF_001440415.1	current	GCF_001440415.1	REFSEQ	current	current_refseq_preferred	Bradyrhizobium retamae	1300035	Ro19	Contig	8466225	62	235	131222	0.084556	-2.0235	retain_candidate	primary_contiguity_candidate	presence_absence_only	pending	pending	synteny_fragmented
CANON_00096	GCF_001440475.1	GCA_001440475.1	paired		GCF_001440475.1	current	GCF_001440475.1	REFSEQ	current	current_refseq_preferred	Bradyrhizobium lablabi	722472	CCBAU 23086	Scaffold	8817291	62.5	366	63513	0.359379	-1.349	retain_candidate	primary_contiguity_candidate	presence_absence_only	pending	pending	synteny_fragmented
CANON_00097	GCF_001542415.1	GCA_001542415.1	paired		GCF_001542415.1	current	GCF_001542415.1	REFSEQ	current	current_refseq_preferred	Bradyrhizobium macuxiense	1755647	BR 10303	Scaffold	8722143	63	280	54444	0.284895	-0.6745	retain_candidate	primary_contiguity_candidate	presence_absence_only	pending	pending	synteny_fragmented
CANON_00098	GCF_001549695.1	GCA_001549695.1	paired		GCF_001549695.1	suppressed	GCA_001549695.1	GENBANK	current	fallback_current_genbank	Bradyrhizobium diazoefficiens	1355477	NK6	Complete Genome	10475157	63.5	5	9780023	1.657196	0.0	retain_candidate	primary_contiguity_candidate	synteny_candidate	pending	pending	suppressed_or_unavailable_refseq_fallback
CANON_00099	GCF_001556045.1	GCA_001556045.1	paired		GCF_001556045.1	current	GCF_001556045.1	REFSEQ	current	current_refseq_preferred	Bradyrhizobium sp. CCH5-F6	1768753	CCH5-F6	Contig	8163151	64	222	75002	-0.152698	0.6745	retain_candidate	primary_contiguity_candidate	presence_absence_only	pending	pending	synteny_fragmented
CANON_00100	GCF_001556245.1	GCA_001556245.1	paired		GCF_001556245.1	suppressed	GCA_001556245.1	GENBANK	current	fallback_current_genbank	Bradyrhizobium sp. CCH4-A6	1768759	CCH4-A6	Contig	5299950	61	249	55361	-2.39408	-3.3725	retain_candidate	primary_contiguity_candidate	presence_absence_only	pending	pending	suppressed_or_unavailable_refseq_fallback;synteny_fragmented
CANON_00101	GCF_001556255.1	GCA_001556255.1	paired		GCF_001556255.1	suppressed	GCA_001556255.1	GENBANK	current	fallback_current_genbank	Bradyrhizobium sp. CCH10-C7	1768760	CCH10-C7	Contig	5592688	60.5	366	43895	-2.164918	-4.047	manual_review	primary_contiguity_candidate	presence_absence_only	pending	pending	gc_percent_outlier;suppressed_or_unavailable_refseq_fallback;synteny_fragmented
CANON_00102	GCF_001556485.1	GCA_001556485.1	paired		GCF_001556485.1	suppressed	GCA_001556485.1	GENBANK	current	fallback_current_genbank	Bradyrhizobium sp. CCH1-B1	1768766	CCH1-B1	Contig	4299406	68	243	47648	-3.17733	6.0705	manual_review	primary_contiguity_candidate	presence_absence_only	pending	pending	gc_percent_outlier;suppressed_or_unavailable_refseq_fallback;synteny_fragmented
CANON_00103	GCF_001556725.1	GCA_001556725.1	paired		GCF_001556725.1	suppressed	GCA_001556725.1	GENBANK	current	fallback_current_genbank	Bradyrhizobium sp. CCH5-A9	1768775	CCH5-A9	Contig	4713629	67.5	295	43647	-2.853066	5.396	manual_review	primary_contiguity_candidate	presence_absence_only	pending	pending	gc_percent_outlier;suppressed_or_unavailable_refseq_fallback;synteny_fragmented
CANON_00104	GCF_001590795.1	GCA_001590795.1	paired		GCF_001590795.1	current	GCF_001590795.1	REFSEQ	current	current_refseq_preferred	Bradyrhizobium sp. AT1	574934	AT1	Scaffold	7534837	64.5	267	51025	-0.644557	1.349	retain_candidate	primary_contiguity_candidate	presence_absence_only	pending	pending	synteny_fragmented
CANON_00105	GCF_001593325.1	GCA_001593325.1	paired		GCF_001593325.1	current	GCF_001593325.1	REFSEQ	current	current_refseq_preferred	Bradyrhizobium sp. DOA1	1126616	DOA1	Scaffold	7543105	64	204	67460	-0.638085	0.6745	retain_candidate	primary_contiguity_candidate	presence_absence_only	pending	pending	synteny_fragmented
CANON_00106	GCF_001595995.1	GCA_001595995.1	paired		GCF_001595995.1	suppressed	GCA_001595995.1	GENBANK	current	fallback_current_genbank	Bradyrhizobium liaoningense	43992	CCNWSX0360	Contig	8590559	63.5	242	188836	0.181888	0.0	retain_candidate	primary_contiguity_candidate	presence_absence_only	pending	pending	suppressed_or_unavailable_refseq_fallback;synteny_fragmented
CANON_00107	GCF_001641335.1	GCA_001641335.1	paired		GCF_001641335.1	current	GCF_001641335.1	REFSEQ	current	current_refseq_preferred	Bradyrhizobium stylosanthis	1803665	BR 446	Contig	8801717	64.5	22	1501053	0.347187	1.349	retain_candidate	primary_contiguity_candidate	synteny_candidate	pending	pending	
CANON_00108	GCF_001641635.1	GCA_001641635.1	paired		GCF_001641635.1	current	GCF_001641635.1	REFSEQ	current	current_refseq_preferred	Bradyrhizobium centrolobii	1505087	BR 10245	Scaffold	10111113	63	215	83109	1.372214	-0.6745	retain_candidate	primary_contiguity_candidate	presence_absence_only	pending	pending	synteny_fragmented
CANON_00109	GCF_001641695.1	GCA_001641695.1	paired		GCF_001641695.1	current	GCF_001641695.1	REFSEQ	current	current_refseq_preferred	Bradyrhizobium neotropicale	1497615	BR 10247	Scaffold	8679329	63.5	189	86815	0.251379	0.0	retain_candidate	primary_contiguity_candidate	synteny_candidate	pending	pending	
CANON_00110	GCF_001642675.1	GCA_001642675.1	paired		GCF_001642675.1	current	GCF_001642675.1	REFSEQ	current	current_refseq_preferred	Bradyrhizobium diazoefficiens USDA 110	224911	USDA 110	Complete Genome	9106064	64	1	9106064	0.585437	0.6745	retain_candidate	primary_contiguity_candidate	synteny_candidate	pending	pending	
CANON_00111	GCF_001693385.1	GCA_001693385.1	paired		GCF_001693385.1	current	GCF_001693385.1	REFSEQ	current	current_refseq_preferred	Bradyrhizobium icense	1274631	LMTR 13	Complete Genome	8322773	62	1	8322773	-0.027742	-2.0235	retain_candidate	primary_contiguity_candidate	synteny_candidate	pending	pending	
CANON_00112	GCF_001693485.1	GCA_001693485.1	paired		GCF_001693485.1	current	GCF_001693485.1	REFSEQ	current	current_refseq_preferred	Bradyrhizobium sp. LMTR 3	189873	LMTR 3	Contig	7834745	62.5	55	423838	-0.409782	-1.349	retain_candidate	primary_contiguity_candidate	synteny_candidate	pending	pending	
CANON_00113	GCF_001693515.2	GCA_001693515.2	paired		GCF_001693515.2	current	GCF_001693515.2	REFSEQ	current	current_refseq_preferred	Bradyrhizobium paxllaeri	190148	LMTR 21	Complete Genome	8377719	62.5	1	8377719	0.015271	-1.349	retain_candidate	primary_contiguity_candidate	synteny_candidate	pending	pending	
CANON_00114	GCF_001705105.1	GCA_001705105.1	paired		GCF_001705105.1	current	GCF_001705105.1	REFSEQ	current	current_refseq_preferred	Bradyrhizobium sp. UASWS1016	1566379	UASWS1016	Contig	7960052	64.5	59	386652	-0.311688	1.349	retain_candidate	primary_contiguity_candidate	synteny_candidate	pending	pending	
CANON_00115	GCF_001718185.1	GCA_001718185.1	paired		GCF_001718185.1	current	GCF_001718185.1	REFSEQ	current	current_refseq_preferred	Bradyrhizobium elkanii	29448	BLY6-1	Scaffold	9202572	64	82	363283	0.660986	0.6745	retain_candidate	primary_contiguity_candidate	synteny_candidate	pending	pending	
CANON_00116	GCF_001718205.1	GCA_001718205.1	paired		GCF_001718205.1	current	GCF_001718205.1	REFSEQ	current	current_refseq_preferred	Bradyrhizobium elkanii	29448	BLY3-8	Scaffold	9198916	64	92	302740	0.658124	0.6745	retain_candidate	primary_contiguity_candidate	synteny_candidate	pending	pending	
CANON_00117	GCF_001868735.1	GCA_001868735.1	paired		GCF_001868735.1	suppressed	GCA_001868735.1	GENBANK	current	fallback_current_genbank	Bradyrhizobium elkanii	29448	TnphoA 33	Scaffold	9529806	63.5	1004	21612	0.917153	0.0	retain_candidate	secondary_fragmented	presence_absence_only	pending	pending	pangenome_fragmented;suppressed_or_unavailable_refseq_fallback;synteny_fragmented
CANON_00118	GCF_001887695.1	GCA_001887695.1	paired		GCF_001887695.1	current	GCF_001887695.1	REFSEQ	current	current_refseq_preferred	Bradyrhizobium japonicum	375	J5	Complete Genome	10138651	63.5	1	10138651	1.393771	0.0	retain_candidate	primary_contiguity_candidate	synteny_candidate	pending	pending	
CANON_00119	GCF_001908185.1	GCA_001908185.1	paired		GCF_001908185.1	current	GCF_001908185.1	REFSEQ	current	current_refseq_preferred	Bradyrhizobium sp. AS23.2	1680155	AS23.2	Contig	8705449	63	430	46417	0.271826	-0.6745	retain_candidate	primary_contiguity_candidate	presence_absence_only	pending	pending	synteny_fragmented
CANON_00120	GCF_001908205.1	GCA_001908205.1	paired		GCF_001908205.1	current	GCF_001908205.1	REFSEQ	current	current_refseq_preferred	Bradyrhizobium sp. NAS80.1	1680159	NAS80.1	Contig	9235468	63	533	43609	0.686738	-0.6745	retain_candidate	secondary_fragmented	presence_absence_only	pending	pending	pangenome_fragmented;synteny_fragmented
CANON_00121	GCF_001908235.1	GCA_001908235.1	paired		GCF_001908235.1	current	GCF_001908235.1	REFSEQ	current	current_refseq_preferred	Bradyrhizobium sp. NAS96.2	1680160	NAS96.2	Contig	8927485	64	450	40586	0.445641	0.6745	retain_candidate	primary_contiguity_candidate	presence_absence_only	pending	pending	synteny_fragmented
CANON_00122	GCF_001908315.1	GCA_001908315.1	paired		GCF_001908315.1	current	GCF_001908315.1	REFSEQ	current	current_refseq_preferred	Bradyrhizobium diazoefficiens	1355477	USDA 122	Complete Genome	9136536	64	1	9136536	0.609292	0.6745	retain_candidate	primary_contiguity_candidate	synteny_candidate	pending	pending	
CANON_00123	GCF_001969825.1	GCA_001969825.1	paired		GCF_001969825.1	current	GCF_001969825.1	REFSEQ	current	current_refseq_preferred	Bradyrhizobium brasilense	1419277	UFLA03-321	Contig	8595048	64	94	188493	0.185402	0.6745	retain_candidate	primary_contiguity_candidate	synteny_candidate	pending	pending	
CANON_00124	GCF_001982635.1	GCA_001982635.1	paired		GCF_001982635.1	current	GCF_001982635.1	REFSEQ	current	current_refseq_preferred	Bradyrhizobium mercantei	1904807	SEMIA 6399	Contig	8842857	64	72	1006110	0.379393	0.6745	retain_candidate	primary_contiguity_candidate	synteny_candidate	pending	pending	
CANON_00125	GCF_002068095.1	GCA_002068095.1	paired		GCF_002068095.1	current	GCF_002068095.1	REFSEQ	current	current_refseq_preferred	Bradyrhizobium sacchari	1399419	p9-20	Scaffold	8698798	64	318	51786	0.26662	0.6745	retain_candidate	primary_contiguity_candidate	presence_absence_only	pending	pending	synteny_fragmented
CANON_00126	GCF_002108675.1	GCA_002108675.1	paired		GCF_002108675.1	current	GCF_002108675.1	REFSEQ	current	current_refseq_preferred	Bradyrhizobium canariense	255045	UBMA050	Contig	8299015	63	188	270609	-0.04634	-0.6745	retain_candidate	primary_contiguity_candidate	synteny_candidate	pending	pending	
CANON_00127	GCF_002108695.1	GCA_002108695.1	paired		GCF_002108695.1	current	GCF_002108695.1	REFSEQ	current	current_refseq_preferred	Bradyrhizobium canariense	255045	UBMA051	Contig	8273379	63	173	146548	-0.066409	-0.6745	retain_candidate	primary_contiguity_candidate	synteny_candidate	pending	pending	
CANON_00128	GCF_002108725.1	GCA_002108725.1	paired		GCF_002108725.1	current	GCF_002108725.1	REFSEQ	current	current_refseq_preferred	Bradyrhizobium canariense	255045	UBMA060	Contig	8291234	63	204	202032	-0.052431	-0.6745	retain_candidate	primary_contiguity_candidate	presence_absence_only	pending	pending	synteny_fragmented
CANON_00129	GCF_002108745.1	GCA_002108745.1	paired		GCF_002108745.1	current	GCF_002108745.1	REFSEQ	current	current_refseq_preferred	Bradyrhizobium canariense	255045	UBMA052	Contig	8294491	63	182	140764	-0.049882	-0.6745	retain_candidate	primary_contiguity_candidate	synteny_candidate	pending	pending	
CANON_00130	GCF_002108755.1	GCA_002108755.1	paired		GCF_002108755.1	current	GCF_002108755.1	REFSEQ	current	current_refseq_preferred	Bradyrhizobium canariense	255045	UBMA061	Contig	8267021	63	196	102328	-0.071386	-0.6745	retain_candidate	primary_contiguity_candidate	synteny_candidate	pending	pending	
CANON_00131	GCF_002108775.1	GCA_002108775.1	paired		GCF_002108775.1	current	GCF_002108775.1	REFSEQ	current	current_refseq_preferred	Bradyrhizobium canariense	255045	UBMA195	Contig	8274608	63	190	171855	-0.065446	-0.6745	retain_candidate	primary_contiguity_candidate	synteny_candidate	pending	pending	
CANON_00132	GCF_002108805.1	GCA_002108805.1	paired		GCF_002108805.1	current	GCF_002108805.1	REFSEQ	current	current_refseq_preferred	Bradyrhizobium canariense	255045	UBMAN05	Contig	8376411	63	178	168481	0.014247	-0.6745	retain_candidate	primary_contiguity_candidate	synteny_candidate	pending	pending	
CANON_00133	GCF_002108825.1	GCA_002108825.1	paired		GCF_002108825.1	current	GCF_002108825.1	REFSEQ	current	current_refseq_preferred	Bradyrhizobium canariense	255045	UBMA122	Contig	8214782	63	177	199090	-0.11228	-0.6745	retain_candidate	primary_contiguity_candidate	synteny_candidate	pending	pending	
CANON_00134	GCF_002108845.1	GCA_002108845.1	paired		GCF_002108845.1	current	GCF_002108845.1	REFSEQ	current	current_refseq_preferred	Bradyrhizobium canariense	255045	UBMA182	Contig	8216640	63	114	152760	-0.110825	-0.6745	retain_candidate	primary_contiguity_candidate	synteny_candidate	pending	pending	
CANON_00135	GCF_002108865.1	GCA_002108865.1	paired		GCF_002108865.1	current	GCF_002108865.1	REFSEQ	current	current_refseq_preferred	Bradyrhizobium canariense	255045	UBMA192	Contig	8287509	63	180	239857	-0.055347	-0.6745	retain_candidate	primary_contiguity_candidate	synteny_candidate	pending	pending	
CANON_00136	GCF_002108875.1	GCA_002108875.1	paired		GCF_002108875.1	current	GCF_002108875.1	REFSEQ	current	current_refseq_preferred	Bradyrhizobium canariense	255045	UBMA183	Contig	8288770	63	183	201886	-0.05436	-0.6745	retain_candidate	primary_contiguity_candidate	synteny_candidate	pending	pending	
CANON_00137	GCF_002108905.1	GCA_002108905.1	paired		GCF_002108905.1	current	GCF_002108905.1	REFSEQ	current	current_refseq_preferred	Bradyrhizobium canariense	255045	UBMA510	Contig	8367860	63	159	188349	0.007553	-0.6745	retain_candidate	primary_contiguity_candidate	synteny_candidate	pending	pending	
CANON_00138	GCF_002108935.1	GCA_002108935.1	paired		GCF_002108935.1	current	GCF_002108935.1	REFSEQ	current	current_refseq_preferred	Bradyrhizobium japonicum	375	UBMA197	Contig	10442239	63.5	287	131757	1.631427	0.0	retain_candidate	primary_contiguity_candidate	presence_absence_only	pending	pending	synteny_fragmented
CANON_00139	GCF_002108965.1	GCA_002108965.1	paired		GCF_002108965.1	current	GCF_002108965.1	REFSEQ	current	current_refseq_preferred	Bradyrhizobium canariense	255045	UBMA181	Contig	8299676	63	227	202394	-0.045823	-0.6745	retain_candidate	primary_contiguity_candidate	presence_absence_only	pending	pending	synteny_fragmented
CANON_00140	GCF_002108995.1	GCA_002108995.1	paired		GCF_002108995.1	current	GCF_002108995.1	REFSEQ	current	current_refseq_preferred	Bradyrhizobium canariense	255045	UBMA171	Contig	8279565	63	195	201886	-0.061566	-0.6745	retain_candidate	primary_contiguity_candidate	synteny_candidate	pending	pending	
CANON_00141	GCF_002128415.1	GCA_002128415.1	paired		GCF_002128415.1	current	GCF_002128415.1	REFSEQ	current	current_refseq_preferred	Bradyrhizobium guangdongense	1325090	XS1150	Scaffold	7624764	64	1834	7613	-0.57416	0.6745	retain_candidate	secondary_fragmented	presence_absence_only	pending	pending	pangenome_fragmented;synteny_fragmented
CANON_00142		GCA_002256335.1	unpaired		GCA_002256335.1	current	GCA_002256335.1	GENBANK	current	current_genbank_singleton	Bradyrhizobium sp. PARBB1	2015559		Scaffold	7722922	64.5	258	70944	-0.49732	1.349	retain_candidate	primary_contiguity_candidate	presence_absence_only	pending	pending	synteny_fragmented
CANON_00143	GCF_002266435.3	GCA_002266435.3	paired		GCF_002266435.3	current	GCF_002266435.3	REFSEQ	current	current_refseq_preferred	Bradyrhizobium amphicarpaeae	1404768	39S1MB	Complete Genome	7025930	64.5	1	7025930	-1.042942	1.349	retain_candidate	primary_contiguity_candidate	synteny_candidate	pending	pending	
CANON_00144	GCF_002266465.3	GCA_002266465.3	paired		GCF_002266465.3	current	GCF_002266465.3	REFSEQ	current	current_refseq_preferred	Bradyrhizobium symbiodeficiens	1404367	85S1MB	Complete Genome	7025104	64.5	1	7025104	-1.043588	1.349	retain_candidate	primary_contiguity_candidate	synteny_candidate	pending	pending	
CANON_00145	GCF_002278135.3	GCA_002278135.3	paired		GCF_002278135.3	current	GCF_002278135.3	REFSEQ	current	current_refseq_preferred	Bradyrhizobium ottawaense	931866	OO99	Complete Genome	8589152	64	1	8589152	0.180786	0.6745	retain_candidate	primary_contiguity_candidate	synteny_candidate	pending	pending	
CANON_00146		GCA_002280915.1	unpaired		GCA_002280915.1	current	GCA_002280915.1	GENBANK	current	current_genbank_singleton	Bradyrhizobium sp. 35-63-5	1970326		Scaffold	515174	63	289	1811	-6.139718	-0.6745	manual_review	secondary_fragmented	presence_absence_only	pending	pending	genome_size_outlier;pangenome_fragmented;synteny_fragmented
CANON_00147	GCF_002289535.1	GCA_002289535.1	paired		GCF_002289535.1	current	GCF_002289535.1	REFSEQ	current	current_refseq_preferred	Bradyrhizobium sp. UFLA03-84	418599	UFLA03-84	Contig	8628932	64	21	832094	0.211927	0.6745	retain_candidate	primary_contiguity_candidate	synteny_candidate	pending	pending	
CANON_00148	GCF_002341725.1	GCA_002341725.1	paired		GCF_002341725.1	current	GCF_002341725.1	REFSEQ	current	current_refseq_preferred	Bradyrhizobium sp. UBA2491	1946119		Scaffold	7248648	65	227	78808	-0.868593	2.0235	retain_candidate	primary_contiguity_candidate	presence_absence_only	pending	pending	synteny_fragmented
CANON_00149	GCF_002531575.1	GCA_002531575.1	paired		GCF_002531575.1	current	GCF_002531575.1	REFSEQ	current	current_refseq_preferred	Bradyrhizobium sp. Y36	2035447	Y36	Contig	7327521	65	56	217818	-0.806849	2.0235	retain_candidate	primary_contiguity_candidate	synteny_candidate	pending	pending	
CANON_00150	GCF_002531995.1	GCA_002531995.1	paired		GCF_002531995.1	current	GCF_002531995.1	REFSEQ	current	current_refseq_preferred	Bradyrhizobium diazoefficiens	1355477	Y21	Contig	8941773	64	132	367887	0.456826	0.6745	retain_candidate	primary_contiguity_candidate	synteny_candidate	pending	pending	
CANON_00151	GCF_002532025.1	GCA_002532025.1	paired		GCF_002532025.1	current	GCF_002532025.1	REFSEQ	current	current_refseq_preferred	Bradyrhizobium ottawaense	931866	L2	Contig	8797357	63.5	167	251037	0.343774	0.0	retain_candidate	primary_contiguity_candidate	synteny_candidate	pending	pending	
CANON_00152	GCF_002532045.1	GCA_002532045.1	paired		GCF_002532045.1	current	GCF_002532045.1	REFSEQ	current	current_refseq_preferred	Bradyrhizobium sp. C9	142585	C9	Contig	8428389	64	75	325395	0.054937	0.6745	retain_candidate	primary_contiguity_candidate	synteny_candidate	pending	pending	
CANON_00153	GCF_002776695.1	GCA_002776695.1	paired		GCF_002776695.1	current	GCF_002776695.1	REFSEQ	current	current_refseq_preferred	Bradyrhizobium nitroreducens	709803	TSA1	Scaffold	8199267	64.5	156	185726	-0.124425	1.349	retain_candidate	primary_contiguity_candidate	synteny_candidate	pending	pending	
CANON_00154	GCF_002795245.1	GCA_002795245.1	paired		GCF_002795245.1	current	GCF_002795245.1	REFSEQ	current	current_refseq_preferred	Bradyrhizobium forestalis	1419263	INPA54B	Scaffold	8252029	64	189	151517	-0.083122	0.6745	retain_candidate	primary_contiguity_candidate	synteny_candidate	pending	pending	
CANON_00155	GCF_002831585.1	GCA_002831585.1	paired		GCF_002831585.1	current	GCF_002831585.1	REFSEQ	current	current_refseq_preferred	Bradyrhizobium sp. SK17	2057741	CBNU	Complete Genome	8288568	64.5	2	8003090	-0.054518	1.349	retain_candidate	primary_contiguity_candidate	synteny_candidate	pending	pending	
CANON_00156	GCF_002936975.1	GCA_002936975.1	paired		GCF_002936975.1	current	GCF_002936975.1	REFSEQ	current	current_refseq_preferred	Bradyrhizobium sp. AC87j1	2055894	AC87j1	Contig	8683180	63.5	307	71494	0.254394	0.0	retain_candidate	primary_contiguity_candidate	presence_absence_only	pending	pending	synteny_fragmented
CANON_00157	GCF_003020075.1	GCA_003020075.1	paired		GCF_003020075.1	suppressed	GCA_003020075.1	GENBANK	current	fallback_current_genbank	Bradyrhizobium sp. MOS004	2133945	MOS004	Contig	7574276	64.5	66	289210	-0.613683	1.349	retain_candidate	primary_contiguity_candidate	synteny_candidate	pending	pending	suppressed_or_unavailable_refseq_fallback
CANON_00158	GCF_003020115.1	GCA_003020115.1	paired		GCF_003020115.1	current	GCF_003020115.1	REFSEQ	current	current_refseq_preferred	Bradyrhizobium sp. MOS002	2133947	MOS002	Contig	7575111	63.5	70	452838	-0.61303	0.0	retain_candidate	primary_contiguity_candidate	synteny_candidate	pending	pending	
CANON_00159	GCF_003020125.1	GCA_003020125.1	paired		GCF_003020125.1	current	GCF_003020125.1	REFSEQ	current	current_refseq_preferred	Bradyrhizobium sp. MOS003	2133946	MOS003	Contig	7261081	64	24	864091	-0.85886	0.6745	retain_candidate	primary_contiguity_candidate	synteny_candidate	pending	pending	
CANON_00160		GCA_003062285.1	unpaired		GCA_003062285.1	current	GCA_003062285.1	GENBANK	current	current_genbank_singleton	Bradyrhizobium algeriense	634784	RST89	Scaffold	8824342	62	2911	5891	0.364899	-2.0235	retain_candidate	secondary_fragmented	presence_absence_only	pending	pending	pangenome_fragmented;synteny_fragmented
CANON_00161	GCF_003062295.1	GCA_003062295.1	paired		GCF_003062295.1	current	GCF_003062295.1	REFSEQ	current	current_refseq_preferred	Bradyrhizobium algeriense	634784	RST91	Scaffold	8907982	62	337	242378	0.430374	-2.0235	retain_candidate	primary_contiguity_candidate	presence_absence_only	pending	pending	synteny_fragmented
CANON_00162	GCF_003122645.1	GCA_003122645.1	paired		GCF_003122645.1	current	GCF_003122645.1	REFSEQ	current	current_refseq_preferred	Bradyrhizobium sp. SUTN9-2	1167456	SUTN9-2	Scaffold	8092255	64	222	68679	-0.208197	0.6745	retain_candidate	primary_contiguity_candidate	presence_absence_only	pending	pending	synteny_fragmented
CANON_00163	GCF_003183845.2	GCA_003183845.2	paired		GCF_003183845.2	current	GCF_003183845.2	REFSEQ	current	current_refseq_preferred	Bradyrhizobium diazoefficiens	1355477	XF7	Complete Genome	9270175	64	1	9270175	0.713907	0.6745	retain_candidate	primary_contiguity_candidate	synteny_candidate	pending	pending	
CANON_00164		GCA_003476535.1	unpaired		GCA_003476535.1	current	GCA_003476535.1	GENBANK	current	current_genbank_singleton	Bradyrhizobium sp.	376		Scaffold	7511504	64.5	805	35328	-0.662823	1.349	retain_candidate	secondary_fragmented	presence_absence_only	pending	pending	pangenome_fragmented;synteny_fragmented
CANON_00165		GCA_003476565.1	unpaired		GCA_003476565.1	current	GCA_003476565.1	GENBANK	current	current_genbank_singleton	Bradyrhizobium sp.	376		Scaffold	7082880	64.5	130	131202	-0.99836	1.349	retain_candidate	primary_contiguity_candidate	synteny_candidate	pending	pending	
CANON_00166		GCA_003476985.1	unpaired		GCA_003476985.1	current	GCA_003476985.1	GENBANK	current	current_genbank_singleton	Bradyrhizobium sp.	376		Scaffold	7499980	64.5	496	50365	-0.671844	1.349	retain_candidate	primary_contiguity_candidate	presence_absence_only	pending	pending	synteny_fragmented
CANON_00167		GCA_003512085.1	unpaired		GCA_003512085.1	current	GCA_003512085.1	GENBANK	current	current_genbank_singleton	Bradyrhizobium sp.	376		Scaffold	6854351	64.5	1973	9668	-1.177258	1.349	retain_candidate	secondary_fragmented	presence_absence_only	pending	pending	pangenome_fragmented;synteny_fragmented
CANON_00168	GCF_003837805.1	GCA_003837805.1	paired		GCF_003837805.1	current	GCF_003837805.1	REFSEQ	current	current_refseq_preferred	Bradyrhizobium sp. RP6	2489596	RP6	Contig	7710352	64	85	259863	-0.50716	0.6745	retain_candidate	primary_contiguity_candidate	synteny_candidate	pending	pending	
CANON_00169	GCF_003957705.1	GCA_003957705.1	paired		GCF_003957705.1	current	GCF_003957705.1	REFSEQ	current	current_refseq_preferred	Bradyrhizobium sp. LVM 105	2341115	LVM 105	Scaffold	8326213	64	99	415026	-0.025049	0.6745	retain_candidate	primary_contiguity_candidate	synteny_candidate	pending	pending	
CANON_00170	GCF_004022285.3	GCA_004022285.3	paired		GCF_004022285.3	current	GCF_004022285.3	REFSEQ	current	current_refseq_preferred	Bradyrhizobium yuanmingense	108015	P10 130	Contig	7541929	64	65	442607	-0.639005	0.6745	retain_candidate	primary_contiguity_candidate	synteny_candidate	pending	pending	
CANON_00171	GCF_004114425.1	GCA_004114425.1	paired		GCF_004114425.1	current	GCF_004114425.1	REFSEQ	current	current_refseq_preferred	Bradyrhizobium vignae	1549949	LMG 28791	Scaffold	8175609	63	157	130263	-0.142945	-0.6745	retain_candidate	primary_contiguity_candidate	synteny_candidate	pending	pending	
CANON_00172	GCF_004114435.1	GCA_004114435.1	paired		GCF_004114435.1	current	GCF_004114435.1	REFSEQ	current	current_refseq_preferred	Bradyrhizobium zhanjiangense	1325107	CCBAU 51770	Scaffold	8665214	63	175	124185	0.240329	-0.6745	retain_candidate	primary_contiguity_candidate	synteny_candidate	pending	pending	
CANON_00173	GCF_004114445.1	GCA_004114445.1	paired		GCF_004114445.1	current	GCF_004114445.1	REFSEQ	current	current_refseq_preferred	Bradyrhizobium guangzhouense	1325095	CCBAU 53426	Scaffold	8295279	63.5	108	157015	-0.049265	0.0	retain_candidate	primary_contiguity_candidate	synteny_candidate	pending	pending	
CANON_00174	GCF_004114465.1	GCA_004114465.1	paired		GCF_004114465.1	current	GCF_004114465.1	REFSEQ	current	current_refseq_preferred	Bradyrhizobium zhanjiangense	1325107	CCBAU 51781	Scaffold	8230409	63.5	97	293599	-0.100046	0.0	retain_candidate	primary_contiguity_candidate	synteny_candidate	pending	pending	
CANON_00175	GCF_004114475.1	GCA_004114475.1	paired		GCF_004114475.1	current	GCF_004114475.1	REFSEQ	current	current_refseq_preferred	Bradyrhizobium guangzhouense	1325095	CCBAU 53424	Scaffold	8281579	63.5	101	233452	-0.059989	0.0	retain_candidate	primary_contiguity_candidate	synteny_candidate	pending	pending	
CANON_00176	GCF_004114485.1	GCA_004114485.1	paired		GCF_004114485.1	current	GCF_004114485.1	REFSEQ	current	current_refseq_preferred	Bradyrhizobium zhanjiangense	1325107	CCBAU 51787	Scaffold	8587928	63	245	104922	0.179828	-0.6745	retain_candidate	primary_contiguity_candidate	presence_absence_only	pending	pending	synteny_fragmented
CANON_00177	GCF_004114535.1	GCA_004114535.1	paired		GCF_004114535.1	current	GCF_004114535.1	REFSEQ	current	current_refseq_preferred	Bradyrhizobium nanningense	1325118	CCBAU 53390	Scaffold	8290088	63.5	85	296098	-0.053328	0.0	retain_candidate	primary_contiguity_candidate	synteny_candidate	pending	pending	
CANON_00178	GCF_004114545.1	GCA_004114545.1	paired		GCF_004114545.1	current	GCF_004114545.1	REFSEQ	current	current_refseq_preferred	Bradyrhizobium nanningense	1325118	CCBAU 51757	Scaffold	8226587	63.5	109	227900	-0.103038	0.0	retain_candidate	primary_contiguity_candidate	synteny_candidate	pending	pending	
CANON_00179	GCF_004114915.1	GCA_004114915.1	paired		GCF_004114915.1	current	GCF_004114915.1	REFSEQ	current	current_refseq_preferred	Bradyrhizobium guangxiense	1325115	CCBAU 53363	Complete Genome	8200121	64	2	7220948	-0.123757	0.6745	retain_candidate	primary_contiguity_candidate	synteny_candidate	pending	pending	
CANON_00180	GCF_004114935.1	GCA_004114935.1	paired		GCF_004114935.1	current	GCF_004114935.1	REFSEQ	current	current_refseq_preferred	Bradyrhizobium zhanjiangense	1325107	CCBAU 51778	Complete Genome	9342022	63	1	9342022	0.770151	-0.6745	retain_candidate	primary_contiguity_candidate	synteny_candidate	pending	pending	
CANON_00181	GCF_004114955.1	GCA_004114955.1	paired		GCF_004114955.1	current	GCF_004114955.1	REFSEQ	current	current_refseq_preferred	Bradyrhizobium guangzhouense	1325095	CCBAU 51670	Complete Genome	8138177	63.5	2	7158886	-0.172248	0.0	retain_candidate	primary_contiguity_candidate	synteny_candidate	pending	pending	
CANON_00182	GCF_004114975.1	GCA_004114975.1	paired		GCF_004114975.1	current	GCF_004114975.1	REFSEQ	current	current_refseq_preferred	Bradyrhizobium guangdongense	1325090	CCBAU 51649	Complete Genome	8437991	63.5	2	7456045	0.062454	0.0	retain_candidate	primary_contiguity_candidate	synteny_candidate	pending	pending	
CANON_00183	GCF_004123905.1	GCA_004123905.1	paired		GCF_004123905.1	current	GCF_004123905.1	REFSEQ	current	current_refseq_preferred	Bradyrhizobium betae	244734	Opo-243	Contig	8630250	64	57	355265	0.212959	0.6745	retain_candidate	primary_contiguity_candidate	synteny_candidate	pending	pending	
CANON_00184	GCF_004152955.1	GCA_004152955.1	paired		GCF_004152955.1	current	GCF_004152955.1	REFSEQ	current	current_refseq_preferred	Bradyrhizobium elkanii	29448	BR29	Contig	9196354	64	48	752582	0.656119	0.6745	retain_candidate	primary_contiguity_candidate	synteny_candidate	pending	pending	
CANON_00185	GCF_004212635.1	GCA_004212635.1	paired		GCF_004212635.1	current	GCF_004212635.1	REFSEQ	current	current_refseq_preferred	Bradyrhizobium genosp. SA-3	508868	Rp7b	Contig	8722424	63	388	50475	0.285115	-0.6745	retain_candidate	primary_contiguity_candidate	presence_absence_only	pending	pending	synteny_fragmented
CANON_00186	GCF_004212675.1	GCA_004212675.1	paired		GCF_004212675.1	current	GCF_004212675.1	REFSEQ	current	current_refseq_preferred	Bradyrhizobium sp. Leo121	1571195	Leo121	Contig	9749579	62.5	648	36967	1.089196	-1.349	retain_candidate	secondary_fragmented	presence_absence_only	pending	pending	pangenome_fragmented;synteny_fragmented
CANON_00187	GCF_004296405.1	GCA_004296405.1	paired		GCF_004296405.1	current	GCF_004296405.1	REFSEQ	current	current_refseq_preferred	Bradyrhizobium sp. Leo170	1571199	Leo170	Contig	9473874	62.5	1001	20359	0.873368	-1.349	retain_candidate	secondary_fragmented	presence_absence_only	pending	pending	pangenome_fragmented;synteny_fragmented
CANON_00188	GCF_004346395.1	GCA_004346395.1	paired		GCF_004346395.1	current	GCF_004346395.1	REFSEQ	current	current_refseq_preferred	Bradyrhizobium sp. Y-H1	2485167	Y-H1	Contig	8045606	64	41	417743	-0.244715	0.6745	retain_candidate	primary_contiguity_candidate	synteny_candidate	pending	pending	
CANON_00189	GCF_004346455.1	GCA_004346455.1	paired		GCF_004346455.1	current	GCF_004346455.1	REFSEQ	current	current_refseq_preferred	Bradyrhizobium sp. R2.2-H	2485165	R2.2-H	Contig	8046194	64	39	417743	-0.244254	0.6745	retain_candidate	primary_contiguity_candidate	synteny_candidate	pending	pending	
CANON_00190	GCF_004359355.1	GCA_004359355.1	paired		GCF_004359355.1	current	GCF_004359355.1	REFSEQ	current	current_refseq_preferred	Bradyrhizobium diazoefficiens	1355477	110spc4	Complete Genome	8910608	64	1	8910608	0.43243	0.6745	retain_candidate	primary_contiguity_candidate	synteny_candidate	pending	pending	
CANON_00191	GCF_004570865.1	GCA_004570865.1	paired		GCF_004570865.1	current	GCF_004570865.1	REFSEQ	current	current_refseq_preferred	Bradyrhizobium frederickii	2560054	CNPSo 3426	Contig	8294086	64	145	304001	-0.050199	0.6745	retain_candidate	primary_contiguity_candidate	synteny_candidate	pending	pending	
CANON_00192	GCF_004571025.1	GCA_004571025.1	paired		GCF_004571025.1	current	GCF_004571025.1	REFSEQ	current	current_refseq_preferred	Bradyrhizobium niftali	2560055	CNPSo 3448	Contig	9787683	63.5	144	217177	1.119025	0.0	retain_candidate	primary_contiguity_candidate	synteny_candidate	pending	pending	
CANON_00193	GCF_004571045.1	GCA_004571045.1	paired		GCF_004571045.1	current	GCF_004571045.1	REFSEQ	current	current_refseq_preferred	Bradyrhizobium frederickii	2560054	CNPSo 3424	Contig	8325748	64	144	328664	-0.025413	0.6745	retain_candidate	primary_contiguity_candidate	synteny_candidate	pending	pending	
CANON_00194	GCF_004634465.1	GCA_004634465.1	paired		GCF_004634465.1	current	GCF_004634465.1	REFSEQ	current	current_refseq_preferred	Bradyrhizobium sp. MOS001	2133948	MOS001	Contig	9053121	63.5	180	142074	0.543992	0.0	retain_candidate	primary_contiguity_candidate	synteny_candidate	pending	pending	
CANON_00195	GCF_004799405.1	GCA_004799405.1	paired		GCF_004799405.1	current	GCF_004799405.1	REFSEQ	current	current_refseq_preferred	Bradyrhizobium sp.	376		Contig	5348614	62	161	56360	-2.355985	-2.0235	retain_candidate	primary_contiguity_candidate	synteny_candidate	pending	pending	
CANON_00196		GCA_004799435.1	unpaired		GCA_004799435.1	current	GCA_004799435.1	GENBANK	current	current_genbank_singleton	Bradyrhizobium sp.	376		Contig	3514132	65	194	26390	-3.792062	2.0235	manual_review	primary_contiguity_candidate	presence_absence_only	pending	pending	genome_size_outlier;synteny_fragmented
CANON_00197	GCF_004799445.1	GCA_004799445.1	paired		GCF_004799445.1	current	GCF_004799445.1	REFSEQ	current	current_refseq_preferred	Bradyrhizobium sp.	376		Contig	6251283	62.5	241	47078	-1.649354	-1.349	retain_candidate	primary_contiguity_candidate	presence_absence_only	pending	pending	synteny_fragmented
CANON_00198	GCF_005156645.1	GCA_005156645.1	paired		GCF_005156645.1	current	GCF_005156645.1	REFSEQ	current	current_refseq_preferred	Bradyrhizobium sp. WBAH33	1420727	WBAH33	Chromosome	8293462		1	8293362	-0.050687		manual_review	primary_contiguity_candidate	synteny_candidate	pending	pending	missing_gc_percent
CANON_00199	GCF_005156885.1	GCA_005156885.1	paired		GCF_005156885.1	current	GCF_005156885.1	REFSEQ	current	current_refseq_preferred	Bradyrhizobium sp. WBAH10	1390116	WBAH10	Complete Genome	8286002	64	1	8286002	-0.056527	0.6745	retain_candidate	primary_contiguity_candidate	synteny_candidate	pending	pending	
CANON_00200	GCF_005157045.1	GCA_005157045.1	paired		GCF_005157045.1	current	GCF_005157045.1	REFSEQ	current	current_refseq_preferred	Bradyrhizobium sp. WBAH23	1390119	WBAH23	Chromosome	8288334		1	8288234	-0.054701		manual_review	primary_contiguity_candidate	synteny_candidate	pending	pending	missing_gc_percent
CANON_00201	GCF_005157565.1	GCA_005157565.1	paired		GCF_005157565.1	current	GCF_005157565.1	REFSEQ	current	current_refseq_preferred	Bradyrhizobium yuanmingense	108015	WBAH30	Chromosome	8288991		1	8288891	-0.054187		manual_review	primary_contiguity_candidate	synteny_candidate	pending	pending	missing_gc_percent
CANON_00202	GCF_005165845.1	GCA_005165845.1	paired		GCF_005165845.1	current	GCF_005165845.1	REFSEQ	current	current_refseq_preferred	Bradyrhizobium sp. WBAH41	1390131	WBAH41	Chromosome	8294020		1	8293920	-0.05025		manual_review	primary_contiguity_candidate	synteny_candidate	pending	pending	missing_gc_percent
CANON_00203	GCF_005298095.1	GCA_005298095.1	paired		GCF_005298095.1	current	GCF_005298095.1	REFSEQ	current	current_refseq_preferred	Bradyrhizobium elkanii	29448	Semia 938	Contig	8780064	64	80	279572	0.330237	0.6745	retain_candidate	primary_contiguity_candidate	synteny_candidate	pending	pending	
CANON_00204		GCA_005768645.1	unpaired		GCA_005768645.1	current	GCA_005768645.1	GENBANK	current	current_genbank_singleton	Bradyrhizobium icense	1274631		Scaffold	4907126	62.5	2237	2510	-2.701592	-1.349	retain_candidate	secondary_fragmented	presence_absence_only	pending	pending	pangenome_fragmented;synteny_fragmented
CANON_00205	GCF_005937885.2	GCA_005937885.2	paired		GCF_005937885.2	current	GCF_005937885.2	REFSEQ	current	current_refseq_preferred	Bradyrhizobium sp. KBS0727	2578114	KBS0727	Complete Genome	7308448	62.5	1	7308448	-0.82178	-1.349	retain_candidate	primary_contiguity_candidate	synteny_candidate	pending	pending	
CANON_00206	GCF_005937905.2	GCA_005937905.2	paired		GCF_005937905.2	current	GCF_005937905.2	REFSEQ	current	current_refseq_preferred	Bradyrhizobium sp. KBS0725	2578113	KBS0725	Complete Genome	7308410	62.5	1	7308410	-0.821809	-1.349	retain_candidate	primary_contiguity_candidate	synteny_candidate	pending	pending	
CANON_00207	GCF_006459165.2	GCA_006459165.2	paired		GCF_006459165.2	current	GCF_006459165.2	REFSEQ	current	current_refseq_preferred	Bradyrhizobium symbiodeficiens	1404367	65S1MB	Complete Genome	7110114	64.5	1	7110114	-0.97704	1.349	retain_candidate	primary_contiguity_candidate	synteny_candidate	pending	pending	
CANON_00208	GCF_006483445.1	GCA_006483445.1	paired		GCF_006483445.1	current	GCF_006483445.1	REFSEQ	current	current_refseq_preferred	Bradyrhizobium guangdongense	1325090	SM32	Contig	6749210	64	348	36974	-1.259565	0.6745	retain_candidate	primary_contiguity_candidate	presence_absence_only	pending	pending	synteny_fragmented
CANON_00209	GCF_006519655.1	GCA_006519655.1	paired		GCF_006519655.1	current	GCF_006519655.1	REFSEQ	current	current_refseq_preferred	Bradyrhizobium sp. USDA 3456	546901	USDA 3456	Contig	9771557	63.5	107	324457	1.106401	0.0	retain_candidate	primary_contiguity_candidate	synteny_candidate	pending	pending	
CANON_00210	GCF_006519675.2	GCA_006519675.2	paired		GCF_006519675.2	current	GCF_006519675.2	REFSEQ	current	current_refseq_preferred	Bradyrhizobium sp. USDA 3458	2591461	3458	Contig	8601019	64	226	59884	0.190076	0.6745	retain_candidate	primary_contiguity_candidate	presence_absence_only	pending	pending	synteny_fragmented
CANON_00211	GCF_006539645.1	GCA_006539645.1	paired		GCF_006539645.1	current	GCF_006539645.1	REFSEQ	current	current_refseq_preferred	Bradyrhizobium japonicum	375	NBRC 14783	Contig	9096562	63.5	177	168333	0.577999	0.0	retain_candidate	primary_contiguity_candidate	synteny_candidate	pending	pending	
CANON_00212	GCF_006539665.1	GCA_006539665.1	paired		GCF_006539665.1	current	GCF_006539665.1	REFSEQ	current	current_refseq_preferred	Bradyrhizobium elkanii	29448	NBRC 14791	Contig	9260234	63.5	289	107583	0.706125	0.0	retain_candidate	primary_contiguity_candidate	presence_absence_only	pending	pending	synteny_fragmented
CANON_00213	GCF_006658625.1	GCA_006658625.1	paired		GCF_006658625.1	current	GCF_006658625.1	REFSEQ	current	current_refseq_preferred	Bradyrhizobium sp. UNPF46	1141168	UNPF46	Contig	7750993	64.5	147	92211	-0.475345	1.349	retain_candidate	primary_contiguity_candidate	synteny_candidate	pending	pending	
CANON_00214	GCF_006658635.1	GCA_006658635.1	paired		GCF_006658635.1	current	GCF_006658635.1	REFSEQ	current	current_refseq_preferred	Bradyrhizobium sp. UNPA324	1141174	UNPA324	Scaffold	7270970	64	48	397985	-0.851118	0.6745	retain_candidate	primary_contiguity_candidate	synteny_candidate	pending	pending	
CANON_00215	GCF_007290395.2	GCA_007290395.2	paired		GCF_007290395.2	current	GCF_007290395.2	REFSEQ	current	current_refseq_preferred	Bradyrhizobium cosmicum	1404864	58S1	Complete Genome	7271215	64.5	1	7271215	-0.850927	1.349	retain_candidate	primary_contiguity_candidate	synteny_candidate	pending	pending	
CANON_00216	GCF_007827835.1	GCA_007827835.1	paired		GCF_007827835.1	current	GCF_007827835.1	REFSEQ	current	current_refseq_preferred	Bradyrhizobium stylosanthis	1803665	BR 510	Scaffold	8989507	64.5	36	817080	0.494194	1.349	retain_candidate	primary_contiguity_candidate	synteny_candidate	pending	pending	
CANON_00217	GCF_007828015.1	GCA_007828015.1	paired		GCF_007828015.1	current	GCF_007828015.1	REFSEQ	current	current_refseq_preferred	Bradyrhizobium sacchari	1399419	BR 10555	Scaffold	8528547	64	38	682885	0.133343	0.6745	retain_candidate	primary_contiguity_candidate	synteny_candidate	pending	pending	
CANON_00218	GCF_007828095.1	GCA_007828095.1	paired		GCF_007828095.1	current	GCF_007828095.1	REFSEQ	current	current_refseq_preferred	Bradyrhizobium sacchari	1399419	BR 10556	Scaffold	8530034	64	37	706971	0.134507	0.6745	retain_candidate	primary_contiguity_candidate	synteny_candidate	pending	pending	
CANON_00219	GCF_007830205.1	GCA_007830205.1	paired		GCF_007830205.1	current	GCF_007830205.1	REFSEQ	current	current_refseq_preferred	Bradyrhizobium daqingense	993502	CGMCC 1.10947	Scaffold	7889191	63.5	110	276349	-0.36716	0.0	retain_candidate	primary_contiguity_candidate	synteny_candidate	pending	pending	
CANON_00220	GCF_007830575.1	GCA_007830575.1	paired		GCF_007830575.1	current	GCF_007830575.1	REFSEQ	current	current_refseq_preferred	Bradyrhizobium yuanmingense	108015	CGMCC 1.3531	Scaffold	8195566	64	116	804019	-0.127322	0.6745	retain_candidate	primary_contiguity_candidate	synteny_candidate	pending	pending	
CANON_00221	GCF_007830635.1	GCA_007830635.1	paired		GCF_007830635.1	current	GCF_007830635.1	REFSEQ	current	current_refseq_preferred	Bradyrhizobium huanghuaihaiense	990078	CGMCC 1.10948	Scaffold	9226856	64	106	233198	0.679996	0.6745	retain_candidate	primary_contiguity_candidate	synteny_candidate	pending	pending	
CANON_00222	GCF_007993935.1	GCA_007993935.1	paired		GCF_007993935.1	current	GCF_007993935.1	REFSEQ	current	current_refseq_preferred	Bradyrhizobium macuxiense	1755647	BR 10355	Scaffold	8820234	64	55	441375	0.361683	0.6745	retain_candidate	primary_contiguity_candidate	synteny_candidate	pending	pending	
CANON_00223	GCF_008123425.1	GCA_008123425.1	paired		GCF_008123425.1	current	GCF_008123425.1	REFSEQ	current	current_refseq_preferred	Bradyrhizobium rifense	515499	CTAW71	Scaffold	9952932	63	144	145244	1.248386	-0.6745	retain_candidate	primary_contiguity_candidate	synteny_candidate	pending	pending	
CANON_00224	GCF_008123515.1	GCA_008123515.1	paired		GCF_008123515.1	current	GCF_008123515.1	REFSEQ	current	current_refseq_preferred	Bradyrhizobium cytisi	515489	CTAW11	Contig	8854489	63	186	126158	0.388498	-0.6745	retain_candidate	primary_contiguity_candidate	synteny_candidate	pending	pending	
CANON_00225	GCF_008123965.1	GCA_008123965.1	paired		GCF_008123965.1	current	GCF_008123965.1	REFSEQ	current	current_refseq_preferred	Bradyrhizobium hipponense	2605638	aSej3	Scaffold	8826946	63	331	61328	0.366937	-0.6745	retain_candidate	primary_contiguity_candidate	presence_absence_only	pending	pending	synteny_fragmented
CANON_00226	GCF_008932115.1	GCA_008932115.1	paired		GCF_008932115.1	current	GCF_008932115.1	REFSEQ	current	current_refseq_preferred	Bradyrhizobium betae	244734	PL7HG1	Complete Genome	7419402	64.5	2	7150095	-0.734922	1.349	retain_candidate	primary_contiguity_candidate	synteny_candidate	pending	pending	
CANON_00227	GCF_009176665.1	GCA_009176665.1	paired		GCF_009176665.1	current	GCF_009176665.1	REFSEQ	current	current_refseq_preferred	Bradyrhizobium ottawaense	931866	SG09	Complete Genome	8442078	64	1	8442078	0.065653	0.6745	retain_candidate	primary_contiguity_candidate	synteny_candidate	pending	pending	
CANON_00228	GCF_009176685.1	GCA_009176685.1	paired		GCF_009176685.1	current	GCF_009176685.1	REFSEQ	current	current_refseq_preferred	Bradyrhizobium sp. TM102	2599819	TM102	Complete Genome	7363142	64.5	1	7363142	-0.778964	1.349	retain_candidate	primary_contiguity_candidate	synteny_candidate	pending	pending	
CANON_00229	GCF_009720285.1	GCA_009720285.1	paired		GCF_009720285.1	current	GCF_009720285.1	REFSEQ	current	current_refseq_preferred	Bradyrhizobium sp. BR2003	1419258	BR2003	Contig	8201106	64.5	52	298681	-0.122986	1.349	retain_candidate	primary_contiguity_candidate	synteny_candidate	pending	pending	
CANON_00230	GCF_009758375.1	GCA_009758375.1	paired		GCF_009758375.1	current	GCF_009758375.1	REFSEQ	current	current_refseq_preferred	Bradyrhizobium yuanmingense	108015	3051	Contig	8125063	63.5	149	175132	-0.182514	0.0	retain_candidate	primary_contiguity_candidate	synteny_candidate	pending	pending	
CANON_00231	GCF_009759665.1	GCA_009759665.1	paired		GCF_009759665.1	current	GCF_009759665.1	REFSEQ	current	current_refseq_preferred	Bradyrhizobium cajani	1928661	1010	Contig	8381257	64	112	179194	0.018041	0.6745	retain_candidate	primary_contiguity_candidate	synteny_candidate	pending	pending	
CANON_00232	GCF_009759865.1	GCA_009759865.1	paired		GCF_009759865.1	current	GCF_009759865.1	REFSEQ	current	current_refseq_preferred	Bradyrhizobium pachyrhizi	280333	1040	Contig	9051373	63.5	144	179470	0.542624	0.0	retain_candidate	primary_contiguity_candidate	synteny_candidate	pending	pending	
CANON_00233	GCF_009766005.1	GCA_009766005.1	paired		GCF_009766005.1	current	GCF_009766005.1	REFSEQ	current	current_refseq_preferred	Bradyrhizobium sp. S69	1641856	S69	Scaffold	7495077	62	152	94958	-0.675682	-2.0235	retain_candidate	primary_contiguity_candidate	synteny_candidate	pending	pending	
CANON_00234	GCF_009864815.1	GCA_009864815.1	paired		GCF_009864815.1	current	GCF_009864815.1	REFSEQ	current	current_refseq_preferred	Bradyrhizobium japonicum	375	5873	Scaffold	9160231	63.5	142	500617	0.627841	0.0	retain_candidate	primary_contiguity_candidate	synteny_candidate	pending	pending	
CANON_00235	GCF_009930815.1	GCA_009930815.1	paired		GCF_009930815.1	current	GCF_009930815.1	REFSEQ	current	current_refseq_preferred	Bradyrhizobium sp. CCBAU 051011	858422	CCBAU 051011	Complete Genome	9099371	62	1	9099371	0.580198	-2.0235	retain_candidate	primary_contiguity_candidate	synteny_candidate	pending	pending	
CANON_00236	GCF_009931255.1	GCA_009931255.1	paired		GCF_009931255.1	current	GCF_009931255.1	REFSEQ	current	current_refseq_preferred	Bradyrhizobium sp. LCT2	2493093	LCT2	Complete Genome	9652610	64	2	9434376	1.013287	0.6745	retain_candidate	primary_contiguity_candidate	synteny_candidate	pending	pending	
CANON_00237	GCF_010811875.1	GCA_010811875.1	paired		GCF_010811875.1	current	GCF_010811875.1	REFSEQ	current	current_refseq_preferred	Bradyrhizobium uaiense	2594946	UFLA03-164	Contig	9972761	63.5	1309	30938	1.263909	0.0	retain_candidate	secondary_fragmented	presence_absence_only	pending	pending	pangenome_fragmented;synteny_fragmented
CANON_00238	GCF_011058295.2	GCA_011058295.2	paired		GCF_011058295.2	current	GCF_011058295.2	REFSEQ	current	current_refseq_preferred	Bradyrhizobium sp. 6(2017)	1197460	1S3	Complete Genome	9994154	63.5	1	9994154	1.280656	0.0	retain_candidate	primary_contiguity_candidate	synteny_candidate	pending	pending	
CANON_00239	GCF_011068405.5	GCA_011068405.5	paired		GCF_011068405.5	current	GCF_011068405.5	REFSEQ	current	current_refseq_preferred	Bradyrhizobium barranii subsp. barranii	2823807	323S2	Complete Genome	11474152	63	5	10427939	2.439234	-0.6745	retain_candidate	primary_contiguity_candidate	synteny_candidate	pending	pending	
CANON_00240	GCF_011516625.5	GCA_011516625.5	paired		GCF_011516625.5	current	GCF_011516625.5	REFSEQ	current	current_refseq_preferred	Bradyrhizobium sp. 2S1	1404429	2S1	Complete Genome	11093179	63.5	3	10678093	2.140999	0.0	retain_candidate	primary_contiguity_candidate	synteny_candidate	pending	pending	
CANON_00241	GCF_011516635.5	GCA_011516635.5	paired		GCF_011516635.5	current	GCF_011516635.5	REFSEQ	current	current_refseq_preferred	Bradyrhizobium barranii subsp. apii	2819348	1S5	Complete Genome	10580853	63.5	3	9940904	1.739938	0.0	retain_candidate	primary_contiguity_candidate	synteny_candidate	pending	pending	
CANON_00242	GCF_011516645.4	GCA_011516645.4	paired		GCF_011516645.4	current	GCF_011516645.4	REFSEQ	current	current_refseq_preferred	Bradyrhizobium septentrionale	1404411	1S1	Complete Genome	10410654	63.5	4	9800371	1.606702	0.0	retain_candidate	primary_contiguity_candidate	synteny_candidate	pending	pending	
CANON_00243	GCF_011516665.3	GCA_011516665.3	paired		GCF_011516665.3	current	GCF_011516665.3	REFSEQ	current	current_refseq_preferred	Bradyrhizobium sp. 41S5	1404443	41S5	Complete Genome	8636450	63.5	2	8435486	0.217812	0.0	retain_candidate	primary_contiguity_candidate	synteny_candidate	pending	pending	
CANON_00244	GCF_011602485.2	GCA_011602485.2	paired		GCF_011602485.2	current	GCF_011602485.2	REFSEQ	current	current_refseq_preferred	Bradyrhizobium sp. 1(2017)	1404888	63S1MB	Complete Genome	7858280	64	1	7858280	-0.391358	0.6745	retain_candidate	primary_contiguity_candidate	synteny_candidate	pending	pending	
CANON_00245	GCF_011604625.2	GCA_011604625.2	paired		GCF_011604625.2	current	GCF_011604625.2	REFSEQ	current	current_refseq_preferred	Bradyrhizobium diazoefficiens	1355477	172S4	Complete Genome	9142067	64	1	9142067	0.613621	0.6745	retain_candidate	primary_contiguity_candidate	synteny_candidate	pending	pending	
CANON_00246	GCF_011604645.2	GCA_011604645.2	paired		GCF_011604645.2	current	GCF_011604645.2	REFSEQ	current	current_refseq_preferred	Bradyrhizobium symbiodeficiens	1404367	141S2	Complete Genome	6970620	64.5	1	6970620	-1.08624	1.349	retain_candidate	primary_contiguity_candidate	synteny_candidate	pending	pending	
CANON_00247	GCF_011604665.2	GCA_011604665.2	paired		GCF_011604665.2	current	GCF_011604665.2	REFSEQ	current	current_refseq_preferred	Bradyrhizobium symbiodeficiens	1404367	101S1MB	Complete Genome	6897135	64.5	1	6897135	-1.143765	1.349	retain_candidate	primary_contiguity_candidate	synteny_candidate	pending	pending	
CANON_00248	GCF_012274525.1	GCA_012274525.1	paired		GCF_012274525.1	suppressed	GCA_012274525.1	GENBANK	current	fallback_current_genbank	Bradyrhizobium sp. BL	2713641	BL	Scaffold	7718431	64.5	48	392970	-0.500835	1.349	retain_candidate	primary_contiguity_candidate	synteny_candidate	pending	pending	suppressed_or_unavailable_refseq_fallback
CANON_00249	GCF_012689435.1	GCA_012689435.1	paired		GCF_012689435.1	current	GCF_012689435.1	REFSEQ	current	current_refseq_preferred	Bradyrhizobium brasilense	1419277	UFLA0613	Scaffold	9178787	63.5	445	98915	0.642367	0.0	retain_candidate	primary_contiguity_candidate	presence_absence_only	pending	pending	synteny_fragmented
CANON_00250	GCF_012871055.1	GCA_012871055.1	paired		GCF_012871055.1	current	GCF_012871055.1	REFSEQ	current	current_refseq_preferred	Bradyrhizobium elkanii USDA 61	1275962	USDA 61	Complete Genome	9649995	63.5	2	9548186	1.01124	0.0	retain_candidate	primary_contiguity_candidate	synteny_candidate	pending	pending	
CANON_00251	GCF_013114825.1	GCA_013114825.1	paired		GCF_013114825.1	current	GCF_013114825.1	REFSEQ	current	current_refseq_preferred	Bradyrhizobium australiense	2721161	WSM 1791	Contig	7436256	62	46	720641	-0.721729	-2.0235	retain_candidate	primary_contiguity_candidate	synteny_candidate	pending	pending	
CANON_00252	GCF_013114835.1	GCA_013114835.1	paired		GCF_013114835.1	current	GCF_013114835.1	REFSEQ	current	current_refseq_preferred	Bradyrhizobium archetypum	2721160	WSM 1744	Contig	7017218	62.5	35	804703	-1.049762	-1.349	retain_candidate	primary_contiguity_candidate	synteny_candidate	pending	pending	
CANON_00253	GCF_013178925.1	GCA_013178925.1	paired		GCF_013178925.1	current	GCF_013178925.1	REFSEQ	current	current_refseq_preferred	Bradyrhizobium aeschynomenes	2734909	83012	Contig	7496850	65.5	58	563104	-0.674294	2.698	retain_candidate	primary_contiguity_candidate	synteny_candidate	pending	pending	
CANON_00254	GCF_013178945.1	GCA_013178945.1	paired		GCF_013178945.1	current	GCF_013178945.1	REFSEQ	current	current_refseq_preferred	Bradyrhizobium aeschynomenes	2734909	83002	Contig	7522254	65.5	58	570436	-0.654407	2.698	retain_candidate	primary_contiguity_candidate	synteny_candidate	pending	pending	
CANON_00255	GCF_013178975.1	GCA_013178975.1	paired		GCF_013178975.1	current	GCF_013178975.1	REFSEQ	current	current_refseq_preferred	Bradyrhizobium aeschynomenes	2734909	81013	Contig	7509578	65.5	49	410231	-0.66433	2.698	retain_candidate	primary_contiguity_candidate	synteny_candidate	pending	pending	
CANON_00256	GCF_013179005.1	GCA_013179005.1	paired		GCF_013179005.1	current	GCF_013179005.1	REFSEQ	current	current_refseq_preferred	Bradyrhizobium denitrificans	2734912	LMG 8443	Scaffold	8333290	64.5	106	199084	-0.019509	1.349	retain_candidate	primary_contiguity_candidate	synteny_candidate	pending	pending	
CANON_00257	GCF_013240495.1	GCA_013240495.1	paired		GCF_013240495.1	current	GCF_013240495.1	REFSEQ	current	current_refseq_preferred	Bradyrhizobium sp. WBAH10	1390116	WBAH10	Contig	8285685	64	120	299434	-0.056775	0.6745	retain_candidate	primary_contiguity_candidate	synteny_candidate	pending	pending	
CANON_00258		GCA_013361965.1	unpaired		GCA_013361965.1	current	GCA_013361965.1	GENBANK	current	current_genbank_singleton	Bradyrhizobium sp.	376		Contig	4302796	64.5	773	6532	-3.174676	1.349	retain_candidate	secondary_fragmented	presence_absence_only	pending	pending	pangenome_fragmented;synteny_fragmented
CANON_00259	GCF_013373785.3	GCA_013373785.3	paired		GCF_013373785.3	current	GCF_013373785.3	REFSEQ	current	current_refseq_preferred	Bradyrhizobium septentrionale	1404411	162S2	Complete Genome	10679141	63.5	4	9880762	1.81688	0.0	retain_candidate	primary_contiguity_candidate	synteny_candidate	pending	pending	
CANON_00260	GCF_013373795.3	GCA_013373795.3	paired		GCF_013373795.3	current	GCF_013373795.3	REFSEQ	current	current_refseq_preferred	Bradyrhizobium quebecense	2748629	66S1MB	Complete Genome	9172345	64	4	8740742	0.637324	0.6745	retain_candidate	primary_contiguity_candidate	synteny_candidate	pending	pending	
CANON_00261	GCF_013390305.1	GCA_013390305.1	paired		GCF_013390305.1	current	GCF_013390305.1	REFSEQ	current	current_refseq_preferred	Bradyrhizobium diazoefficiens	1355477	113-2	Complete Genome	8995154	64	1	8995154	0.498614	0.6745	retain_candidate	primary_contiguity_candidate	synteny_candidate	pending	pending	
CANON_00262	GCF_013392745.1	GCA_013392745.1	paired		GCF_013392745.1	current	GCF_013392745.1	REFSEQ	current	current_refseq_preferred	Bradyrhizobium elkanii	29448	SEMIA 5019	Contig	9394046	64	232	125183	0.810877	0.6745	retain_candidate	primary_contiguity_candidate	presence_absence_only	pending	pending	synteny_fragmented
CANON_00263	GCF_013392765.1	GCA_013392765.1	paired		GCF_013392765.1	current	GCF_013392765.1	REFSEQ	current	current_refseq_preferred	Bradyrhizobium elkanii	29448	SEMIA 587	Contig	9522904	63.5	325	74188	0.91175	0.0	retain_candidate	primary_contiguity_candidate	presence_absence_only	pending	pending	synteny_fragmented
CANON_00264	GCF_013408065.1	GCA_013408065.1	paired		GCF_013408065.1	current	GCF_013408065.1	REFSEQ	current	current_refseq_preferred	Bradyrhizobium sp. IAR9	2663841	IAR9	Scaffold	8395090	64	39	372140	0.02887	0.6745	retain_candidate	primary_contiguity_candidate	synteny_candidate	pending	pending	
CANON_00265		GCA_013695565.1	unpaired		GCA_013695565.1	current	GCA_013695565.1	GENBANK	current	current_genbank_singleton	Bradyrhizobium sp.	376		Contig	5878164	62.5	1016	6773	-1.94144	-1.349	retain_candidate	secondary_fragmented	presence_absence_only	pending	pending	pangenome_fragmented;synteny_fragmented
CANON_00266	GCF_013752735.1	GCA_013752735.1	paired		GCF_013752735.1	current	GCF_013752735.1	REFSEQ	current	current_refseq_preferred	Bradyrhizobium japonicum	375	5038	Complete Genome	9226248	63.5	1	9226248	0.67952	0.0	retain_candidate	primary_contiguity_candidate	synteny_candidate	pending	pending	
CANON_00267		GCA_013822885.1	unpaired		GCA_013822885.1	current	GCA_013822885.1	GENBANK	current	current_genbank_singleton	Bradyrhizobium sp.	376		Contig	5343911	63.5	1026	7406	-2.359667	0.0	retain_candidate	secondary_fragmented	presence_absence_only	pending	pending	pangenome_fragmented;synteny_fragmented
CANON_00268	GCF_014163415.1	GCA_014163415.1	paired		GCF_014163415.1	current	GCF_014163415.1	REFSEQ	current	current_refseq_preferred	Bradyrhizobium diazoefficiens	1355477	HH15	Complete Genome	9177979	64	1	9177979	0.641734	0.6745	retain_candidate	primary_contiguity_candidate	synteny_candidate	pending	pending	
CANON_00269	GCF_014163435.1	GCA_014163435.1	paired		GCF_014163435.1	current	GCF_014163435.1	REFSEQ	current	current_refseq_preferred	Bradyrhizobium diazoefficiens	1355477	H12S4	Complete Genome	9535585	64	1	9535585	0.921677	0.6745	retain_candidate	primary_contiguity_candidate	synteny_candidate	pending	pending	
CANON_00270	GCF_014163455.1	GCA_014163455.1	paired		GCF_014163455.1	current	GCF_014163455.1	REFSEQ	current	current_refseq_preferred	Bradyrhizobium diazoefficiens	1355477	HF08	Complete Genome	9109292	64	1	9109292	0.587964	0.6745	retain_candidate	primary_contiguity_candidate	synteny_candidate	pending	pending	
CANON_00271	GCF_014163475.1	GCA_014163475.1	paired		GCF_014163475.1	current	GCF_014163475.1	REFSEQ	current	current_refseq_preferred	Bradyrhizobium diazoefficiens	1355477	F07S3	Complete Genome	9432644	64	1	9432644	0.841092	0.6745	retain_candidate	primary_contiguity_candidate	synteny_candidate	pending	pending	
CANON_00272	GCF_014194605.1	GCA_014194605.1	paired		GCF_014194605.1	suppressed	GCA_014194605.1	GENBANK	current	fallback_current_genbank	Bradyrhizobium lupini	136996	DSM 30140	Scaffold	9132369	63.5	69	621359	0.60603	0.0	retain_candidate	primary_contiguity_candidate	synteny_candidate	pending	pending	suppressed_or_unavailable_refseq_fallback
CANON_00273	GCF_014197905.1	GCA_014197905.1	paired		GCF_014197905.1	current	GCF_014197905.1	REFSEQ	current	current_refseq_preferred	Bradyrhizobium sp. CIR3A	2663838	CIR3A	Scaffold	8803140	63.5	81	324538	0.348301	0.0	retain_candidate	primary_contiguity_candidate	synteny_candidate	pending	pending	
CANON_00274	GCF_014198205.1	GCA_014198205.1	paired		GCF_014198205.1	current	GCF_014198205.1	REFSEQ	current	current_refseq_preferred	Bradyrhizobium sp. SBR1B	2663836	SBR1B	Scaffold	8688029	63.5	89	377602	0.258189	0.0	retain_candidate	primary_contiguity_candidate	synteny_candidate	pending	pending	
CANON_00275	GCF_014198235.1	GCA_014198235.1	paired		GCF_014198235.1	current	GCF_014198235.1	REFSEQ	current	current_refseq_preferred	Bradyrhizobium sp. ERR14	2663837	ERR14	Scaffold	8680857	63.5	73	418972	0.252575	0.0	retain_candidate	primary_contiguity_candidate	synteny_candidate	pending	pending	
CANON_00276	GCF_014198245.1	GCA_014198245.1	paired		GCF_014198245.1	current	GCF_014198245.1	REFSEQ	current	current_refseq_preferred	Bradyrhizobium sp. cir1	1445730	CIR1	Scaffold	8652217	64	77	268690	0.230155	0.6745	retain_candidate	primary_contiguity_candidate	synteny_candidate	pending	pending	
CANON_00277	GCF_014198295.1	GCA_014198295.1	paired		GCF_014198295.1	current	GCF_014198295.1	REFSEQ	current	current_refseq_preferred	Bradyrhizobium sp. CIR18	2663839	CIR18	Scaffold	8673214	63.5	46	351149	0.246592	0.0	retain_candidate	primary_contiguity_candidate	synteny_candidate	pending	pending	
CANON_00278	GCF_014198315.1	GCA_014198315.1	paired		GCF_014198315.1	current	GCF_014198315.1	REFSEQ	current	current_refseq_preferred	Bradyrhizobium sp. CIR48	2663840	CIR48	Scaffold	8931498	63.5	46	478106	0.448783	0.0	retain_candidate	primary_contiguity_candidate	synteny_candidate	pending	pending	
CANON_00279	GCF_014529705.1	GCA_014529705.1	paired		GCF_014529705.1	current	GCF_014529705.1	REFSEQ	current	current_refseq_preferred	Bradyrhizobium campsiandrae	1729892	INPA 394B	Scaffold	9084813	63.5	483	110456	0.568802	0.0	retain_candidate	primary_contiguity_candidate	presence_absence_only	pending	pending	synteny_fragmented
CANON_00280	GCF_014530645.1	GCA_014530645.1	paired		GCF_014530645.1	current	GCF_014530645.1	REFSEQ	current	current_refseq_preferred	Bradyrhizobium campsiandrae	1729892	INPA 384B	Scaffold	8871850	63.5	172	109466	0.402089	0.0	retain_candidate	primary_contiguity_candidate	synteny_candidate	pending	pending	
CANON_00281	GCF_014640515.1	GCA_014640515.1	paired		GCF_014640515.1	current	GCF_014640515.1	REFSEQ	current	current_refseq_preferred	Bradyrhizobium guangdongense	1325090	CGMCC 1.15034	Scaffold	8371096	63.5	111	218227	0.010087	0.0	retain_candidate	primary_contiguity_candidate	synteny_candidate	pending	pending	
CANON_00282	GCF_014844175.1	GCA_014844175.1	paired		GCF_014844175.1	current	GCF_014844175.1	REFSEQ	current	current_refseq_preferred	Bradyrhizobium sp. SEMIA	2597515	SEMIA	Chromosome	9700846	63.5	1	9700746	1.051047	0.0	retain_candidate	primary_contiguity_candidate	synteny_candidate	pending	pending	
CANON_00283	GCF_015291305.1	GCA_015291305.1	paired		GCF_015291305.1	current	GCF_015291305.1	REFSEQ	current	current_refseq_preferred	Bradyrhizobium sp. CCBAU 21365	1325083	CCBAU 21365	Complete Genome	9482549	63.5	1	9482549	0.880159	0.0	retain_candidate	primary_contiguity_candidate	synteny_candidate	pending	pending	
CANON_00284	GCF_015291565.1	GCA_015291565.1	paired		GCF_015291565.1	current	GCF_015291565.1	REFSEQ	current	current_refseq_preferred	Bradyrhizobium sp. CCBAU 51753	1325100	CCBAU 51753	Complete Genome	9120519	64.5	1	9120519	0.596753	1.349	retain_candidate	primary_contiguity_candidate	synteny_candidate	pending	pending	
CANON_00285	GCF_015291625.1	GCA_015291625.1	paired		GCF_015291625.1	current	GCF_015291625.1	REFSEQ	current	current_refseq_preferred	Bradyrhizobium sp. CCBAU 53421	1325120	CCBAU 53421	Complete Genome	9259049	64	1	9259049	0.705198	0.6745	retain_candidate	primary_contiguity_candidate	synteny_candidate	pending	pending	
CANON_00286	GCF_015291645.1	GCA_015291645.1	paired		GCF_015291645.1	current	GCF_015291645.1	REFSEQ	current	current_refseq_preferred	Bradyrhizobium sp. CCBAU 53340	1325112	CCBAU 53340	Complete Genome	8716512	63	2	7737220	0.280487	-0.6745	retain_candidate	primary_contiguity_candidate	synteny_candidate	pending	pending	
CANON_00287	GCF_015291665.1	GCA_015291665.1	paired		GCF_015291665.1	current	GCF_015291665.1	REFSEQ	current	current_refseq_preferred	Bradyrhizobium sp. CCBAU 53338	1325111	CCBAU 53338	Complete Genome	8283608	63.5	2	7304317	-0.058401	0.0	retain_candidate	primary_contiguity_candidate	synteny_candidate	pending	pending	
CANON_00288	GCF_015291685.1	GCA_015291685.1	paired		GCF_015291685.1	current	GCF_015291685.1	REFSEQ	current	current_refseq_preferred	Bradyrhizobium guangdongense	1325090	CCBAU 51658	Complete Genome	8436603	63.5	2	7454657	0.061367	0.0	retain_candidate	primary_contiguity_candidate	synteny_candidate	pending	pending	
CANON_00289	GCF_015291705.1	GCA_015291705.1	paired		GCF_015291705.1	current	GCF_015291705.1	REFSEQ	current	current_refseq_preferred	Bradyrhizobium arachidis	858423	CCBAU 051107	Complete Genome	9865973	63.5	1	9865973	1.180312	0.0	retain_candidate	primary_contiguity_candidate	synteny_candidate	pending	pending	
CANON_00290	GCF_015291725.1	GCA_015291725.1	paired		GCF_015291725.1	current	GCF_015291725.1	REFSEQ	current	current_refseq_preferred	Bradyrhizobium sp. CCBAU 51765	1325102	CCBAU 51765	Complete Genome	8416216	64	1	8416216	0.045408	0.6745	retain_candidate	primary_contiguity_candidate	synteny_candidate	pending	pending	
CANON_00291	GCF_015291745.1	GCA_015291745.1	paired		GCF_015291745.1	current	GCF_015291745.1	REFSEQ	current	current_refseq_preferred	Bradyrhizobium sp. CCBAU 53351	1325114	CCBAU 53351	Complete Genome	8343321	64	2	7364031	-0.011656	0.6745	retain_candidate	primary_contiguity_candidate	synteny_candidate	pending	pending	
CANON_00292	GCF_015624485.1	GCA_015624485.1	paired		GCF_015624485.1	current	GCF_015624485.1	REFSEQ	current	current_refseq_preferred	Bradyrhizobium genosp. L	83637	BDV5419	Complete Genome	7401610	64.5	1	7401610	-0.74885	1.349	retain_candidate	primary_contiguity_candidate	synteny_candidate	pending	pending	
CANON_00293	GCF_015624505.1	GCA_015624505.1	paired		GCF_015624505.1	current	GCF_015624505.1	REFSEQ	current	current_refseq_preferred	Bradyrhizobium commune	83627	BDV5040	Complete Genome	7622528	64	1	7622528	-0.57591	0.6745	retain_candidate	primary_contiguity_candidate	synteny_candidate	pending	pending	
CANON_00294	GCF_016031625.1	GCA_016031625.1	paired		GCF_016031625.1	current	GCF_016031625.1	REFSEQ	current	current_refseq_preferred	Bradyrhizobium agreste	2751811	CNPSo 4010	Contig	7877331	64	75	251874	-0.376444	0.6745	retain_candidate	primary_contiguity_candidate	synteny_candidate	pending	pending	
CANON_00295	GCF_016031635.1	GCA_016031635.1	paired		GCF_016031635.1	current	GCF_016031635.1	REFSEQ	current	current_refseq_preferred	Bradyrhizobium diversitatis	2755406	CNPSo 4019	Contig	8450368	64	133	198871	0.072143	0.6745	retain_candidate	primary_contiguity_candidate	synteny_candidate	pending	pending	
CANON_00296	GCF_016031655.1	GCA_016031655.1	paired		GCF_016031655.1	current	GCF_016031655.1	REFSEQ	current	current_refseq_preferred	Bradyrhizobium glycinis	2751812	CNPSo 4016	Contig	7794411	63.5	83	202190	-0.441356	0.0	retain_candidate	primary_contiguity_candidate	synteny_candidate	pending	pending	
CANON_00297	GCF_016213215.1	GCA_016213215.1	paired		GCF_016213215.1	current	GCF_016213215.1	REFSEQ	current	current_refseq_preferred	Bradyrhizobium sp.	376		Contig	5795321	63	164	60770	-2.006292	-0.6745	retain_candidate	primary_contiguity_candidate	synteny_candidate	pending	pending	
CANON_00298	GCF_016219575.1	GCA_016219575.1	paired		GCF_016219575.1	current	GCF_016219575.1	REFSEQ	current	current_refseq_preferred	Bradyrhizobium sp.	376		Scaffold	6265333	64.5	43	205742	-1.638355	1.349	retain_candidate	primary_contiguity_candidate	synteny_candidate	pending	pending	
CANON_00299	GCF_016462955.1	GCA_016462955.1	paired		GCF_016462955.1	current	GCF_016462955.1	REFSEQ	current	current_refseq_preferred	Bradyrhizobium sp.	376		Scaffold	7442484	64	1476	7994	-0.716853	0.6745	retain_candidate	secondary_fragmented	presence_absence_only	pending	pending	pangenome_fragmented;synteny_fragmented
CANON_00300	GCF_016599855.1	GCA_016599855.1	paired		GCF_016599855.1	suppressed	GCA_016599855.1	GENBANK	current	fallback_current_genbank	Bradyrhizobium diazoefficiens	1355477	65_7	Complete Genome	7100878	63	1	7100878	-0.984271	-0.6745	retain_candidate	primary_contiguity_candidate	synteny_candidate	pending	pending	suppressed_or_unavailable_refseq_fallback
CANON_00301	GCF_016612535.1	GCA_016612535.1	paired		GCF_016612535.1	current	GCF_016612535.1	REFSEQ	current	current_refseq_preferred	Bradyrhizobium diazoefficiens	1355477	182_5	Contig	7989248	63	14	3065835	-0.288833	-0.6745	retain_candidate	primary_contiguity_candidate	synteny_candidate	pending	pending	
CANON_00302	GCF_016616235.1	GCA_016616235.1	paired		GCF_016616235.1	current	GCF_016616235.1	REFSEQ	current	current_refseq_preferred	Bradyrhizobium diazoefficiens	1355477	38_8	Complete Genome	7668734	64	1	7668734	-0.539739	0.6745	retain_candidate	primary_contiguity_candidate	synteny_candidate	pending	pending	
CANON_00303	GCF_016616425.1	GCA_016616425.1	paired		GCF_016616425.1	suppressed	GCA_016616425.1	GENBANK	current	fallback_current_genbank	Bradyrhizobium diazoefficiens	1355477	41_2	Complete Genome	7144346	63.5	1	7144346	-0.950243	0.0	retain_candidate	primary_contiguity_candidate	synteny_candidate	pending	pending	suppressed_or_unavailable_refseq_fallback
CANON_00304	GCF_016616885.1	GCA_016616885.1	paired		GCF_016616885.1	current	GCF_016616885.1	REFSEQ	current	current_refseq_preferred	Bradyrhizobium diazoefficiens	1355477	36_1	Complete Genome	8085095	63.5	1	8085095	-0.213802	0.0	retain_candidate	primary_contiguity_candidate	synteny_candidate	pending	pending	
CANON_00305	GCF_016839165.1	GCA_016839165.1	paired		GCF_016839165.1	suppressed	GCA_016839165.1	GENBANK	current	fallback_current_genbank	Bradyrhizobium sp. PSBB068	2715960		Complete Genome	7670478	64.5	2	7537887	-0.538374	1.349	retain_candidate	primary_contiguity_candidate	synteny_candidate	pending	pending	suppressed_or_unavailable_refseq_fallback
CANON_00306	GCF_016907215.1	GCA_016907215.1	paired		GCF_016907215.1	current	GCF_016907215.1	REFSEQ	current	current_refseq_preferred	Bradyrhizobium canariense	255045	USDA 3040	Contig	7995639	63	1	7995639	-0.28383	-0.6745	retain_candidate	primary_contiguity_candidate	synteny_candidate	pending	pending	
CANON_00307	GCF_017493175.3	GCA_017493175.3	paired		GCF_017493175.3	current	GCF_017493175.3	REFSEQ	current	current_refseq_preferred	Bradyrhizobium quebecense	2748629	12S5	Complete Genome	8753169	64	2	8549412	0.309183	0.6745	retain_candidate	primary_contiguity_candidate	synteny_candidate	pending	pending	
CANON_00308	GCF_017565645.3	GCA_017565645.3	paired		GCF_017565645.3	current	GCF_017565645.3	REFSEQ	current	current_refseq_preferred	Bradyrhizobium barranii subsp. barranii	2823807	144S4	Complete Genome	11399526	63	4	10692809	2.380815	-0.6745	retain_candidate	primary_contiguity_candidate	synteny_candidate	pending	pending	
CANON_00309	GCF_017565685.3	GCA_017565685.3	paired		GCF_017565685.3	current	GCF_017565685.3	REFSEQ	current	current_refseq_preferred	Bradyrhizobium barranii subsp. apii	2819348	38S5	Complete Genome	10530141	63.5	4	9953276	1.700239	0.0	retain_candidate	primary_contiguity_candidate	synteny_candidate	pending	pending	
CANON_00310	GCF_017614905.1	GCA_017614905.1	paired		GCF_017614905.1	current	GCF_017614905.1	REFSEQ	current	current_refseq_preferred	Bradyrhizobium neotropicale	1497615	MPMI1	Contig	8942605	62.5	200	347876	0.457478	-1.349	retain_candidate	primary_contiguity_candidate	synteny_candidate	pending	pending	
CANON_00311	GCF_017788805.1	GCA_017788805.1	paired		GCF_017788805.1	current	GCF_017788805.1	REFSEQ	current	current_refseq_preferred	Bradyrhizobium vignae	1549949	ISRA400	Contig	7857394	63.5	157	87613	-0.392052	0.0	retain_candidate	primary_contiguity_candidate	synteny_candidate	pending	pending	
CANON_00312	GCF_017831945.1	GCA_017831945.1	paired		GCF_017831945.1	current	GCF_017831945.1	REFSEQ	current	current_refseq_preferred	Bradyrhizobium diazoefficiens	1355477	USDA 500	Contig	9247384	64	1	9247384	0.696066	0.6745	retain_candidate	primary_contiguity_candidate	synteny_candidate	pending	pending	
CANON_00313	GCF_017831985.1	GCA_017831985.1	paired		GCF_017831985.1	current	GCF_017831985.1	REFSEQ	current	current_refseq_preferred	Bradyrhizobium diazoefficiens	1355477	USDA 300	Contig	9181317	64	1	9181317	0.644347	0.6745	retain_candidate	primary_contiguity_candidate	synteny_candidate	pending	pending	
CANON_00314	GCF_017834125.1	GCA_017834125.1	paired		GCF_017834125.1	current	GCF_017834125.1	REFSEQ	current	current_refseq_preferred	Bradyrhizobium elkanii	29448	USDA 406	Contig	9929849	63.5	2	9879115	1.230316	0.0	retain_candidate	primary_contiguity_candidate	synteny_candidate	pending	pending	
CANON_00315		GCA_017849515.1	unpaired		GCA_017849515.1	current	GCA_017849515.1	GENBANK	current	current_genbank_singleton	Bradyrhizobium sp.	376		Contig	4901094	69	39	253413	-2.706314	7.4195	manual_review	primary_contiguity_candidate	synteny_candidate	pending	pending	gc_percent_outlier
CANON_00316	GCF_017876705.1	GCA_017876705.1	paired		GCF_017876705.1	current	GCF_017876705.1	REFSEQ	current	current_refseq_preferred	Bradyrhizobium elkanii	29448	USDA 130	Contig	9664136	63.5	3	9264663	1.02231	0.0	retain_candidate	primary_contiguity_candidate	synteny_candidate	pending	pending	
CANON_00317	GCF_017881085.1	GCA_017881085.1	paired		GCF_017881085.1	current	GCF_017881085.1	REFSEQ	current	current_refseq_preferred	Bradyrhizobium sp.	376		Contig	5360128	63.5	494	14497	-2.346972	0.0	retain_candidate	secondary_fragmented	presence_absence_only	pending	pending	pangenome_fragmented;synteny_fragmented
CANON_00318	GCF_018129385.1	GCA_018129385.1	paired		GCF_018129385.1	current	GCF_018129385.1	REFSEQ	current	current_refseq_preferred	Bradyrhizobium lablabi	722472	SZCCT0009	Contig	7240814	63	63	260466	-0.874725	-0.6745	retain_candidate	primary_contiguity_candidate	synteny_candidate	pending	pending	
CANON_00319	GCF_018129405.1	GCA_018129405.1	paired		GCF_018129405.1	current	GCF_018129405.1	REFSEQ	current	current_refseq_preferred	Bradyrhizobium iriomotense	441950	SZCCT0007	Contig	8103393	64.5	55	296517	-0.199478	1.349	retain_candidate	primary_contiguity_candidate	synteny_candidate	pending	pending	
CANON_00320	GCF_018129415.1	GCA_018129415.1	paired		GCF_018129415.1	current	GCF_018129415.1	REFSEQ	current	current_refseq_preferred	Bradyrhizobium sp. AUGA SZCCT0042	2807651	AUGA SZCCT0042	Contig	7986826	62.5	70	230593	-0.290729	-1.349	retain_candidate	primary_contiguity_candidate	synteny_candidate	pending	pending	
CANON_00321	GCF_018129445.1	GCA_018129445.1	paired		GCF_018129445.1	suppressed	GCA_018129445.1	GENBANK	current	fallback_current_genbank	Bradyrhizobium viridifuturi	1654716	SZCCT0047	Contig	7749914	64.5	54	393011	-0.47619	1.349	retain_candidate	primary_contiguity_candidate	synteny_candidate	pending	pending	suppressed_or_unavailable_refseq_fallback
CANON_00322	GCF_018129465.1	GCA_018129465.1	paired		GCF_018129465.1	current	GCF_018129465.1	REFSEQ	current	current_refseq_preferred	Bradyrhizobium liaoningense	43992	SZCCT0008	Contig	7566010	64.5	40	526761	-0.620154	1.349	retain_candidate	primary_contiguity_candidate	synteny_candidate	pending	pending	
CANON_00323	GCF_018129485.1	GCA_018129485.1	paired		GCF_018129485.1	current	GCF_018129485.1	REFSEQ	current	current_refseq_preferred	Bradyrhizobium sp. AUGA SZCCT0051	2807654	AUGA SZCCT0051	Contig	8505807	64.5	30	786588	0.115542	1.349	retain_candidate	primary_contiguity_candidate	synteny_candidate	pending	pending	
CANON_00324	GCF_018129505.1	GCA_018129505.1	paired		GCF_018129505.1	suppressed	GCA_018129505.1	GENBANK	current	fallback_current_genbank	Bradyrhizobium viridifuturi	1654716	SZCCT0101	Contig	7957505	64.5	51	288104	-0.313682	1.349	retain_candidate	primary_contiguity_candidate	synteny_candidate	pending	pending	suppressed_or_unavailable_refseq_fallback
CANON_00325	GCF_018129525.1	GCA_018129525.1	paired		GCF_018129525.1	current	GCF_018129525.1	REFSEQ	current	current_refseq_preferred	Bradyrhizobium denitrificans	2734912	SZCCT0094	Contig	8495489	65	115	175090	0.107465	2.0235	retain_candidate	primary_contiguity_candidate	synteny_candidate	pending	pending	
CANON_00326	GCF_018129535.1	GCA_018129535.1	paired		GCF_018129535.1	suppressed	GCA_018129535.1	GENBANK	current	fallback_current_genbank	Bradyrhizobium viridifuturi	1654716	SZCCT0052	Contig	7742130	64.5	46	333978	-0.482283	1.349	retain_candidate	primary_contiguity_candidate	synteny_candidate	pending	pending	suppressed_or_unavailable_refseq_fallback
CANON_00327	GCF_018129565.1	GCA_018129565.1	paired		GCF_018129565.1	current	GCF_018129565.1	REFSEQ	current	current_refseq_preferred	Bradyrhizobium sp. AUGA SZCCT0105	2807655	AUGA SZCCT0105	Contig	8500810	64.5	27	719740	0.11163	1.349	retain_candidate	primary_contiguity_candidate	synteny_candidate	pending	pending	
CANON_00328	GCF_018129585.1	GCA_018129585.1	paired		GCF_018129585.1	suppressed	GCA_018129585.1	GENBANK	current	fallback_current_genbank	Bradyrhizobium viridifuturi	1654716	SZCCT0108	Contig	7748108	64.5	52	270913	-0.477603	1.349	retain_candidate	primary_contiguity_candidate	synteny_candidate	pending	pending	suppressed_or_unavailable_refseq_fallback
CANON_00329	GCF_018129605.1	GCA_018129605.1	paired		GCF_018129605.1	current	GCF_018129605.1	REFSEQ	current	current_refseq_preferred	Bradyrhizobium sp. U87765 SZCCT0109	2807656	U87765 SZCCT0109	Contig	7752385	66.5	20	724207	-0.474255	4.047	manual_review	primary_contiguity_candidate	synteny_candidate	pending	pending	gc_percent_outlier
CANON_00330	GCF_018129645.1	GCA_018129645.1	paired		GCF_018129645.1	suppressed	GCA_018129645.1	GENBANK	current	fallback_current_genbank	Bradyrhizobium diazoefficiens	1355477	SZCCT0113	Contig	7151866	64	65	218178	-0.944356	0.6745	retain_candidate	primary_contiguity_candidate	synteny_candidate	pending	pending	suppressed_or_unavailable_refseq_fallback
CANON_00331	GCF_018129665.1	GCA_018129665.1	paired		GCF_018129665.1	current	GCF_018129665.1	REFSEQ	current	current_refseq_preferred	Bradyrhizobium sp. U87765 SZCCT0110	2807657	U87765 SZCCT0110	Contig	7755627	66.5	14	1934489	-0.471717	4.047	manual_review	primary_contiguity_candidate	synteny_candidate	pending	pending	gc_percent_outlier
CANON_00332	GCF_018129685.1	GCA_018129685.1	paired		GCF_018129685.1	current	GCF_018129685.1	REFSEQ	current	current_refseq_preferred	Bradyrhizobium manausense	989370	SZCCT0118	Contig	7480816	63.5	58	333235	-0.686846	0.0	retain_candidate	primary_contiguity_candidate	synteny_candidate	pending	pending	
CANON_00333	GCF_018129705.1	GCA_018129705.1	paired		GCF_018129705.1	suppressed	GCA_018129705.1	GENBANK	current	fallback_current_genbank	Bradyrhizobium diazoefficiens	1355477	SZCCT0122	Contig	7148721	64	59	215940	-0.946818	0.6745	retain_candidate	primary_contiguity_candidate	synteny_candidate	pending	pending	suppressed_or_unavailable_refseq_fallback
CANON_00334	GCF_018129725.1	GCA_018129725.1	paired		GCF_018129725.1	current	GCF_018129725.1	REFSEQ	current	current_refseq_preferred	Bradyrhizobium sp. AUGA SZCCT0124	2807658	AUGA SZCCT0124	Contig	8498712	64.5	30	870286	0.109988	1.349	retain_candidate	primary_contiguity_candidate	synteny_candidate	pending	pending	
CANON_00335	GCF_018129745.1	GCA_018129745.1	paired		GCF_018129745.1	suppressed	GCA_018129745.1	GENBANK	current	fallback_current_genbank	Bradyrhizobium viridifuturi	1654716	SZCCT0127	Contig	7753700	64.5	47	400028	-0.473226	1.349	retain_candidate	primary_contiguity_candidate	synteny_candidate	pending	pending	suppressed_or_unavailable_refseq_fallback
CANON_00336	GCF_018129755.1	GCA_018129755.1	paired		GCF_018129755.1	suppressed	GCA_018129755.1	GENBANK	current	fallback_current_genbank	Bradyrhizobium diazoefficiens	1355477	SZCCT0126	Contig	7119512	64	56	237121	-0.969683	0.6745	retain_candidate	primary_contiguity_candidate	synteny_candidate	pending	pending	suppressed_or_unavailable_refseq_fallback
CANON_00337	GCF_018129785.1	GCA_018129785.1	paired		GCF_018129785.1	suppressed	GCA_018129785.1	GENBANK	current	fallback_current_genbank	Bradyrhizobium diazoefficiens	1355477	SZCCT0130	Contig	7146295	64	63	226176	-0.948717	0.6745	retain_candidate	primary_contiguity_candidate	synteny_candidate	pending	pending	suppressed_or_unavailable_refseq_fallback
CANON_00338	GCF_018129805.1	GCA_018129805.1	paired		GCF_018129805.1	suppressed	GCA_018129805.1	GENBANK	current	fallback_current_genbank	Bradyrhizobium diazoefficiens	1355477	SZCCT0132	Contig	7121551	64	59	237121	-0.968087	0.6745	retain_candidate	primary_contiguity_candidate	synteny_candidate	pending	pending	suppressed_or_unavailable_refseq_fallback
CANON_00339	GCF_018129825.1	GCA_018129825.1	paired		GCF_018129825.1	current	GCF_018129825.1	REFSEQ	current	current_refseq_preferred	Bradyrhizobium sp. U87765 SZCCT0131	2807659	U87765 SZCCT0131	Contig	7759065	66.5	19	1216584	-0.469026	4.047	manual_review	primary_contiguity_candidate	synteny_candidate	pending	pending	gc_percent_outlier
CANON_00340	GCF_018129845.1	GCA_018129845.1	paired		GCF_018129845.1	current	GCF_018129845.1	REFSEQ	current	current_refseq_preferred	Bradyrhizobium sp. U87765 SZCCT0134	2807660	U87765 SZCCT0134	Contig	7762817	66.5	17	1520672	-0.466089	4.047	manual_review	primary_contiguity_candidate	synteny_candidate	pending	pending	gc_percent_outlier
CANON_00341	GCF_018129855.1	GCA_018129855.1	paired		GCF_018129855.1	suppressed	GCA_018129855.1	GENBANK	current	fallback_current_genbank	Bradyrhizobium liaoningense	43992	SZCCT0133	Contig	10464760	63	512	58279	1.649057	-0.6745	retain_candidate	secondary_fragmented	presence_absence_only	pending	pending	pangenome_fragmented;suppressed_or_unavailable_refseq_fallback;synteny_fragmented
CANON_00342	GCF_018129885.1	GCA_018129885.1	paired		GCF_018129885.1	suppressed	GCA_018129885.1	GENBANK	current	fallback_current_genbank	Bradyrhizobium viridifuturi	1654716	SZCCT0136	Contig	7747383	64.5	53	257838	-0.478171	1.349	retain_candidate	primary_contiguity_candidate	synteny_candidate	pending	pending	suppressed_or_unavailable_refseq_fallback
CANON_00343	GCF_018129905.1	GCA_018129905.1	paired		GCF_018129905.1	suppressed	GCA_018129905.1	GENBANK	current	fallback_current_genbank	Bradyrhizobium viridifuturi	1654716	SZCCT0135	Contig	7745264	64.5	45	393011	-0.47983	1.349	retain_candidate	primary_contiguity_candidate	synteny_candidate	pending	pending	suppressed_or_unavailable_refseq_fallback
CANON_00344	GCF_018129925.1	GCA_018129925.1	paired		GCF_018129925.1	suppressed	GCA_018129925.1	GENBANK	current	fallback_current_genbank	Bradyrhizobium diazoefficiens	1355477	SZCCT0137	Contig	7134077	64	58	256594	-0.958282	0.6745	retain_candidate	primary_contiguity_candidate	synteny_candidate	pending	pending	suppressed_or_unavailable_refseq_fallback
CANON_00345	GCF_018129935.1	GCA_018129935.1	paired		GCF_018129935.1	suppressed	GCA_018129935.1	GENBANK	current	fallback_current_genbank	Bradyrhizobium diazoefficiens	1355477	SZCCT0139	Contig	7141560	64	61	237121	-0.952424	0.6745	retain_candidate	primary_contiguity_candidate	synteny_candidate	pending	pending	suppressed_or_unavailable_refseq_fallback
CANON_00346	GCF_018129965.1	GCA_018129965.1	paired		GCF_018129965.1	suppressed	GCA_018129965.1	GENBANK	current	fallback_current_genbank	Bradyrhizobium diazoefficiens	1355477	SZCCT0138	Contig	7132833	64	54	221556	-0.959255	0.6745	retain_candidate	primary_contiguity_candidate	synteny_candidate	pending	pending	suppressed_or_unavailable_refseq_fallback
CANON_00347	GCF_018129985.1	GCA_018129985.1	paired		GCF_018129985.1	current	GCF_018129985.1	REFSEQ	current	current_refseq_preferred	Bradyrhizobium sp. SZCCT0148	3697513	SZCCT0148	Contig	7171628	64	42	488983	-0.928886	0.6745	retain_candidate	primary_contiguity_candidate	synteny_candidate	pending	pending	
CANON_00348	GCF_018129995.1	GCA_018129995.1	paired		GCF_018129995.1	current	GCF_018129995.1	REFSEQ	current	current_refseq_preferred	Bradyrhizobium sp. SZCCT0153	3697514	SZCCT0153	Contig	7415067	64.5	22	1033411	-0.738316	1.349	retain_candidate	primary_contiguity_candidate	synteny_candidate	pending	pending	
CANON_00349	GCF_018130025.1	GCA_018130025.1	paired		GCF_018130025.1	suppressed	GCA_018130025.1	GENBANK	current	fallback_current_genbank	Bradyrhizobium viridifuturi	1654716	SZCCT0140	Contig	7954984	64.5	47	401898	-0.315656	1.349	retain_candidate	primary_contiguity_candidate	synteny_candidate	pending	pending	suppressed_or_unavailable_refseq_fallback
CANON_00350	GCF_018130035.1	GCA_018130035.1	paired		GCF_018130035.1	current	GCF_018130035.1	REFSEQ	current	current_refseq_preferred	Bradyrhizobium liaoningense	43992	SZCCT0154	Contig	7423204	64.5	38	290345	-0.731946	1.349	retain_candidate	primary_contiguity_candidate	synteny_candidate	pending	pending	
CANON_00351	GCF_018130065.1	GCA_018130065.1	paired		GCF_018130065.1	current	GCF_018130065.1	REFSEQ	current	current_refseq_preferred	Bradyrhizobium sp. AUGA SZCCT0158	2807661	AUGA SZCCT0158	Contig	7354080	62.5	67	237752	-0.786058	-1.349	retain_candidate	primary_contiguity_candidate	synteny_candidate	pending	pending	
CANON_00352	GCF_018130085.1	GCA_018130085.1	paired		GCF_018130085.1	current	GCF_018130085.1	REFSEQ	current	current_refseq_preferred	Bradyrhizobium sp. AUGA SZCCT0169	2807663	AUGA SZCCT0169	Contig	7394210	62.5	77	170371	-0.754643	-1.349	retain_candidate	primary_contiguity_candidate	synteny_candidate	pending	pending	
CANON_00353	GCF_018130105.1	GCA_018130105.1	paired		GCF_018130105.1	current	GCF_018130105.1	REFSEQ	current	current_refseq_preferred	Bradyrhizobium sp. AUGA SZCCT0160	2807662	AUGA SZCCT0160	Contig	7814110	62.5	62	246984	-0.425935	-1.349	retain_candidate	primary_contiguity_candidate	synteny_candidate	pending	pending	
CANON_00354	GCF_018130125.1	GCA_018130125.1	paired		GCF_018130125.1	current	GCF_018130125.1	REFSEQ	current	current_refseq_preferred	Bradyrhizobium sp. AUGA SZCCT0177	2807665	AUGA SZCCT0177	Contig	7963554	62.5	74	174555	-0.308947	-1.349	retain_candidate	primary_contiguity_candidate	synteny_candidate	pending	pending	
CANON_00355	GCF_018130145.1	GCA_018130145.1	paired		GCF_018130145.1	current	GCF_018130145.1	REFSEQ	current	current_refseq_preferred	Bradyrhizobium sp. AUGA SZCCT0176	2807664	AUGA SZCCT0176	Contig	7792420	62.5	52	332031	-0.442915	-1.349	retain_candidate	primary_contiguity_candidate	synteny_candidate	pending	pending	
CANON_00356	GCF_018130165.1	GCA_018130165.1	paired		GCF_018130165.1	current	GCF_018130165.1	REFSEQ	current	current_refseq_preferred	Bradyrhizobium sp. JYMT SZCCT0180	2807666	JYMT SZCCT0180	Contig	8036090	62.5	50	253542	-0.252164	-1.349	retain_candidate	primary_contiguity_candidate	synteny_candidate	pending	pending	
CANON_00357	GCF_018130185.1	GCA_018130185.1	paired		GCF_018130185.1	current	GCF_018130185.1	REFSEQ	current	current_refseq_preferred	Bradyrhizobium sp. AUGA SZCCT0182	2807667	AUGA SZCCT0182	Contig	8851502	62	114	153318	0.38616	-2.0235	retain_candidate	primary_contiguity_candidate	synteny_candidate	pending	pending	
CANON_00358	GCF_018130205.1	GCA_018130205.1	paired		GCF_018130205.1	current	GCF_018130205.1	REFSEQ	current	current_refseq_preferred	Bradyrhizobium sp. AUGA SZCCT0222	2807668	AUGA SZCCT0222	Contig	7901827	62.5	104	131603	-0.357268	-1.349	retain_candidate	primary_contiguity_candidate	synteny_candidate	pending	pending	
CANON_00359	GCF_018130215.1	GCA_018130215.1	paired		GCF_018130215.1	current	GCF_018130215.1	REFSEQ	current	current_refseq_preferred	Bradyrhizobium jicamae	280332	SZCCT0215	Contig	8547214	64	135	136341	0.147956	0.6745	retain_candidate	primary_contiguity_candidate	synteny_candidate	pending	pending	
CANON_00360	GCF_018130245.1	GCA_018130245.1	paired		GCF_018130245.1	current	GCF_018130245.1	REFSEQ	current	current_refseq_preferred	Bradyrhizobium sp. SZCCT0231	3697515	SZCCT0231	Contig	7359052	64.5	44	328915	-0.782166	1.349	retain_candidate	primary_contiguity_candidate	synteny_candidate	pending	pending	
CANON_00361	GCF_018130265.1	GCA_018130265.1	paired		GCF_018130265.1	current	GCF_018130265.1	REFSEQ	current	current_refseq_preferred	Bradyrhizobium ottawaense	931866	SZCCT0234	Contig	7436832	64.5	54	324520	-0.721278	1.349	retain_candidate	primary_contiguity_candidate	synteny_candidate	pending	pending	
CANON_00362	GCF_018130275.1	GCA_018130275.1	paired		GCF_018130275.1	suppressed	GCA_018130275.1	GENBANK	current	fallback_current_genbank	Bradyrhizobium liaoningense	43992	SZCCT0233	Contig	10339975	63.5	517	63959	1.551373	0.0	retain_candidate	secondary_fragmented	presence_absence_only	pending	pending	pangenome_fragmented;suppressed_or_unavailable_refseq_fallback;synteny_fragmented
CANON_00363	GCF_018130305.1	GCA_018130305.1	paired		GCF_018130305.1	suppressed	GCA_018130305.1	GENBANK	current	fallback_current_genbank	Bradyrhizobium diazoefficiens	1355477	SZCCT0235	Contig	7242859	64.5	33	417027	-0.873124	1.349	retain_candidate	primary_contiguity_candidate	synteny_candidate	pending	pending	suppressed_or_unavailable_refseq_fallback
CANON_00364	GCF_018130325.1	GCA_018130325.1	paired		GCF_018130325.1	current	GCF_018130325.1	REFSEQ	current	current_refseq_preferred	Bradyrhizobium sp. AUGA SZCCT0274	2807670	AUGA SZCCT0274	Contig	7439330	62.5	77	163127	-0.719322	-1.349	retain_candidate	primary_contiguity_candidate	synteny_candidate	pending	pending	
CANON_00365	GCF_018130345.1	GCA_018130345.1	paired		GCF_018130345.1	current	GCF_018130345.1	REFSEQ	current	current_refseq_preferred	Bradyrhizobium sp. AUGA SZCCT0240	2807669	AUGA SZCCT0240	Contig	7584886	62.5	62	197765	-0.605377	-1.349	retain_candidate	primary_contiguity_candidate	synteny_candidate	pending	pending	
CANON_00366	GCF_018130365.1	GCA_018130365.1	paired		GCF_018130365.1	current	GCF_018130365.1	REFSEQ	current	current_refseq_preferred	Bradyrhizobium japonicum	375	SZCCT0280	Contig	9032875	64	43	537106	0.528143	0.6745	retain_candidate	primary_contiguity_candidate	synteny_candidate	pending	pending	
CANON_00367	GCF_018130385.1	GCA_018130385.1	paired		GCF_018130385.1	current	GCF_018130385.1	REFSEQ	current	current_refseq_preferred	Bradyrhizobium sp. AUGA SZCCT0283	2807671	AUGA SZCCT0283	Contig	8068558	62.5	111	230021	-0.226747	-1.349	retain_candidate	primary_contiguity_candidate	synteny_candidate	pending	pending	
CANON_00368	GCF_018130405.1	GCA_018130405.1	paired		GCF_018130405.1	current	GCF_018130405.1	REFSEQ	current	current_refseq_preferred	Bradyrhizobium ottawaense	931866	SZCCT0286	Contig	7553862	64.5	38	422884	-0.629664	1.349	retain_candidate	primary_contiguity_candidate	synteny_candidate	pending	pending	
CANON_00369	GCF_018130425.1	GCA_018130425.1	paired		GCF_018130425.1	current	GCF_018130425.1	REFSEQ	current	current_refseq_preferred	Bradyrhizobium ottawaense	931866	SZCCT0284	Contig	8343549	64	100	336855	-0.011478	0.6745	retain_candidate	primary_contiguity_candidate	synteny_candidate	pending	pending	
CANON_00370	GCF_018130445.1	GCA_018130445.1	paired		GCF_018130445.1	suppressed	GCA_018130445.1	GENBANK	current	fallback_current_genbank	Bradyrhizobium liaoningense	43992	SZCCT0285	Contig	10239478	63.5	511	53353	1.472701	0.0	retain_candidate	secondary_fragmented	presence_absence_only	pending	pending	pangenome_fragmented;suppressed_or_unavailable_refseq_fallback;synteny_fragmented
CANON_00371	GCF_018130465.1	GCA_018130465.1	paired		GCF_018130465.1	current	GCF_018130465.1	REFSEQ	current	current_refseq_preferred	Bradyrhizobium canariense	255045	SZCCT0289	Contig	7511607	64	32	398686	-0.662742	0.6745	retain_candidate	primary_contiguity_candidate	synteny_candidate	pending	pending	
CANON_00372	GCF_018130485.1	GCA_018130485.1	paired		GCF_018130485.1	current	GCF_018130485.1	REFSEQ	current	current_refseq_preferred	Bradyrhizobium diazoefficiens	1355477	SZCCT0287	Contig	9626510	63.5	496	52181	0.992855	0.0	retain_candidate	primary_contiguity_candidate	presence_absence_only	pending	pending	synteny_fragmented
CANON_00373	GCF_018130505.1	GCA_018130505.1	paired		GCF_018130505.1	current	GCF_018130505.1	REFSEQ	current	current_refseq_preferred	Bradyrhizobium tropiciagri	312253	SZCCT0294	Contig	7494187	65	32	449340	-0.676379	2.0235	retain_candidate	primary_contiguity_candidate	synteny_candidate	pending	pending	
CANON_00374	GCF_018130525.1	GCA_018130525.1	paired		GCF_018130525.1	suppressed	GCA_018130525.1	GENBANK	current	fallback_current_genbank	Bradyrhizobium liaoningense	43992	SZCCT0293	Contig	10642753	63.5	534	63984	1.788394	0.0	retain_candidate	secondary_fragmented	presence_absence_only	pending	pending	pangenome_fragmented;suppressed_or_unavailable_refseq_fallback;synteny_fragmented
CANON_00375	GCF_018130545.1	GCA_018130545.1	paired		GCF_018130545.1	current	GCF_018130545.1	REFSEQ	current	current_refseq_preferred	Bradyrhizobium tropiciagri	312253	SZCCT0338	Contig	8382111	64	20	868356	0.018709	0.6745	retain_candidate	primary_contiguity_candidate	synteny_candidate	pending	pending	
CANON_00376	GCF_018130565.1	GCA_018130565.1	paired		GCF_018130565.1	current	GCF_018130565.1	REFSEQ	current	current_refseq_preferred	Bradyrhizobium liaoningense	43992	SZCCT0337	Contig	7930038	64	58	448112	-0.335184	0.6745	retain_candidate	primary_contiguity_candidate	synteny_candidate	pending	pending	
CANON_00377	GCF_018130585.1	GCA_018130585.1	paired		GCF_018130585.1	current	GCF_018130585.1	REFSEQ	current	current_refseq_preferred	Bradyrhizobium diazoefficiens	1355477	SZCCT0340	Contig	9646558	63.5	509	52235	1.008549	0.0	retain_candidate	secondary_fragmented	presence_absence_only	pending	pending	pangenome_fragmented;synteny_fragmented
CANON_00378	GCF_018130595.1	GCA_018130595.1	paired		GCF_018130595.1	suppressed	GCA_018130595.1	GENBANK	current	fallback_current_genbank	Bradyrhizobium liaoningense	43992	SZCCT0342	Contig	10181330	63.5	426	67591	1.427181	0.0	retain_candidate	primary_contiguity_candidate	presence_absence_only	pending	pending	suppressed_or_unavailable_refseq_fallback;synteny_fragmented
CANON_00379	GCF_018130615.1	GCA_018130615.1	paired		GCF_018130615.1	current	GCF_018130615.1	REFSEQ	current	current_refseq_preferred	Bradyrhizobium manausense	989370	SZCCT0344	Contig	7776092	64	49	303339	-0.455697	0.6745	retain_candidate	primary_contiguity_candidate	synteny_candidate	pending	pending	
CANON_00380	GCF_018130635.1	GCA_018130635.1	paired		GCF_018130635.1	current	GCF_018130635.1	REFSEQ	current	current_refseq_preferred	Bradyrhizobium diazoefficiens	1355477	SZCCT0341	Contig	9600591	63.5	490	52094	0.972565	0.0	retain_candidate	primary_contiguity_candidate	presence_absence_only	pending	pending	synteny_fragmented
CANON_00381	GCF_018130665.1	GCA_018130665.1	paired		GCF_018130665.1	current	GCF_018130665.1	REFSEQ	current	current_refseq_preferred	Bradyrhizobium manausense	989370	SZCCT0345	Contig	7885802	63.5	34	505207	-0.369813	0.0	retain_candidate	primary_contiguity_candidate	synteny_candidate	pending	pending	
CANON_00382	GCF_018130685.1	GCA_018130685.1	paired		GCF_018130685.1	current	GCF_018130685.1	REFSEQ	current	current_refseq_preferred	Bradyrhizobium liaoningense	43992	SZCCT0347	Contig	7608398	64.5	17	1030357	-0.586972	1.349	retain_candidate	primary_contiguity_candidate	synteny_candidate	pending	pending	
CANON_00383	GCF_018130695.1	GCA_018130695.1	paired		GCF_018130695.1	current	GCF_018130695.1	REFSEQ	current	current_refseq_preferred	Bradyrhizobium jicamae	280332	SZCCT0349	Contig	8680666	64	66	234736	0.252426	0.6745	retain_candidate	primary_contiguity_candidate	synteny_candidate	pending	pending	
CANON_00384	GCF_018130725.1	GCA_018130725.1	paired		GCF_018130725.1	current	GCF_018130725.1	REFSEQ	current	current_refseq_preferred	Bradyrhizobium liaoningense	43992	SZCCT0396	Contig	8274914	64.5	35	567320	-0.065207	1.349	retain_candidate	primary_contiguity_candidate	synteny_candidate	pending	pending	
CANON_00385	GCF_018130735.1	GCA_018130735.1	paired		GCF_018130735.1	current	GCF_018130735.1	REFSEQ	current	current_refseq_preferred	Bradyrhizobium japonicum	375	SZCCT0395	Contig	8637816	64	47	422786	0.218882	0.6745	retain_candidate	primary_contiguity_candidate	synteny_candidate	pending	pending	
CANON_00386	GCF_018130765.1	GCA_018130765.1	paired		GCF_018130765.1	current	GCF_018130765.1	REFSEQ	current	current_refseq_preferred	Bradyrhizobium iriomotense	441950	SZCCT0346	Contig	8380017	64.5	56	257931	0.01707	1.349	retain_candidate	primary_contiguity_candidate	synteny_candidate	pending	pending	
CANON_00387	GCF_018130785.1	GCA_018130785.1	paired		GCF_018130785.1	current	GCF_018130785.1	REFSEQ	current	current_refseq_preferred	Bradyrhizobium liaoningense	43992	SZCCT0399	Contig	8301925	64	68	240128	-0.044062	0.6745	retain_candidate	primary_contiguity_candidate	synteny_candidate	pending	pending	
CANON_00388	GCF_018130795.1	GCA_018130795.1	paired		GCF_018130795.1	current	GCF_018130795.1	REFSEQ	current	current_refseq_preferred	Bradyrhizobium japonicum	375	SZCCT0402	Contig	8593443	64	19	936985	0.184145	0.6745	retain_candidate	primary_contiguity_candidate	synteny_candidate	pending	pending	
CANON_00389	GCF_018130825.1	GCA_018130825.1	paired		GCF_018130825.1	current	GCF_018130825.1	REFSEQ	current	current_refseq_preferred	Bradyrhizobium liaoningense	43992	SZCCT0400	Contig	8076746	64.5	27	685377	-0.220338	1.349	retain_candidate	primary_contiguity_candidate	synteny_candidate	pending	pending	
CANON_00390	GCF_018130835.1	GCA_018130835.1	paired		GCF_018130835.1	current	GCF_018130835.1	REFSEQ	current	current_refseq_preferred	Bradyrhizobium japonicum	375	SZCCT0401	Contig	8963235	64	64	419395	0.473627	0.6745	retain_candidate	primary_contiguity_candidate	synteny_candidate	pending	pending	
CANON_00391	GCF_018130855.1	GCA_018130855.1	paired		GCF_018130855.1	current	GCF_018130855.1	REFSEQ	current	current_refseq_preferred	Bradyrhizobium liaoningense	43992	SZCCT0397	Contig	8264038	64.5	34	433663	-0.073721	1.349	retain_candidate	primary_contiguity_candidate	synteny_candidate	pending	pending	
CANON_00392	GCF_018130885.1	GCA_018130885.1	paired		GCF_018130885.1	current	GCF_018130885.1	REFSEQ	current	current_refseq_preferred	Bradyrhizobium sp. KB893862 SZCCT0404	2807672	KB893862 SZCCT0404	Contig	8497077	65	27	565119	0.108708	2.0235	retain_candidate	primary_contiguity_candidate	synteny_candidate	pending	pending	
CANON_00393	GCF_018130895.1	GCA_018130895.1	paired		GCF_018130895.1	suppressed	GCA_018130895.1	GENBANK	current	fallback_current_genbank	Bradyrhizobium diazoefficiens	1355477	SZCCT0406	Contig	7209264	65	59	405587	-0.899423	2.0235	retain_candidate	primary_contiguity_candidate	synteny_candidate	pending	pending	suppressed_or_unavailable_refseq_fallback
CANON_00394	GCF_018130925.1	GCA_018130925.1	paired		GCF_018130925.1	current	GCF_018130925.1	REFSEQ	current	current_refseq_preferred	Bradyrhizobium japonicum	375	SZCCT0403	Contig	8872941	64	40	593351	0.402943	0.6745	retain_candidate	primary_contiguity_candidate	synteny_candidate	pending	pending	
CANON_00395	GCF_018130945.1	GCA_018130945.1	paired		GCF_018130945.1	current	GCF_018130945.1	REFSEQ	current	current_refseq_preferred	Bradyrhizobium manausense	989370	SZCCT0412	Contig	8360168	63.5	50	386452	0.001532	0.0	retain_candidate	primary_contiguity_candidate	synteny_candidate	pending	pending	
CANON_00396	GCF_018130955.1	GCA_018130955.1	paired		GCF_018130955.1	current	GCF_018130955.1	REFSEQ	current	current_refseq_preferred	Bradyrhizobium liaoningense	43992	SZCCT0420	Contig	8293018	63.5	158	102387	-0.051035	0.0	retain_candidate	primary_contiguity_candidate	synteny_candidate	pending	pending	
CANON_00397	GCF_018130985.1	GCA_018130985.1	paired		GCF_018130985.1	current	GCF_018130985.1	REFSEQ	current	current_refseq_preferred	Bradyrhizobium manausense	989370	SZCCT0421	Contig	7585183	64	56	314403	-0.605145	0.6745	retain_candidate	primary_contiguity_candidate	synteny_candidate	pending	pending	
CANON_00398	GCF_018131005.1	GCA_018131005.1	paired		GCF_018131005.1	current	GCF_018131005.1	REFSEQ	current	current_refseq_preferred	Bradyrhizobium lablabi	722472	SZCCT0422	Contig	7320283	62.5	39	607227	-0.812515	-1.349	retain_candidate	primary_contiguity_candidate	synteny_candidate	pending	pending	
CANON_00399	GCF_018131015.1	GCA_018131015.1	paired		GCF_018131015.1	suppressed	GCA_018131015.1	GENBANK	current	fallback_current_genbank	Bradyrhizobium diazoefficiens	1355477	SZCCT0423	Contig	7095320	65	69	209377	-0.988621	2.0235	retain_candidate	primary_contiguity_candidate	synteny_candidate	pending	pending	suppressed_or_unavailable_refseq_fallback
CANON_00400	GCF_018131045.1	GCA_018131045.1	paired		GCF_018131045.1	current	GCF_018131045.1	REFSEQ	current	current_refseq_preferred	Bradyrhizobium elkanii	29448	SZCCT0424	Contig	8713111	64	118	150833	0.277824	0.6745	retain_candidate	primary_contiguity_candidate	synteny_candidate	pending	pending	
CANON_00401	GCF_018131065.1	GCA_018131065.1	paired		GCF_018131065.1	current	GCF_018131065.1	REFSEQ	current	current_refseq_preferred	Bradyrhizobium sp. AUGA SZCCT0431	2807674	AUGA SZCCT0431	Contig	8131005	62.5	105	156454	-0.177862	-1.349	retain_candidate	primary_contiguity_candidate	synteny_candidate	pending	pending	
CANON_00402	GCF_018131075.1	GCA_018131075.1	paired		GCF_018131075.1	current	GCF_018131075.1	REFSEQ	current	current_refseq_preferred	Bradyrhizobium sp. JYMT SZCCT0428	2807673	JYMT SZCCT0428	Contig	9243757	61.5	180	134089	0.693227	-2.698	retain_candidate	primary_contiguity_candidate	synteny_candidate	pending	pending	
CANON_00403	GCF_018131105.1	GCA_018131105.1	paired		GCF_018131105.1	current	GCF_018131105.1	REFSEQ	current	current_refseq_preferred	Bradyrhizobium manausense	989370	SZCCT0433	Contig	6871711	64	23	4260718	-1.163668	0.6745	retain_candidate	primary_contiguity_candidate	synteny_candidate	pending	pending	
CANON_00404	GCF_018131115.1	GCA_018131115.1	paired		GCF_018131115.1	current	GCF_018131115.1	REFSEQ	current	current_refseq_preferred	Bradyrhizobium jicamae	280332	SZCCT0434	Contig	8922453	63.5	151	124175	0.441702	0.0	retain_candidate	primary_contiguity_candidate	synteny_candidate	pending	pending	
CANON_00405	GCF_018131145.1	GCA_018131145.1	paired		GCF_018131145.1	suppressed	GCA_018131145.1	GENBANK	current	fallback_current_genbank	Bradyrhizobium diazoefficiens	1355477	SZCCT0435	Contig	7080073	64.5	18	1119287	-1.000557	1.349	retain_candidate	primary_contiguity_candidate	synteny_candidate	pending	pending	suppressed_or_unavailable_refseq_fallback
CANON_00406	GCF_018131165.1	GCA_018131165.1	paired		GCF_018131165.1	suppressed	GCA_018131165.1	GENBANK	current	fallback_current_genbank	Bradyrhizobium diazoefficiens	1355477	SZCCT0440	Contig	7076265	64.5	18	757700	-1.003538	1.349	retain_candidate	primary_contiguity_candidate	synteny_candidate	pending	pending	suppressed_or_unavailable_refseq_fallback
CANON_00407	GCF_018131185.1	GCA_018131185.1	paired		GCF_018131185.1	suppressed	GCA_018131185.1	GENBANK	current	fallback_current_genbank	Bradyrhizobium diazoefficiens	1355477	SZCCT0449	Contig	6943378	64.5	23	905187	-1.107565	1.349	retain_candidate	primary_contiguity_candidate	synteny_candidate	pending	pending	suppressed_or_unavailable_refseq_fallback
CANON_00408	GCF_018131205.1	GCA_018131205.1	paired		GCF_018131205.1	current	GCF_018131205.1	REFSEQ	current	current_refseq_preferred	Bradyrhizobium sp. AUGA SZCCT0045	2807652	AUGA SZCCT0045	Contig	8497585	64.5	30	657219	0.109105	1.349	retain_candidate	primary_contiguity_candidate	synteny_candidate	pending	pending	
CANON_00409	GCF_018131225.1	GCA_018131225.1	paired		GCF_018131225.1	current	GCF_018131225.1	REFSEQ	current	current_refseq_preferred	Bradyrhizobium sp. U87765 SZCCT0048	2807653	U87765 SZCCT0048	Contig	7763626	66.5	13	1197811	-0.465455	4.047	manual_review	primary_contiguity_candidate	synteny_candidate	pending	pending	gc_percent_outlier
CANON_00410	GCF_018131235.1	GCA_018131235.1	paired		GCF_018131235.1	current	GCF_018131235.1	REFSEQ	current	current_refseq_preferred	Bradyrhizobium ottawaense	931866	SZCCT0046	Contig	8434277	64	79	319336	0.059546	0.6745	retain_candidate	primary_contiguity_candidate	synteny_candidate	pending	pending	
CANON_00411	GCF_018398875.1	GCA_018398875.1	paired		GCF_018398875.1	current	GCF_018398875.1	REFSEQ	current	current_refseq_preferred	Bradyrhizobium sp. sGM-13	2831781	sGM-13	Scaffold	8309700	62	576	247668	-0.037976	-2.0235	retain_candidate	secondary_fragmented	presence_absence_only	pending	pending	pangenome_fragmented;synteny_fragmented
CANON_00412	GCF_018398895.1	GCA_018398895.1	paired		GCF_018398895.1	current	GCF_018398895.1	REFSEQ	current	current_refseq_preferred	Bradyrhizobium sp. sBnM-33	2831780	sBnM-33	Scaffold	8966052	61.5	334	121392	0.475833	-2.698	retain_candidate	primary_contiguity_candidate	presence_absence_only	pending	pending	synteny_fragmented
CANON_00413	GCF_018449525.1	GCA_018449525.1	paired		GCF_018449525.1	current	GCF_018449525.1	REFSEQ	current	current_refseq_preferred	Bradyrhizobium sp. dw_78	2719793	dw_78	Contig	6038584	62	30	527535	-1.81586	-2.0235	retain_candidate	primary_contiguity_candidate	synteny_candidate	pending	pending	
CANON_00414	GCF_018449695.1	GCA_018449695.1	paired		GCF_018449695.1	current	GCF_018449695.1	REFSEQ	current	current_refseq_preferred	Bradyrhizobium sp. dw_411	2720082	dw_411	Contig	7319157	61	54	335659	-0.813396	-3.3725	retain_candidate	primary_contiguity_candidate	synteny_candidate	pending	pending	
CANON_00415	GCF_018596315.1	GCA_018596315.1	paired		GCF_018596315.1	current	GCF_018596315.1	REFSEQ	current	current_refseq_preferred	Bradyrhizobium sp. SRL28	2836178	SRL28	Contig	9651211	62	262	177041	1.012192	-2.0235	retain_candidate	primary_contiguity_candidate	presence_absence_only	pending	pending	synteny_fragmented
CANON_00416	GCF_018736085.1	GCA_018736085.1	paired		GCF_018736085.1	current	GCF_018736085.1	REFSEQ	current	current_refseq_preferred	Bradyrhizobium sediminis	2840469	S2-20-1	Complete Genome	5554208	63.5	1	5554208	-2.195041	0.0	retain_candidate	primary_contiguity_candidate	synteny_candidate	pending	pending	
CANON_00417	GCF_018736105.1	GCA_018736105.1	paired		GCF_018736105.1	current	GCF_018736105.1	REFSEQ	current	current_refseq_preferred	Bradyrhizobium sediminis	2840469	S2-11-2	Complete Genome	5450494	64	1	5450494	-2.276231	0.6745	retain_candidate	primary_contiguity_candidate	synteny_candidate	pending	pending	
CANON_00418	GCF_018736125.1	GCA_018736125.1	paired		GCF_018736125.1	current	GCF_018736125.1	REFSEQ	current	current_refseq_preferred	Bradyrhizobium sediminis	2840469	S2-11-4	Complete Genome	5477950	63.5	1	5477950	-2.254738	0.0	retain_candidate	primary_contiguity_candidate	synteny_candidate	pending	pending	
CANON_00419		GCA_018971675.1	unpaired		GCA_018971675.1	current	GCA_018971675.1	GENBANK	current	current_genbank_singleton	Bradyrhizobium sp.	376		Contig	3451452	63	313	14538	-3.841129	-0.6745	manual_review	secondary_fragmented	presence_absence_only	pending	pending	genome_size_outlier;pangenome_fragmented;synteny_fragmented
CANON_00420		GCA_019232395.1	unpaired		GCA_019232395.1	current	GCA_019232395.1	GENBANK	current	current_genbank_singleton	Bradyrhizobium sp.	376		Contig	5596966	64	1416	4184	-2.161569	0.6745	retain_candidate	secondary_fragmented	presence_absence_only	pending	pending	pangenome_fragmented;synteny_fragmented
CANON_00421		GCA_019242075.1	unpaired		GCA_019242075.1	current	GCA_019242075.1	GENBANK	current	current_genbank_singleton	Bradyrhizobium sp.	376		Contig	4552775	61	1079	4538	-2.978987	-3.3725	retain_candidate	secondary_fragmented	presence_absence_only	pending	pending	pangenome_fragmented;synteny_fragmented
CANON_00422	GCF_019242285.1	GCA_019242285.1	paired		GCF_019242285.1	current	GCF_019242285.1	REFSEQ	current	current_refseq_preferred	Bradyrhizobium sp.	376		Contig	7832037	65	979	11414	-0.411902	2.0235	retain_candidate	secondary_fragmented	presence_absence_only	pending	pending	pangenome_fragmented;synteny_fragmented
CANON_00423		GCA_019243075.1	unpaired		GCA_019243075.1	current	GCA_019243075.1	GENBANK	current	current_genbank_singleton	Bradyrhizobium sp.	376		Contig	3794688	64.5	459	10748	-3.572436	1.349	manual_review	secondary_fragmented	presence_absence_only	pending	pending	genome_size_outlier;pangenome_fragmented;synteny_fragmented
CANON_00424	GCF_019244115.1	GCA_019244115.1	paired		GCF_019244115.1	current	GCF_019244115.1	REFSEQ	current	current_refseq_preferred	Bradyrhizobium sp.	376		Contig	7645087	63.5	915	11509	-0.558251	0.0	retain_candidate	secondary_fragmented	presence_absence_only	pending	pending	pangenome_fragmented;synteny_fragmented
CANON_00425		GCA_019244325.1	unpaired		GCA_019244325.1	current	GCA_019244325.1	GENBANK	current	current_genbank_singleton	Bradyrhizobium sp.	376		Contig	6322640	63	1404	5238	-1.593494	-0.6745	retain_candidate	secondary_fragmented	presence_absence_only	pending	pending	pangenome_fragmented;synteny_fragmented
CANON_00426	GCF_019247825.1	GCA_019247825.1	paired		GCF_019247825.1	current	GCF_019247825.1	REFSEQ	current	current_refseq_preferred	Bradyrhizobium sp.	376		Contig	8146265	63.5	775	15892	-0.165916	0.0	retain_candidate	secondary_fragmented	presence_absence_only	pending	pending	pangenome_fragmented;synteny_fragmented
CANON_00427	GCF_019402665.1	GCA_019402665.1	paired		GCF_019402665.1	current	GCF_019402665.1	REFSEQ	current	current_refseq_preferred	Bradyrhizobium canariense	255045	BTA-1	Scaffold	8561472	63	155	130886	0.159118	-0.6745	retain_candidate	primary_contiguity_candidate	synteny_candidate	pending	pending	
CANON_00428	GCF_019455385.1	GCA_019455385.1	paired		GCF_019455385.1	current	GCF_019455385.1	REFSEQ	current	current_refseq_preferred	Bradyrhizobium sp. BR 10289	2749993	BR 10289	Scaffold	7755363	64.5	62	230410	-0.471924	1.349	retain_candidate	primary_contiguity_candidate	synteny_candidate	pending	pending	
CANON_00429	GCF_019455395.1	GCA_019455395.1	paired		GCF_019455395.1	current	GCF_019455395.1	REFSEQ	current	current_refseq_preferred	Bradyrhizobium sp. BR 10261	2749992	BR 10261	Scaffold	7561022	63.5	79	190968	-0.624059	0.0	retain_candidate	primary_contiguity_candidate	synteny_candidate	pending	pending	
CANON_00430		GCA_019509805.1	unpaired		GCA_019509805.1	current	GCA_019509805.1	GENBANK	current	current_genbank_singleton	Bradyrhizobium sp.	376		Scaffold	1442250	62	518	3056	-5.413981	-2.0235	manual_review	secondary_fragmented	presence_absence_only	pending	pending	genome_size_outlier;pangenome_fragmented;synteny_fragmented
CANON_00431		GCA_019510065.1	unpaired		GCA_019510065.1	current	GCA_019510065.1	GENBANK	current	current_genbank_singleton	Bradyrhizobium sp.	376		Scaffold	4279939	64	3060	1369	-3.192569	0.6745	retain_candidate	secondary_fragmented	presence_absence_only	pending	pending	pangenome_fragmented;synteny_fragmented
CANON_00432	GCF_019972155.1	GCA_019972155.1	paired		GCF_019972155.1	current	GCF_019972155.1	REFSEQ	current	current_refseq_preferred	Bradyrhizobium sp. RD5-C2	244562	RD5-C2	Scaffold	8259668	64	126	160648	-0.077142	0.6745	retain_candidate	primary_contiguity_candidate	synteny_candidate	pending	pending	
CANON_00433	GCF_020193585.1	GCA_020193585.1	paired		GCF_020193585.1	current	GCF_020193585.1	REFSEQ	current	current_refseq_preferred	Bradyrhizobium sp. IC3195	2793804	IC3195	Contig	8000928	64	118	272715	-0.27969	0.6745	retain_candidate	primary_contiguity_candidate	synteny_candidate	pending	pending	
CANON_00434	GCF_020193615.1	GCA_020193615.1	paired		GCF_020193615.1	current	GCF_020193615.1	REFSEQ	current	current_refseq_preferred	Bradyrhizobium sp. IC4059	2793805	IC4059	Contig	7949925	64	62	539399	-0.319616	0.6745	retain_candidate	primary_contiguity_candidate	synteny_candidate	pending	pending	
CANON_00435	GCF_020193625.1	GCA_020193625.1	paired		GCF_020193625.1	current	GCF_020193625.1	REFSEQ	current	current_refseq_preferred	Bradyrhizobium sp. IC3123	2793803	IC3123	Contig	8074616	64	83	649280	-0.222005	0.6745	retain_candidate	primary_contiguity_candidate	synteny_candidate	pending	pending	
CANON_00436	GCF_020193675.1	GCA_020193675.1	paired		GCF_020193675.1	current	GCF_020193675.1	REFSEQ	current	current_refseq_preferred	Bradyrhizobium sp. IC3069	2793806	IC3069	Contig	7952168	64	66	538640	-0.31786	0.6745	retain_candidate	primary_contiguity_candidate	synteny_candidate	pending	pending	
CANON_00437	GCF_020193695.1	GCA_020193695.1	paired		GCF_020193695.1	current	GCF_020193695.1	REFSEQ	current	current_refseq_preferred	Bradyrhizobium sp. IC4061	2793808	IC4061	Contig	7976414	64	142	163788	-0.29888	0.6745	retain_candidate	primary_contiguity_candidate	synteny_candidate	pending	pending	
CANON_00438	GCF_020193715.1	GCA_020193715.1	paired		GCF_020193715.1	current	GCF_020193715.1	REFSEQ	current	current_refseq_preferred	Bradyrhizobium sp. IC4060	2793807	IC4060	Contig	8001346	64	132	458309	-0.279363	0.6745	retain_candidate	primary_contiguity_candidate	synteny_candidate	pending	pending	
CANON_00439	GCF_020193755.1	GCA_020193755.1	paired		GCF_020193755.1	current	GCF_020193755.1	REFSEQ	current	current_refseq_preferred	Bradyrhizobium sp. NBAIM32	2793809	NBAIM32	Contig	7620765	64	158	139266	-0.57729	0.6745	retain_candidate	primary_contiguity_candidate	synteny_candidate	pending	pending	
CANON_00440	GCF_020193815.1	GCA_020193815.1	paired		GCF_020193815.1	current	GCF_020193815.1	REFSEQ	current	current_refseq_preferred	Bradyrhizobium sp. NBAIM20	2793811	NBAIM20	Contig	8063828	64	461	109355	-0.23045	0.6745	retain_candidate	primary_contiguity_candidate	presence_absence_only	pending	pending	synteny_fragmented
CANON_00441	GCF_020193825.1	GCA_020193825.1	paired		GCF_020193825.1	current	GCF_020193825.1	REFSEQ	current	current_refseq_preferred	Bradyrhizobium sp. NBAIM18	2793812	NBAIM18	Contig	7944901	64	94	404147	-0.323549	0.6745	retain_candidate	primary_contiguity_candidate	synteny_candidate	pending	pending	
CANON_00442	GCF_020193875.1	GCA_020193875.1	paired		GCF_020193875.1	current	GCF_020193875.1	REFSEQ	current	current_refseq_preferred	Bradyrhizobium sp. NBAIM16	2793813	NBAIM16	Contig	7868545	64	103	294527	-0.383322	0.6745	retain_candidate	primary_contiguity_candidate	synteny_candidate	pending	pending	
CANON_00443	GCF_020193895.1	GCA_020193895.1	paired		GCF_020193895.1	current	GCF_020193895.1	REFSEQ	current	current_refseq_preferred	Bradyrhizobium sp. NBAIM14	2793814	NBAIM14	Contig	7922472	64	127	295424	-0.341107	0.6745	retain_candidate	primary_contiguity_candidate	synteny_candidate	pending	pending	
CANON_00444	GCF_020193935.1	GCA_020193935.1	paired		GCF_020193935.1	current	GCF_020193935.1	REFSEQ	current	current_refseq_preferred	Bradyrhizobium sp. NBAIM08	2793815	NBAIM08	Contig	8779238	64	1432	562227	0.32959	0.6745	retain_candidate	secondary_fragmented	presence_absence_only	pending	pending	pangenome_fragmented;synteny_fragmented
CANON_00445	GCF_020193975.1	GCA_020193975.1	paired		GCF_020193975.1	current	GCF_020193975.1	REFSEQ	current	current_refseq_preferred	Bradyrhizobium sp. NBAIM02	2793817	NBAIM02	Contig	7879084	64	103	418886	-0.375072	0.6745	retain_candidate	primary_contiguity_candidate	synteny_candidate	pending	pending	
CANON_00446	GCF_020194035.1	GCA_020194035.1	paired		GCF_020194035.1	current	GCF_020194035.1	REFSEQ	current	current_refseq_preferred	Bradyrhizobium sp. BRP56	2793819	BRP56	Contig	9217211	63.5	270	100027	0.672446	0.0	retain_candidate	primary_contiguity_candidate	presence_absence_only	pending	pending	synteny_fragmented
CANON_00447	GCF_020194055.1	GCA_020194055.1	paired		GCF_020194055.1	current	GCF_020194055.1	REFSEQ	current	current_refseq_preferred	Bradyrhizobium sp. NBAIM03	2793816	NBAIM03	Contig	8079736	64	305	229583	-0.217997	0.6745	retain_candidate	primary_contiguity_candidate	presence_absence_only	pending	pending	synteny_fragmented
CANON_00448	GCF_020194115.1	GCA_020194115.1	paired		GCF_020194115.1	current	GCF_020194115.1	REFSEQ	current	current_refseq_preferred	Bradyrhizobium sp. NBAIM01	2793818	NBAIM01	Contig	7777200	64	51	515068	-0.454829	0.6745	retain_candidate	primary_contiguity_candidate	synteny_candidate	pending	pending	
CANON_00449	GCF_020194135.1	GCA_020194135.1	paired		GCF_020194135.1	current	GCF_020194135.1	REFSEQ	current	current_refseq_preferred	Bradyrhizobium sp. BRP23	2793820	BRP23	Contig	7933404	64	80	514726	-0.332549	0.6745	retain_candidate	primary_contiguity_candidate	synteny_candidate	pending	pending	
CANON_00450	GCF_020194175.1	GCA_020194175.1	paired		GCF_020194175.1	current	GCF_020194175.1	REFSEQ	current	current_refseq_preferred	Bradyrhizobium sp. BRP22	2793821	BRP22	Contig	8363720	63	183	164866	0.004313	-0.6745	retain_candidate	primary_contiguity_candidate	synteny_candidate	pending	pending	
CANON_00451	GCF_020194195.1	GCA_020194195.1	paired		GCF_020194195.1	current	GCF_020194195.1	REFSEQ	current	current_refseq_preferred	Bradyrhizobium sp. BRP19	2793823	BRP19	Contig	8277742	64	270	526140	-0.062993	0.6745	retain_candidate	primary_contiguity_candidate	presence_absence_only	pending	pending	synteny_fragmented
CANON_00452	GCF_020194215.1	GCA_020194215.1	paired		GCF_020194215.1	current	GCF_020194215.1	REFSEQ	current	current_refseq_preferred	Bradyrhizobium sp. BRP20	2793822	BRP20	Contig	8097479	64	143	401262	-0.204107	0.6745	retain_candidate	primary_contiguity_candidate	synteny_candidate	pending	pending	
CANON_00453	GCF_020194235.1	GCA_020194235.1	paired		GCF_020194235.1	suppressed	GCA_020194235.1	GENBANK	current	fallback_current_genbank	Bradyrhizobium sp. BRP14	2793824	BRP14	Contig	6897609	61.5	139	409086	-1.143394	-2.698	retain_candidate	primary_contiguity_candidate	synteny_candidate	pending	pending	suppressed_or_unavailable_refseq_fallback
CANON_00454	GCF_020194315.1	GCA_020194315.1	paired		GCF_020194315.1	current	GCF_020194315.1	REFSEQ	current	current_refseq_preferred	Bradyrhizobium yuanmingense	108015	BRP09	Contig	8271598	64	159	204514	-0.067803	0.6745	retain_candidate	primary_contiguity_candidate	synteny_candidate	pending	pending	
CANON_00455	GCF_020194335.1	GCA_020194335.1	paired		GCF_020194335.1	suppressed	GCA_020194335.1	GENBANK	current	fallback_current_genbank	Bradyrhizobium sp. BRP05	2793826	BRP05	Contig	8476253	62.5	883	662572	0.092406	-1.349	retain_candidate	secondary_fragmented	presence_absence_only	pending	pending	pangenome_fragmented;suppressed_or_unavailable_refseq_fallback;synteny_fragmented
CANON_00456	GCF_020252445.1	GCA_020252445.1	paired		GCF_020252445.1	current	GCF_020252445.1	REFSEQ	current	current_refseq_preferred	Bradyrhizobium sp.	376		Contig	6850091	65	438	25490	-1.180593	2.0235	retain_candidate	primary_contiguity_candidate	presence_absence_only	pending	pending	synteny_fragmented
CANON_00457	GCF_020252455.1	GCA_020252455.1	paired		GCF_020252455.1	current	GCF_020252455.1	REFSEQ	current	current_refseq_preferred	Bradyrhizobium sp.	376		Contig	6809097	65	374	27802	-1.212684	2.0235	retain_candidate	primary_contiguity_candidate	presence_absence_only	pending	pending	synteny_fragmented
CANON_00458	GCF_020329435.1	GCA_020329435.1	paired		GCF_020329435.1	current	GCF_020329435.1	REFSEQ	current	current_refseq_preferred	Bradyrhizobium hereditatis	2821405	WSM 1738	Contig	7871253	62	61	418770	-0.381202	-2.0235	retain_candidate	primary_contiguity_candidate	synteny_candidate	pending	pending	
CANON_00459	GCF_020329485.1	GCA_020329485.1	paired		GCF_020329485.1	current	GCF_020329485.1	REFSEQ	current	current_refseq_preferred	Bradyrhizobium cenepequi	2821403	CNPSo 4026	Contig	8472857	62.5	188	149882	0.089748	-1.349	retain_candidate	primary_contiguity_candidate	synteny_candidate	pending	pending	
CANON_00460	GCF_020329495.1	GCA_020329495.1	paired		GCF_020329495.1	current	GCF_020329495.1	REFSEQ	current	current_refseq_preferred	Bradyrhizobium australafricanum	2821406	WSM 4400	Contig	9684669	63.5	221	125914	1.038383	0.0	retain_candidate	primary_contiguity_candidate	presence_absence_only	pending	pending	synteny_fragmented
CANON_00461	GCF_020329505.1	GCA_020329505.1	paired		GCF_020329505.1	current	GCF_020329505.1	REFSEQ	current	current_refseq_preferred	Bradyrhizobium semiaridum	2821404	WSM 1704	Contig	6712655	65	120	194653	-1.288181	2.0235	retain_candidate	primary_contiguity_candidate	synteny_candidate	pending	pending	
CANON_00462		GCA_020350345.1	unpaired		GCA_020350345.1	current	GCA_020350345.1	GENBANK	current	current_genbank_singleton	Bradyrhizobium sp.	376		Chromosome	5518564	64.5	685	10043	-2.222944	1.349	retain_candidate	secondary_fragmented	presence_absence_only	pending	pending	pangenome_fragmented;synteny_fragmented
CANON_00463	GCF_020889685.1	GCA_020889685.1	paired		GCF_020889685.1	current	GCF_020889685.1	REFSEQ	current	current_refseq_preferred	Bradyrhizobium oropedii	1571201	Pear76	Contig	9043029	63.5	513	36050	0.536092	0.0	retain_candidate	secondary_fragmented	presence_absence_only	pending	pending	pangenome_fragmented;synteny_fragmented
CANON_00464	GCF_020889705.1	GCA_020889705.1	paired		GCF_020889705.1	current	GCF_020889705.1	REFSEQ	current	current_refseq_preferred	Bradyrhizobium altum	1571202	Pear77	Contig	9758985	63.5	613	28950	1.09656	0.0	retain_candidate	secondary_fragmented	presence_absence_only	pending	pending	pangenome_fragmented;synteny_fragmented
CANON_00465	GCF_020889715.1	GCA_020889715.1	paired		GCF_020889715.1	current	GCF_020889715.1	REFSEQ	current	current_refseq_preferred	Bradyrhizobium brasilense	1419277	Cham227	Contig	9072283	63.5	917	17537	0.558993	0.0	retain_candidate	secondary_fragmented	presence_absence_only	pending	pending	pangenome_fragmented;synteny_fragmented
CANON_00466	GCF_020889745.1	GCA_020889745.1	paired		GCF_020889745.1	current	GCF_020889745.1	REFSEQ	current	current_refseq_preferred	Bradyrhizobium ivorense	2511166	Arg68	Contig	9412857	64	906	19201	0.825602	0.6745	retain_candidate	secondary_fragmented	presence_absence_only	pending	pending	pangenome_fragmented;synteny_fragmented
CANON_00467	GCF_020889755.1	GCA_020889755.1	paired		GCF_020889755.1	current	GCF_020889755.1	REFSEQ	current	current_refseq_preferred	Bradyrhizobium brasilense	1419277	Arg62	Contig	9236472	63.5	613	28398	0.687524	0.0	retain_candidate	secondary_fragmented	presence_absence_only	pending	pending	pangenome_fragmented;synteny_fragmented
CANON_00468	GCF_020889785.1	GCA_020889785.1	paired		GCF_020889785.1	current	GCF_020889785.1	REFSEQ	current	current_refseq_preferred	Bradyrhizobium acaciae	2683706	10BB	Contig	8471967	63.5	334	47328	0.089051	0.0	retain_candidate	primary_contiguity_candidate	presence_absence_only	pending	pending	synteny_fragmented
CANON_00469	GCF_021044685.1	GCA_021044685.1	paired		GCF_021044685.1	current	GCF_021044685.1	REFSEQ	current	current_refseq_preferred	Bradyrhizobium daqingense	993502	CCBAU 15774	Complete Genome	7998085	63.5	1	7998085	-0.281915	0.0	retain_candidate	primary_contiguity_candidate	synteny_candidate	pending	pending	
CANON_00470	GCF_021052245.1	GCA_021052245.1	paired		GCF_021052245.1	current	GCF_021052245.1	REFSEQ	current	current_refseq_preferred	Bradyrhizobium sp. WSM471	319017	WSM471	Complete Genome	7785529	63.5	1	7785529	-0.448309	0.0	retain_candidate	primary_contiguity_candidate	synteny_candidate	pending	pending	
CANON_00471	GCF_021052265.1	GCA_021052265.1	paired		GCF_021052265.1	current	GCF_021052265.1	REFSEQ	current	current_refseq_preferred	Bradyrhizobium arachidis	858423	CB756	Complete Genome	9825352	63.5	1	9825352	1.148513	0.0	retain_candidate	primary_contiguity_candidate	synteny_candidate	pending	pending	
CANON_00472	GCF_021052285.1	GCA_021052285.1	paired		GCF_021052285.1	current	GCF_021052285.1	REFSEQ	current	current_refseq_preferred	Bradyrhizobium diazoefficiens	1355477	CB1809	Complete Genome	9136715	64	1	9136715	0.609432	0.6745	retain_candidate	primary_contiguity_candidate	synteny_candidate	pending	pending	
CANON_00473	GCF_021052305.1	GCA_021052305.1	paired		GCF_021052305.1	current	GCF_021052305.1	REFSEQ	current	current_refseq_preferred	Bradyrhizobium sp. WU425	187029	WU425	Complete Genome	7868972	63.5	1	7868972	-0.382988	0.0	retain_candidate	primary_contiguity_candidate	synteny_candidate	pending	pending	
CANON_00474	GCF_021052365.1	GCA_021052365.1	paired		GCF_021052365.1	current	GCF_021052365.1	REFSEQ	current	current_refseq_preferred	Bradyrhizobium barranii	2992140	CC829	Complete Genome	10502301	63.5	4	9625657	1.678445	0.0	retain_candidate	primary_contiguity_candidate	synteny_candidate	pending	pending	
CANON_00475	GCF_021088345.1	GCA_021088345.1	paired		GCF_021088345.1	current	GCF_021088345.1	REFSEQ	current	current_refseq_preferred	Bradyrhizobium ontarionense	2898149	A19	Complete Genome	8435845	65	1	8435845	0.060774	2.0235	retain_candidate	primary_contiguity_candidate	synteny_candidate	pending	pending	
CANON_00476		GCA_021153675.1	unpaired		GCA_021153675.1	current	GCA_021153675.1	GENBANK	current	current_genbank_singleton	Bradyrhizobium sp.	376		Contig	4412239	63	586	7387	-3.089002	-0.6745	retain_candidate	secondary_fragmented	presence_absence_only	pending	pending	pangenome_fragmented;synteny_fragmented
CANON_00477	GCF_021213785.1	GCA_021213785.1	paired		GCF_021213785.1	current	GCF_021213785.1	REFSEQ	current	current_refseq_preferred	Bradyrhizobium japonicum	375	SEMIA 566	Contig	9561677	63.5	145	286945	0.942102	0.0	retain_candidate	primary_contiguity_candidate	synteny_candidate	pending	pending	
CANON_00478	GCF_021229285.1	GCA_021229285.1	paired		GCF_021229285.1	current	GCF_021229285.1	REFSEQ	current	current_refseq_preferred	Bradyrhizobium japonicum SEMIA 5079	476282	SEMIA 5079	Scaffold	9446714	63.5	196	139989	0.852106	0.0	retain_candidate	primary_contiguity_candidate	synteny_candidate	pending	pending	
CANON_00479	GCF_021229375.1	GCA_021229375.1	paired		GCF_021229375.1	current	GCF_021229375.1	REFSEQ	current	current_refseq_preferred	Bradyrhizobium diazoefficiens	1355477	SEMIA 5080	Scaffold	8983305	64	161	157081	0.489339	0.6745	retain_candidate	primary_contiguity_candidate	synteny_candidate	pending	pending	
CANON_00480	GCF_021261305.1	GCA_021261305.1	paired		GCF_021261305.1	current	GCF_021261305.1	REFSEQ	current	current_refseq_preferred	Bradyrhizobium japonicum	375	S 370	Contig	9546788	63.5	156	286945	0.930447	0.0	retain_candidate	primary_contiguity_candidate	synteny_candidate	pending	pending	
CANON_00481	GCF_021261335.1	GCA_021261335.1	paired		GCF_021261335.1	current	GCF_021261335.1	REFSEQ	current	current_refseq_preferred	Bradyrhizobium japonicum	375	S 204	Contig	10266898	63.5	283	267748	1.494166	0.0	retain_candidate	primary_contiguity_candidate	presence_absence_only	pending	pending	synteny_fragmented
CANON_00482	GCF_021261355.1	GCA_021261355.1	paired		GCF_021261355.1	current	GCF_021261355.1	REFSEQ	current	current_refseq_preferred	Bradyrhizobium japonicum	375	S 340	Contig	10188322	63.5	281	238727	1.432655	0.0	retain_candidate	primary_contiguity_candidate	presence_absence_only	pending	pending	synteny_fragmented
CANON_00483	GCF_021261415.1	GCA_021261415.1	paired		GCF_021261415.1	current	GCF_021261415.1	REFSEQ	current	current_refseq_preferred	Bradyrhizobium diazoefficiens	1355477	CPAC 392	Contig	9072300	64	170	255062	0.559006	0.6745	retain_candidate	primary_contiguity_candidate	synteny_candidate	pending	pending	
CANON_00484	GCF_021261445.1	GCA_021261445.1	paired		GCF_021261445.1	current	GCF_021261445.1	REFSEQ	current	current_refseq_preferred	Bradyrhizobium diazoefficiens	1355477	CPAC 390	Contig	9066558	64	155	235348	0.554511	0.6745	retain_candidate	primary_contiguity_candidate	synteny_candidate	pending	pending	
CANON_00485	GCF_021261465.1	GCA_021261465.1	paired		GCF_021261465.1	current	GCF_021261465.1	REFSEQ	current	current_refseq_preferred	Bradyrhizobium diazoefficiens	1355477	CPAC 394	Contig	9065038	64	150	282057	0.553321	0.6745	retain_candidate	primary_contiguity_candidate	synteny_candidate	pending	pending	
CANON_00486	GCF_021261485.1	GCA_021261485.1	paired		GCF_021261485.1	current	GCF_021261485.1	REFSEQ	current	current_refseq_preferred	Bradyrhizobium diazoefficiens	1355477	SEMIA 586	Contig	9067238	64	155	256113	0.555043	0.6745	retain_candidate	primary_contiguity_candidate	synteny_candidate	pending	pending	
CANON_00487	GCF_021458635.1	GCA_021458635.1	paired		GCF_021458635.1	current	GCF_021458635.1	REFSEQ	current	current_refseq_preferred	Bradyrhizobium monzae	2876780	Oc8	Scaffold	8283017	63.5	45	537804	-0.058864	0.0	retain_candidate	primary_contiguity_candidate	synteny_candidate	pending	pending	
CANON_00488	GCF_021502575.1	GCA_021502575.1	paired		GCF_021502575.1	current	GCF_021502575.1	REFSEQ	current	current_refseq_preferred	Bradyrhizobium sp. G127	2904800	G127	Contig	4761327	61	5	2516325	-2.815727	-3.3725	retain_candidate	primary_contiguity_candidate	synteny_candidate	pending	pending	
CANON_00489		GCA_021732175.1	unpaired		GCA_021732175.1	current	GCA_021732175.1	GENBANK	current	current_genbank_singleton	Bradyrhizobium sp.	376		Scaffold	6241856	63.5	666	11708	-1.656734	0.0	retain_candidate	secondary_fragmented	presence_absence_only	pending	pending	pangenome_fragmented;synteny_fragmented
CANON_00490	GCF_022012435.1	GCA_022012435.1	paired		GCF_022012435.1	current	GCF_022012435.1	REFSEQ	current	current_refseq_preferred	Bradyrhizobium zhengyangense	2911009	WYCCWR 12774	Scaffold	8804215	63	88	447803	0.349143	-0.6745	retain_candidate	primary_contiguity_candidate	synteny_candidate	pending	pending	
CANON_00491	GCF_022012485.1	GCA_022012485.1	paired		GCF_022012485.1	current	GCF_022012485.1	REFSEQ	current	current_refseq_preferred	Bradyrhizobium zhengyangense	2911009	WYCCWR 13023	Scaffold	9004494	63	120	227891	0.505926	-0.6745	retain_candidate	primary_contiguity_candidate	synteny_candidate	pending	pending	
CANON_00492	GCF_022012555.1	GCA_022012555.1	paired		GCF_022012555.1	current	GCF_022012555.1	REFSEQ	current	current_refseq_preferred	Bradyrhizobium zhengyangense	2911009	WYCCWR 12678	Scaffold	9038162	63	83	593972	0.532282	-0.6745	retain_candidate	primary_contiguity_candidate	synteny_candidate	pending	pending	
CANON_00493	GCF_022354745.1	GCA_022354745.1	paired		GCF_022354745.1	current	GCF_022354745.1	REFSEQ	current	current_refseq_preferred	Bradyrhizobium sp. I71	2590772	I71	Complete Genome	7832041	64.5	1	7832041	-0.411899	1.349	retain_candidate	primary_contiguity_candidate	synteny_candidate	pending	pending	
CANON_00494	GCF_022835695.1	GCA_022835695.1	paired		GCF_022835695.1	current	GCF_022835695.1	REFSEQ	current	current_refseq_preferred	Bradyrhizobium sp. Ce-3	2913970	Ce-3	Scaffold	7608996	65	100	570192	-0.586504	2.0235	retain_candidate	primary_contiguity_candidate	synteny_candidate	pending	pending	
CANON_00495	GCF_022843365.1	GCA_022843365.1	paired		GCF_022843365.1	current	GCF_022843365.1	REFSEQ	current	current_refseq_preferred	Bradyrhizobium sp.	376		Scaffold	5147784	64	53	136675	-2.5132	0.6745	retain_candidate	primary_contiguity_candidate	synteny_candidate	pending	pending	
CANON_00496	GCF_022844465.1	GCA_022844465.1	paired		GCF_022844465.1	current	GCF_022844465.1	REFSEQ	current	current_refseq_preferred	Bradyrhizobium sp.	376		Scaffold	5008332	64	36	226010	-2.622366	0.6745	retain_candidate	primary_contiguity_candidate	synteny_candidate	pending	pending	
CANON_00497	GCF_023006445.1	GCA_023006445.1	paired		GCF_023006445.1	current	GCF_023006445.1	REFSEQ	current	current_refseq_preferred	Bradyrhizobium sp. SHOUNA76	2908927	SHOUNA76	Contig	7663490	64	1226	11835	-0.543844	0.6745	retain_candidate	secondary_fragmented	presence_absence_only	pending	pending	pangenome_fragmented;synteny_fragmented
CANON_00498	GCF_023006515.1	GCA_023006515.1	paired		GCF_023006515.1	current	GCF_023006515.1	REFSEQ	current	current_refseq_preferred	Bradyrhizobium sp. PRIMUS42	2908926	PRIMUS42	Contig	7578001	63.5	1684	8417	-0.610767	0.0	retain_candidate	secondary_fragmented	presence_absence_only	pending	pending	pangenome_fragmented;synteny_fragmented
CANON_00499	GCF_023072795.1	GCA_023072795.1	paired		GCF_023072795.1	current	GCF_023072795.1	REFSEQ	current	current_refseq_preferred	Bradyrhizobium sp. 2	190045	2	Contig	10017644	63.5	6	9250803	1.299044	0.0	retain_candidate	primary_contiguity_candidate	synteny_candidate	pending	pending	
CANON_00500	GCF_023072835.1	GCA_023072835.1	paired		GCF_023072835.1	current	GCF_023072835.1	REFSEQ	current	current_refseq_preferred	Bradyrhizobium sp. 156	2782630	156	Contig	8457433	63	9	7843750	0.077673	-0.6745	retain_candidate	primary_contiguity_candidate	synteny_candidate	pending	pending	
CANON_00501	GCF_023072855.1	GCA_023072855.1	paired		GCF_023072855.1	current	GCF_023072855.1	REFSEQ	current	current_refseq_preferred	Bradyrhizobium sp. CW9	2782689	CW9	Contig	8644554	63	143	243199	0.224156	-0.6745	retain_candidate	primary_contiguity_candidate	synteny_candidate	pending	pending	
CANON_00502	GCF_023072875.1	GCA_023072875.1	paired		GCF_023072875.1	current	GCF_023072875.1	REFSEQ	current	current_refseq_preferred	Bradyrhizobium sp. CW4	2782687	CW4	Contig	8657901	63	148	383121	0.234605	-0.6745	retain_candidate	primary_contiguity_candidate	synteny_candidate	pending	pending	
CANON_00503	GCF_023072895.1	GCA_023072895.1	paired		GCF_023072895.1	current	GCF_023072895.1	REFSEQ	current	current_refseq_preferred	Bradyrhizobium sp. CW12	2782685	CW12	Contig	7483989	63	122	172932	-0.684362	-0.6745	retain_candidate	primary_contiguity_candidate	synteny_candidate	pending	pending	
CANON_00504	GCF_023072905.1	GCA_023072905.1	paired		GCF_023072905.1	current	GCF_023072905.1	REFSEQ	current	current_refseq_preferred	Bradyrhizobium sp. 15	2782633	15	Contig	7964185	63.5	6	7482220	-0.308453	0.0	retain_candidate	primary_contiguity_candidate	synteny_candidate	pending	pending	
CANON_00505	GCF_023072915.1	GCA_023072915.1	paired		GCF_023072915.1	current	GCF_023072915.1	REFSEQ	current	current_refseq_preferred	Bradyrhizobium sp. CW7	2782688	CW7	Scaffold	8627812	63	154	291978	0.21105	-0.6745	retain_candidate	primary_contiguity_candidate	synteny_candidate	pending	pending	
CANON_00506	GCF_023072925.1	GCA_023072925.1	paired		GCF_023072925.1	current	GCF_023072925.1	REFSEQ	current	current_refseq_preferred	Bradyrhizobium sp. CW11	2782684	CW11	Contig	8492959	63	179	253295	0.105484	-0.6745	retain_candidate	primary_contiguity_candidate	synteny_candidate	pending	pending	
CANON_00507	GCF_023072975.1	GCA_023072975.1	paired		GCF_023072975.1	current	GCF_023072975.1	REFSEQ	current	current_refseq_preferred	Bradyrhizobium sp. CW10	2782683	CW10	Contig	8285283	63	160	338626	-0.05709	-0.6745	retain_candidate	primary_contiguity_candidate	synteny_candidate	pending	pending	
CANON_00508	GCF_023072995.1	GCA_023072995.1	paired		GCF_023072995.1	current	GCF_023072995.1	REFSEQ	current	current_refseq_preferred	Bradyrhizobium sp. 84	2782681	84	Contig	8362393	63	131	290991	0.003274	-0.6745	retain_candidate	primary_contiguity_candidate	synteny_candidate	pending	pending	
CANON_00509	GCF_023073015.1	GCA_023073015.1	paired		GCF_023073015.1	current	GCF_023073015.1	REFSEQ	current	current_refseq_preferred	Bradyrhizobium sp. 87	2782682	87	Scaffold	8771446	63	154	245040	0.32349	-0.6745	retain_candidate	primary_contiguity_candidate	synteny_candidate	pending	pending	
CANON_00510	GCF_023073025.1	GCA_023073025.1	paired		GCF_023073025.1	current	GCF_023073025.1	REFSEQ	current	current_refseq_preferred	Bradyrhizobium sp. 76	2782680	76	Contig	8491587	63	162	645828	0.10441	-0.6745	retain_candidate	primary_contiguity_candidate	synteny_candidate	pending	pending	
CANON_00511	GCF_023073035.1	GCA_023073035.1	paired		GCF_023073035.1	current	GCF_023073035.1	REFSEQ	current	current_refseq_preferred	Bradyrhizobium sp. 62	1043588	62	Scaffold	7235730	63.5	404	32858	-0.878705	0.0	retain_candidate	primary_contiguity_candidate	presence_absence_only	pending	pending	synteny_fragmented
CANON_00512	GCF_023073075.1	GCA_023073075.1	paired		GCF_023073075.1	current	GCF_023073075.1	REFSEQ	current	current_refseq_preferred	Bradyrhizobium sp. 61	2782679	61	Scaffold	9422455	64	123	203820	0.833116	0.6745	retain_candidate	primary_contiguity_candidate	synteny_candidate	pending	pending	
CANON_00513	GCF_023073095.1	GCA_023073095.1	paired		GCF_023073095.1	current	GCF_023073095.1	REFSEQ	current	current_refseq_preferred	Bradyrhizobium sp. 44	2782675	44	Scaffold	7420394	63.5	44	1116424	-0.734146	0.0	retain_candidate	primary_contiguity_candidate	synteny_candidate	pending	pending	
CANON_00514	GCF_023073115.1	GCA_023073115.1	paired		GCF_023073115.1	current	GCF_023073115.1	REFSEQ	current	current_refseq_preferred	Bradyrhizobium sp. 49	2782677	49	Contig	8492378	63	133	290991	0.105029	-0.6745	retain_candidate	primary_contiguity_candidate	synteny_candidate	pending	pending	
CANON_00515	GCF_023073125.1	GCA_023073125.1	paired		GCF_023073125.1	current	GCF_023073125.1	REFSEQ	current	current_refseq_preferred	Bradyrhizobium sp. 48	2782676	48	Scaffold	9328620	63.5	136	163609	0.75966	0.0	retain_candidate	primary_contiguity_candidate	synteny_candidate	pending	pending	
CANON_00516	GCF_023073155.1	GCA_023073155.1	paired		GCF_023073155.1	current	GCF_023073155.1	REFSEQ	current	current_refseq_preferred	Bradyrhizobium sp. 45	1043587	45	Scaffold	8685886	63	160	240182	0.256512	-0.6745	retain_candidate	primary_contiguity_candidate	synteny_candidate	pending	pending	
CANON_00517	GCF_023073175.1	GCA_023073175.1	paired		GCF_023073175.1	current	GCF_023073175.1	REFSEQ	current	current_refseq_preferred	Bradyrhizobium sp. 39	2782673	39	Contig	8009895	63.5	106	865744	-0.27267	0.0	retain_candidate	primary_contiguity_candidate	synteny_candidate	pending	pending	
CANON_00518	GCF_023073195.1	GCA_023073195.1	paired		GCF_023073195.1	current	GCF_023073195.1	REFSEQ	current	current_refseq_preferred	Bradyrhizobium sp. 38	2782672	38	Scaffold	8425876	63	229	111871	0.05297	-0.6745	retain_candidate	primary_contiguity_candidate	presence_absence_only	pending	pending	synteny_fragmented
CANON_00519	GCF_023073215.1	GCA_023073215.1	paired		GCF_023073215.1	current	GCF_023073215.1	REFSEQ	current	current_refseq_preferred	Bradyrhizobium sp. 35	2782670	35	Scaffold	8228005	63	176	235129	-0.101928	-0.6745	retain_candidate	primary_contiguity_candidate	synteny_candidate	pending	pending	
CANON_00520	GCF_023073235.1	GCA_023073235.1	paired		GCF_023073235.1	current	GCF_023073235.1	REFSEQ	current	current_refseq_preferred	Bradyrhizobium sp. 37	2782671	37	Scaffold	8345661	63	91	580721	-0.009824	-0.6745	retain_candidate	primary_contiguity_candidate	synteny_candidate	pending	pending	
CANON_00521	GCF_023073255.1	GCA_023073255.1	paired		GCF_023073255.1	current	GCF_023073255.1	REFSEQ	current	current_refseq_preferred	Bradyrhizobium sp. 30	2782669	30	Contig	8249103	63	153	361384	-0.085412	-0.6745	retain_candidate	primary_contiguity_candidate	synteny_candidate	pending	pending	
CANON_00522		GCA_023073275.1	unpaired		GCA_023073275.1	current	GCA_023073275.1	GENBANK	current	current_genbank_singleton	Bradyrhizobium sp. 24	2782668	24	Scaffold	8480105	63	4137	3099	0.095422	-0.6745	retain_candidate	secondary_fragmented	presence_absence_only	pending	pending	pangenome_fragmented;synteny_fragmented
CANON_00523	GCF_023073295.1	GCA_023073295.1	paired		GCF_023073295.1	current	GCF_023073295.1	REFSEQ	current	current_refseq_preferred	Bradyrhizobium sp. 23	2782667	23	Scaffold	8598719	63	720	22281	0.188275	-0.6745	retain_candidate	secondary_fragmented	presence_absence_only	pending	pending	pangenome_fragmented;synteny_fragmented
CANON_00524	GCF_023073315.1	GCA_023073315.1	paired		GCF_023073315.1	current	GCF_023073315.1	REFSEQ	current	current_refseq_preferred	Bradyrhizobium sp. 1	241591	1	Scaffold	7985562	64	121	127470	-0.291719	0.6745	retain_candidate	primary_contiguity_candidate	synteny_candidate	pending	pending	
CANON_00525	GCF_023073335.1	GCA_023073335.1	paired		GCF_023073335.1	current	GCF_023073335.1	REFSEQ	current	current_refseq_preferred	Bradyrhizobium sp. 21	2782666	21	Scaffold	7026970	64	95	148326	-1.042127	0.6745	retain_candidate	primary_contiguity_candidate	synteny_candidate	pending	pending	
CANON_00526	GCF_023073355.1	GCA_023073355.1	paired		GCF_023073355.1	current	GCF_023073355.1	REFSEQ	current	current_refseq_preferred	Bradyrhizobium sp. 199	2782664	199	Contig	6117966	64	12	1499809	-1.753718	0.6745	retain_candidate	primary_contiguity_candidate	synteny_candidate	pending	pending	
CANON_00527	GCF_023073375.1	GCA_023073375.1	paired		GCF_023073375.1	current	GCF_023073375.1	REFSEQ	current	current_refseq_preferred	Bradyrhizobium sp. 197	2782663	197	Contig	8917963	63	191	162945	0.438187	-0.6745	retain_candidate	primary_contiguity_candidate	synteny_candidate	pending	pending	
CANON_00528	GCF_023073395.1	GCA_023073395.1	paired		GCF_023073395.1	current	GCF_023073395.1	REFSEQ	current	current_refseq_preferred	Bradyrhizobium sp. 193	2782661	193	Contig	8655038	63	175	323444	0.232363	-0.6745	retain_candidate	primary_contiguity_candidate	synteny_candidate	pending	pending	
CANON_00529	GCF_023073415.1	GCA_023073415.1	paired		GCF_023073415.1	current	GCF_023073415.1	REFSEQ	current	current_refseq_preferred	Bradyrhizobium sp. 190	2782658	190	Scaffold	8606252	62	87	348899	0.194172	-2.0235	retain_candidate	primary_contiguity_candidate	synteny_candidate	pending	pending	
CANON_00530	GCF_023073435.1	GCA_023073435.1	paired		GCF_023073435.1	current	GCF_023073435.1	REFSEQ	current	current_refseq_preferred	Bradyrhizobium sp. 18	2782657	18	Contig	8490938	63	156	278491	0.103902	-0.6745	retain_candidate	primary_contiguity_candidate	synteny_candidate	pending	pending	
CANON_00531	GCF_023073445.1	GCA_023073445.1	paired		GCF_023073445.1	current	GCF_023073445.1	REFSEQ	current	current_refseq_preferred	Bradyrhizobium sp. 188	2782656	188	Scaffold	8639379	63	135	302675	0.220105	-0.6745	retain_candidate	primary_contiguity_candidate	synteny_candidate	pending	pending	
CANON_00532	GCF_023073475.1	GCA_023073475.1	paired		GCF_023073475.1	current	GCF_023073475.1	REFSEQ	current	current_refseq_preferred	Bradyrhizobium sp. 182	2782651	182	Contig	7481341	63	124	197485	-0.686435	-0.6745	retain_candidate	primary_contiguity_candidate	synteny_candidate	pending	pending	
CANON_00533	GCF_023073495.1	GCA_023073495.1	paired		GCF_023073495.1	current	GCF_023073495.1	REFSEQ	current	current_refseq_preferred	Bradyrhizobium sp. 180	2782650	180	Contig	7506346	63	153	190909	-0.66686	-0.6745	retain_candidate	primary_contiguity_candidate	synteny_candidate	pending	pending	
CANON_00534	GCF_023073515.1	GCA_023073515.1	paired		GCF_023073515.1	current	GCF_023073515.1	REFSEQ	current	current_refseq_preferred	Bradyrhizobium sp. 17	2782649	17	Scaffold	8261543	63	216	132393	-0.075674	-0.6745	retain_candidate	primary_contiguity_candidate	presence_absence_only	pending	pending	synteny_fragmented
CANON_00535	GCF_023073535.1	GCA_023073535.1	paired		GCF_023073535.1	current	GCF_023073535.1	REFSEQ	current	current_refseq_preferred	Bradyrhizobium sp. 179	2782648	179	Scaffold	7861813	63	162	150377	-0.388592	-0.6745	retain_candidate	primary_contiguity_candidate	synteny_candidate	pending	pending	
CANON_00536	GCF_023073555.1	GCA_023073555.1	paired		GCF_023073555.1	current	GCF_023073555.1	REFSEQ	current	current_refseq_preferred	Bradyrhizobium sp. 177	2782647	177	Contig	8137664	63	144	213788	-0.172649	-0.6745	retain_candidate	primary_contiguity_candidate	synteny_candidate	pending	pending	
CANON_00537	GCF_023073575.1	GCA_023073575.1	paired		GCF_023073575.1	current	GCF_023073575.1	REFSEQ	current	current_refseq_preferred	Bradyrhizobium sp. 176	2782646	176	Scaffold	8483204	63	189	277044	0.097848	-0.6745	retain_candidate	primary_contiguity_candidate	synteny_candidate	pending	pending	
CANON_00538	GCF_023073595.1	GCA_023073595.1	paired		GCF_023073595.1	current	GCF_023073595.1	REFSEQ	current	current_refseq_preferred	Bradyrhizobium sp. 174	2782645	174	Scaffold	8829907	63	225	385165	0.369255	-0.6745	retain_candidate	primary_contiguity_candidate	presence_absence_only	pending	pending	synteny_fragmented
CANON_00539	GCF_023073615.1	GCA_023073615.1	paired		GCF_023073615.1	current	GCF_023073615.1	REFSEQ	current	current_refseq_preferred	Bradyrhizobium sp. 171	2782642	171	Scaffold	8484571	63	187	297499	0.098918	-0.6745	retain_candidate	primary_contiguity_candidate	synteny_candidate	pending	pending	
CANON_00540	GCF_023073625.1	GCA_023073625.1	paired		GCF_023073625.1	current	GCF_023073625.1	REFSEQ	current	current_refseq_preferred	Bradyrhizobium sp. 173	2782644	173	Contig	8549852	63	102	402355	0.150021	-0.6745	retain_candidate	primary_contiguity_candidate	synteny_candidate	pending	pending	
CANON_00541	GCF_023073655.1	GCA_023073655.1	paired		GCF_023073655.1	current	GCF_023073655.1	REFSEQ	current	current_refseq_preferred	Bradyrhizobium sp. 168	2782639	168	Scaffold	8550128	63	144	236544	0.150237	-0.6745	retain_candidate	primary_contiguity_candidate	synteny_candidate	pending	pending	
CANON_00542	GCF_023073675.1	GCA_023073675.1	paired		GCF_023073675.1	current	GCF_023073675.1	REFSEQ	current	current_refseq_preferred	Bradyrhizobium sp. 169	2782640	169	Scaffold	8581946	63	177	213337	0.175145	-0.6745	retain_candidate	primary_contiguity_candidate	synteny_candidate	pending	pending	
CANON_00543	GCF_023073695.1	GCA_023073695.1	paired		GCF_023073695.1	current	GCF_023073695.1	REFSEQ	current	current_refseq_preferred	Bradyrhizobium sp. 166	2782638	166	Contig	8468899	63	152	207010	0.086649	-0.6745	retain_candidate	primary_contiguity_candidate	synteny_candidate	pending	pending	
CANON_00544	GCF_023073715.1	GCA_023073715.1	paired		GCF_023073715.1	current	GCF_023073715.1	REFSEQ	current	current_refseq_preferred	Bradyrhizobium sp. 164	2782637	164	Contig	7435646	63	115	257441	-0.722206	-0.6745	retain_candidate	primary_contiguity_candidate	synteny_candidate	pending	pending	
CANON_00545	GCF_023073735.1	GCA_023073735.1	paired		GCF_023073735.1	current	GCF_023073735.1	REFSEQ	current	current_refseq_preferred	Bradyrhizobium sp. 160	2782634	160	Scaffold	7669210	63	87	398142	-0.539367	-0.6745	retain_candidate	primary_contiguity_candidate	synteny_candidate	pending	pending	
CANON_00546	GCF_023073755.1	GCA_023073755.1	paired		GCF_023073755.1	current	GCF_023073755.1	REFSEQ	current	current_refseq_preferred	Bradyrhizobium sp. 163	2782636	163	Contig	8505549	63	189	180086	0.11534	-0.6745	retain_candidate	primary_contiguity_candidate	synteny_candidate	pending	pending	
CANON_00547	GCF_023073775.1	GCA_023073775.1	paired		GCF_023073775.1	current	GCF_023073775.1	REFSEQ	current	current_refseq_preferred	Bradyrhizobium sp. 162	2782635	162	Scaffold	8412366	63	195	200119	0.042394	-0.6745	retain_candidate	primary_contiguity_candidate	synteny_candidate	pending	pending	
CANON_00548	GCF_023073795.1	GCA_023073795.1	paired		GCF_023073795.1	current	GCF_023073795.1	REFSEQ	current	current_refseq_preferred	Bradyrhizobium sp. 159	2782632	159	Contig	7450362	63	115	158436	-0.710686	-0.6745	retain_candidate	primary_contiguity_candidate	synteny_candidate	pending	pending	
CANON_00549	GCF_023073815.1	GCA_023073815.1	paired		GCF_023073815.1	current	GCF_023073815.1	REFSEQ	current	current_refseq_preferred	Bradyrhizobium sp. 157	2782631	157	Contig	8095411	62	125	135072	-0.205726	-2.0235	retain_candidate	primary_contiguity_candidate	synteny_candidate	pending	pending	
CANON_00550	GCF_023073835.1	GCA_023073835.1	paired		GCF_023073835.1	current	GCF_023073835.1	REFSEQ	current	current_refseq_preferred	Bradyrhizobium sp. 153	2782627	153	Scaffold	7664208	63	162	169821	-0.543282	-0.6745	retain_candidate	primary_contiguity_candidate	synteny_candidate	pending	pending	
CANON_00551	GCF_023073845.1	GCA_023073845.1	paired		GCF_023073845.1	current	GCF_023073845.1	REFSEQ	current	current_refseq_preferred	Bradyrhizobium sp. 151	2782626	151	Contig	8326311	63	159	206749	-0.024972	-0.6745	retain_candidate	primary_contiguity_candidate	synteny_candidate	pending	pending	
CANON_00552	GCF_023073875.1	GCA_023073875.1	paired		GCF_023073875.1	current	GCF_023073875.1	REFSEQ	current	current_refseq_preferred	Bradyrhizobium sp. 154	2782628	154	Scaffold	7499432	63	128	178186	-0.672273	-0.6745	retain_candidate	primary_contiguity_candidate	synteny_candidate	pending	pending	
CANON_00553	GCF_023073895.1	GCA_023073895.1	paired		GCF_023073895.1	current	GCF_023073895.1	REFSEQ	current	current_refseq_preferred	Bradyrhizobium sp. 150	2782625	150	Contig	8398148	63	110	352316	0.031264	-0.6745	retain_candidate	primary_contiguity_candidate	synteny_candidate	pending	pending	
CANON_00554	GCF_023073915.1	GCA_023073915.1	paired		GCF_023073915.1	current	GCF_023073915.1	REFSEQ	current	current_refseq_preferred	Bradyrhizobium sp. 149	2782624	149	Contig	6747453	64	24	774838	-1.26094	0.6745	retain_candidate	primary_contiguity_candidate	synteny_candidate	pending	pending	
CANON_00555	GCF_023073935.1	GCA_023073935.1	paired		GCF_023073935.1	current	GCF_023073935.1	REFSEQ	current	current_refseq_preferred	Bradyrhizobium sp. 147	2782623	147	Scaffold	7295113	63	145	151093	-0.832219	-0.6745	retain_candidate	primary_contiguity_candidate	synteny_candidate	pending	pending	
CANON_00556	GCF_023073955.1	GCA_023073955.1	paired		GCF_023073955.1	current	GCF_023073955.1	REFSEQ	current	current_refseq_preferred	Bradyrhizobium sp. 145	2782621	145	Contig	8822098	63	254	185181	0.363142	-0.6745	retain_candidate	primary_contiguity_candidate	presence_absence_only	pending	pending	synteny_fragmented
CANON_00557	GCF_023073965.1	GCA_023073965.1	paired		GCF_023073965.1	current	GCF_023073965.1	REFSEQ	current	current_refseq_preferred	Bradyrhizobium sp. 146	2782622	146	Contig	8735904	63	159	237015	0.295667	-0.6745	retain_candidate	primary_contiguity_candidate	synteny_candidate	pending	pending	
CANON_00558	GCF_023073995.1	GCA_023073995.1	paired		GCF_023073995.1	current	GCF_023073995.1	REFSEQ	current	current_refseq_preferred	Bradyrhizobium sp. 144	2782620	144	Contig	8618882	63	109	409100	0.20406	-0.6745	retain_candidate	primary_contiguity_candidate	synteny_candidate	pending	pending	
CANON_00559	GCF_023074015.1	GCA_023074015.1	paired		GCF_023074015.1	current	GCF_023074015.1	REFSEQ	current	current_refseq_preferred	Bradyrhizobium sp. 142	2782618	142	Scaffold	9974984	62.5	543	49478	1.265649	-1.349	retain_candidate	secondary_fragmented	presence_absence_only	pending	pending	pangenome_fragmented;synteny_fragmented
CANON_00560	GCF_023074035.1	GCA_023074035.1	paired		GCF_023074035.1	current	GCF_023074035.1	REFSEQ	current	current_refseq_preferred	Bradyrhizobium sp. 143	2782619	143	Contig	9946170	62.5	534	52087	1.243093	-1.349	retain_candidate	secondary_fragmented	presence_absence_only	pending	pending	pangenome_fragmented;synteny_fragmented
CANON_00561	GCF_023074055.1	GCA_023074055.1	paired		GCF_023074055.1	current	GCF_023074055.1	REFSEQ	current	current_refseq_preferred	Bradyrhizobium sp. 141	2782617	141	Contig	8515777	63.5	124	224722	0.123346	0.0	retain_candidate	primary_contiguity_candidate	synteny_candidate	pending	pending	
CANON_00562	GCF_023074075.1	GCA_023074075.1	paired		GCF_023074075.1	current	GCF_023074075.1	REFSEQ	current	current_refseq_preferred	Bradyrhizobium sp. 138	2782615	138	Contig	7793922	63.5	101	269402	-0.441739	0.0	retain_candidate	primary_contiguity_candidate	synteny_candidate	pending	pending	
CANON_00563	GCF_023074095.1	GCA_023074095.1	paired		GCF_023074095.1	current	GCF_023074095.1	REFSEQ	current	current_refseq_preferred	Bradyrhizobium sp. 137	2782614	137	Contig	7193770	63.5	129	186073	-0.911552	0.0	retain_candidate	primary_contiguity_candidate	synteny_candidate	pending	pending	
CANON_00564	GCF_023074115.1	GCA_023074115.1	paired		GCF_023074115.1	current	GCF_023074115.1	REFSEQ	current	current_refseq_preferred	Bradyrhizobium sp. 135	2782612	135	Contig	8012180	63.5	100	788589	-0.270881	0.0	retain_candidate	primary_contiguity_candidate	synteny_candidate	pending	pending	
CANON_00565	GCF_023074135.1	GCA_023074135.1	paired		GCF_023074135.1	current	GCF_023074135.1	REFSEQ	current	current_refseq_preferred	Bradyrhizobium sp. 136	2782613	136	Contig	8500645	63	192	191636	0.111501	-0.6745	retain_candidate	primary_contiguity_candidate	synteny_candidate	pending	pending	
CANON_00566	GCF_023074155.1	GCA_023074155.1	paired		GCF_023074155.1	current	GCF_023074155.1	REFSEQ	current	current_refseq_preferred	Bradyrhizobium sp. 134	2782611	134	Scaffold	8366214	63	88	714029	0.006265	-0.6745	retain_candidate	primary_contiguity_candidate	synteny_candidate	pending	pending	
CANON_00567	GCF_023074175.1	GCA_023074175.1	paired		GCF_023074175.1	current	GCF_023074175.1	REFSEQ	current	current_refseq_preferred	Bradyrhizobium sp. 139	2782616	139	Contig	7935530	63	176	127501	-0.330885	-0.6745	retain_candidate	primary_contiguity_candidate	synteny_candidate	pending	pending	
CANON_00568	GCF_023074185.1	GCA_023074185.1	paired		GCF_023074185.1	current	GCF_023074185.1	REFSEQ	current	current_refseq_preferred	Bradyrhizobium sp. 132	2782610	132	Contig	8462975	63	196	133935	0.082012	-0.6745	retain_candidate	primary_contiguity_candidate	synteny_candidate	pending	pending	
CANON_00569	GCF_023100665.1	GCA_023100665.1	paired		GCF_023100665.1	current	GCF_023100665.1	REFSEQ	current	current_refseq_preferred	Bradyrhizobium sp. CW1	2782686	CW1	Complete Genome	8663238	63	2	8282742	0.238782	-0.6745	retain_candidate	primary_contiguity_candidate	synteny_candidate	pending	pending	
CANON_00570	GCF_023100905.1	GCA_023100905.1	paired		GCF_023100905.1	current	GCF_023100905.1	REFSEQ	current	current_refseq_preferred	Bradyrhizobium sp. 4	2782678	4	Complete Genome	8094900	63.5	2	7797172	-0.206126	0.0	retain_candidate	primary_contiguity_candidate	synteny_candidate	pending	pending	
CANON_00571	GCF_023100925.1	GCA_023100925.1	paired		GCF_023100925.1	current	GCF_023100925.1	REFSEQ	current	current_refseq_preferred	Bradyrhizobium sp. 40	2782674	40	Complete Genome	7471060	63.5	1	7471060	-0.694483	0.0	retain_candidate	primary_contiguity_candidate	synteny_candidate	pending	pending	
CANON_00572	GCF_023100945.1	GCA_023100945.1	paired		GCF_023100945.1	current	GCF_023100945.1	REFSEQ	current	current_refseq_preferred	Bradyrhizobium sp. 200	2782665	200	Complete Genome	9494728	62	1	9494728	0.889693	-2.0235	retain_candidate	primary_contiguity_candidate	synteny_candidate	pending	pending	
CANON_00573	GCF_023100965.1	GCA_023100965.1	paired		GCF_023100965.1	current	GCF_023100965.1	REFSEQ	current	current_refseq_preferred	Bradyrhizobium sp. 192	2782660	192	Complete Genome	8489442	63.5	2	8194174	0.102731	0.0	retain_candidate	primary_contiguity_candidate	synteny_candidate	pending	pending	
CANON_00574	GCF_023100985.1	GCA_023100985.1	paired		GCF_023100985.1	current	GCF_023100985.1	REFSEQ	current	current_refseq_preferred	Bradyrhizobium sp. 191	2782659	191	Complete Genome	8312872	64	1	8312872	-0.035492	0.6745	retain_candidate	primary_contiguity_candidate	synteny_candidate	pending	pending	
CANON_00575	GCF_023101005.1	GCA_023101005.1	paired		GCF_023101005.1	current	GCF_023101005.1	REFSEQ	current	current_refseq_preferred	Bradyrhizobium sp. 187	2782655	187	Complete Genome	8358211	63	2	7737859	0.0	-0.6745	retain_candidate	primary_contiguity_candidate	synteny_candidate	pending	pending	
CANON_00576	GCF_023101025.1	GCA_023101025.1	paired		GCF_023101025.1	current	GCF_023101025.1	REFSEQ	current	current_refseq_preferred	Bradyrhizobium sp. 184	2782653	184	Complete Genome	8798068	63	3	8178443	0.344331	-0.6745	retain_candidate	primary_contiguity_candidate	synteny_candidate	pending	pending	
CANON_00577	GCF_023101045.1	GCA_023101045.1	paired		GCF_023101045.1	current	GCF_023101045.1	REFSEQ	current	current_refseq_preferred	Bradyrhizobium sp. 183	2782652	183	Complete Genome	8795756	63	3	8176129	0.342521	-0.6745	retain_candidate	primary_contiguity_candidate	synteny_candidate	pending	pending	
CANON_00578	GCF_023101065.1	GCA_023101065.1	paired		GCF_023101065.1	current	GCF_023101065.1	REFSEQ	current	current_refseq_preferred	Bradyrhizobium sp. 172	2782643	172	Complete Genome	8514676	63	2	8158300	0.122485	-0.6745	retain_candidate	primary_contiguity_candidate	synteny_candidate	pending	pending	
CANON_00579	GCF_023101085.1	GCA_023101085.1	paired		GCF_023101085.1	current	GCF_023101085.1	REFSEQ	current	current_refseq_preferred	Bradyrhizobium sp. 170	2782641	170	Complete Genome	9195219	62	1	9195219	0.65523	-2.0235	retain_candidate	primary_contiguity_candidate	synteny_candidate	pending	pending	
CANON_00580	GCF_023101105.1	GCA_023101105.1	paired		GCF_023101105.1	current	GCF_023101105.1	REFSEQ	current	current_refseq_preferred	Bradyrhizobium sp. 155	2782629	155	Complete Genome	8543891	63	3	7875792	0.145355	-0.6745	retain_candidate	primary_contiguity_candidate	synteny_candidate	pending	pending	
CANON_00581	GCF_023101125.1	GCA_023101125.1	paired		GCF_023101125.1	current	GCF_023101125.1	REFSEQ	current	current_refseq_preferred	Bradyrhizobium sp. 131	2782609	131	Complete Genome	8407647	63	2	7951580	0.0387	-0.6745	retain_candidate	primary_contiguity_candidate	synteny_candidate	pending	pending	
CANON_00582	GCF_023101665.1	GCA_023101665.1	paired		GCF_023101665.1	current	GCF_023101665.1	REFSEQ	current	current_refseq_preferred	Bradyrhizobium sp. 195	2782662	195	Complete Genome	9137078	63.5	3	8314481	0.609716	0.0	retain_candidate	primary_contiguity_candidate	synteny_candidate	pending	pending	
CANON_00583	GCF_023101685.1	GCA_023101685.1	paired		GCF_023101685.1	current	GCF_023101685.1	REFSEQ	current	current_refseq_preferred	Bradyrhizobium sp. 186	2782654	186	Complete Genome	10772313	62.5	2	10413025	1.889817	-1.349	retain_candidate	primary_contiguity_candidate	synteny_candidate	pending	pending	
CANON_00584	GCF_023277985.1	GCA_023277985.1	paired		GCF_023277985.1	current	GCF_023277985.1	REFSEQ	current	current_refseq_preferred	Bradyrhizobium japonicum	375	S10J-BJ	Chromosome	9863878	63.5	1	9863868	1.178672	0.0	retain_candidate	primary_contiguity_candidate	synteny_candidate	pending	pending	
CANON_00585	GCF_023278145.1	GCA_023278145.1	paired		GCF_023278145.1	current	GCF_023278145.1	REFSEQ	current	current_refseq_preferred	Bradyrhizobium japonicum	375	S06B-BJ	Complete Genome	10757443	63.5	4	9745549	1.878177	0.0	retain_candidate	primary_contiguity_candidate	synteny_candidate	pending	pending	
CANON_00586	GCF_023278165.1	GCA_023278165.1	paired		GCF_023278165.1	current	GCF_023278165.1	REFSEQ	current	current_refseq_preferred	Bradyrhizobium diazoefficiens	1355477	USDA 122-Bd	Complete Genome	9137248	64	1	9137248	0.609849	0.6745	retain_candidate	primary_contiguity_candidate	synteny_candidate	pending	pending	
CANON_00587	GCF_023278185.1	GCA_023278185.1	paired		GCF_023278185.1	current	GCF_023278185.1	REFSEQ	current	current_refseq_preferred	Bradyrhizobium elkanii USDA 76	398525	USDA 76	Complete Genome	9518205	63.5	2	9115474	0.908071	0.0	retain_candidate	primary_contiguity_candidate	synteny_candidate	pending	pending	
CANON_00588	GCF_023375135.1	GCA_023375135.1	paired		GCF_023375135.1	current	GCF_023375135.1	REFSEQ	current	current_refseq_preferred	Bradyrhizobium sp. C-145	574727	C-145	Complete Genome	9529571	63	1	9529571	0.916969	-0.6745	retain_candidate	primary_contiguity_candidate	synteny_candidate	pending	pending	
CANON_00589	GCF_023511055.1	GCA_023511055.1	paired		GCF_023511055.1	current	GCF_023511055.1	REFSEQ	current	current_refseq_preferred	Bradyrhizobium japonicum	375	TXEA	Contig	9170873	63.5	164	621423	0.636171	0.0	retain_candidate	primary_contiguity_candidate	synteny_candidate	pending	pending	
CANON_00590	GCF_023511065.1	GCA_023511065.1	paired		GCF_023511065.1	current	GCF_023511065.1	REFSEQ	current	current_refseq_preferred	Bradyrhizobium japonicum	375	TXVA	Contig	9170873	63.5	164	621423	0.636171	0.0	retain_candidate	primary_contiguity_candidate	synteny_candidate	pending	pending	
CANON_00591	GCF_023572055.1	GCA_023572055.1	paired		GCF_023572055.1	current	GCF_023572055.1	REFSEQ	current	current_refseq_preferred	Bradyrhizobium denitrificans	2734912	K2	Contig	8283947	65	101	154070	-0.058136	2.0235	retain_candidate	primary_contiguity_candidate	synteny_candidate	pending	pending	
CANON_00592		GCA_024170525.1	unpaired		GCA_024170525.1	current	GCA_024170525.1	GENBANK	current	current_genbank_singleton	Bradyrhizobium elkanii	29448	USDA 13	Contig	10327751	63.5	4	9529021	1.541803	0.0	retain_candidate	primary_contiguity_candidate	synteny_candidate	pending	pending	
CANON_00593		GCA_024170535.1	unpaired		GCA_024170535.1	current	GCA_024170535.1	GENBANK	current	current_genbank_singleton	Bradyrhizobium elkanii	29448	USDA 15	Contig	9656734	63.5	2	9361036	1.016515	0.0	retain_candidate	primary_contiguity_candidate	synteny_candidate	pending	pending	
CANON_00594	GCF_024170805.1	GCA_024170805.1	paired		GCF_024170805.1	current	GCF_024170805.1	REFSEQ	current	current_refseq_preferred	Bradyrhizobium japonicum	375	USDA 3	Contig	10323870	63.5	4	9525137	1.538765	0.0	retain_candidate	primary_contiguity_candidate	synteny_candidate	pending	pending	
CANON_00595	GCF_024170825.1	GCA_024170825.1	paired		GCF_024170825.1	current	GCF_024170825.1	REFSEQ	current	current_refseq_preferred	Bradyrhizobium japonicum	375	USDA 2	Contig	11368650	63	4	10561186	2.356644	-0.6745	retain_candidate	primary_contiguity_candidate	synteny_candidate	pending	pending	
CANON_00596		GCA_024170865.1	unpaired		GCA_024170865.1	current	GCA_024170865.1	GENBANK	current	current_genbank_singleton	Bradyrhizobium ottawense USDA 4	1038864	USDA 4	Contig	8836270	63.5	2	8425547	0.374236	0.0	retain_candidate	primary_contiguity_candidate	synteny_candidate	pending	pending	
CANON_00597	GCF_024170885.1	GCA_024170885.1	paired		GCF_024170885.1	current	GCF_024170885.1	REFSEQ	current	current_refseq_preferred	Bradyrhizobium elkanii	29448	USDA 8	Contig	9478955	63.5	2	9110860	0.877345	0.0	retain_candidate	primary_contiguity_candidate	synteny_candidate	pending	pending	
CANON_00598	GCF_024170905.1	GCA_024170905.1	paired		GCF_024170905.1	current	GCF_024170905.1	REFSEQ	current	current_refseq_preferred	Bradyrhizobium japonicum	375	USDA 19	Contig	10372854	63.5	5	5528518	1.577111	0.0	retain_candidate	primary_contiguity_candidate	synteny_candidate	pending	pending	
CANON_00599	GCF_024170925.1	GCA_024170925.1	paired		GCF_024170925.1	current	GCF_024170925.1	REFSEQ	current	current_refseq_preferred	Bradyrhizobium japonicum	375	USDA 34	Contig	10327558	63.5	4	9528829	1.541652	0.0	retain_candidate	primary_contiguity_candidate	synteny_candidate	pending	pending	
CANON_00600	GCF_024170945.1	GCA_024170945.1	paired		GCF_024170945.1	current	GCF_024170945.1	REFSEQ	current	current_refseq_preferred	Bradyrhizobium japonicum	375	USDA 24	Contig	10325585	63.5	4	9526854	1.540108	0.0	retain_candidate	primary_contiguity_candidate	synteny_candidate	pending	pending	
CANON_00601	GCF_024170955.1	GCA_024170955.1	paired		GCF_024170955.1	current	GCF_024170955.1	REFSEQ	current	current_refseq_preferred	Bradyrhizobium japonicum	375	USDA 28	Contig	11101650	63	4	10565768	2.14763	-0.6745	retain_candidate	primary_contiguity_candidate	synteny_candidate	pending	pending	
CANON_00602	GCF_024170985.1	GCA_024170985.1	paired		GCF_024170985.1	current	GCF_024170985.1	REFSEQ	current	current_refseq_preferred	Bradyrhizobium sp. USDA 4545	2817705	USDA 4545	Contig	8816367	64	1	8816367	0.358656	0.6745	retain_candidate	primary_contiguity_candidate	synteny_candidate	pending	pending	
CANON_00603	GCF_024171005.1	GCA_024171005.1	paired		GCF_024171005.1	current	GCF_024171005.1	REFSEQ	current	current_refseq_preferred	Bradyrhizobium elkanii	29448	USDA 29	Contig	9792548	63.5	2	9489521	1.122834	0.0	retain_candidate	primary_contiguity_candidate	synteny_candidate	pending	pending	
CANON_00604	GCF_024171025.1	GCA_024171025.1	paired		GCF_024171025.1	current	GCF_024171025.1	REFSEQ	current	current_refseq_preferred	Bradyrhizobium japonicum	375	USDA 1	Contig	10328707	63.5	4	9529975	1.542552	0.0	retain_candidate	primary_contiguity_candidate	synteny_candidate	pending	pending	
CANON_00605	GCF_024171045.1	GCA_024171045.1	paired		GCF_024171045.1	current	GCF_024171045.1	REFSEQ	current	current_refseq_preferred	Bradyrhizobium sp. USDA 4538	2817702	USDA 4538	Contig	9677479	63.5	2	8937384	1.032755	0.0	retain_candidate	primary_contiguity_candidate	synteny_candidate	pending	pending	
CANON_00606	GCF_024171065.1	GCA_024171065.1	paired		GCF_024171065.1	current	GCF_024171065.1	REFSEQ	current	current_refseq_preferred	Bradyrhizobium japonicum	375	USDA 5	Contig	11232305	63	6	5815030	2.24991	-0.6745	retain_candidate	primary_contiguity_candidate	synteny_candidate	pending	pending	
CANON_00607	GCF_024171085.1	GCA_024171085.1	paired		GCF_024171085.1	current	GCF_024171085.1	REFSEQ	current	current_refseq_preferred	Bradyrhizobium sp. USDA 4541	2817704	USDA 4541	Contig	9153973	63.5	1	9153973	0.622942	0.0	retain_candidate	primary_contiguity_candidate	synteny_candidate	pending	pending	
CANON_00608		GCA_024171105.1	unpaired		GCA_024171105.1	current	GCA_024171105.1	GENBANK	current	current_genbank_singleton	Bradyrhizobium diazoefficiens	1355477	USDA 21	Contig	8905963	64	1	8905963	0.428793	0.6745	retain_candidate	primary_contiguity_candidate	synteny_candidate	pending	pending	
CANON_00609		GCA_024171125.1	unpaired		GCA_024171125.1	current	GCA_024171125.1	GENBANK	current	current_genbank_singleton	Bradyrhizobium diazoefficiens	1355477	USDA 20	Contig	9107645	64	1	9107645	0.586675	0.6745	retain_candidate	primary_contiguity_candidate	synteny_candidate	pending	pending	
CANON_00610	GCF_024171145.1	GCA_024171145.1	paired		GCF_024171145.1	current	GCF_024171145.1	REFSEQ	current	current_refseq_preferred	Bradyrhizobium japonicum	375	USDA 22	Contig	10411770	63.5	3	10003120	1.607575	0.0	retain_candidate	primary_contiguity_candidate	synteny_candidate	pending	pending	
CANON_00611	GCF_024171165.1	GCA_024171165.1	paired		GCF_024171165.1	current	GCF_024171165.1	REFSEQ	current	current_refseq_preferred	Bradyrhizobium elkanii	29448	USDA 26	Contig	9774418	63.5	1	9774418	1.108641	0.0	retain_candidate	primary_contiguity_candidate	synteny_candidate	pending	pending	
CANON_00612		GCA_024171185.1	unpaired		GCA_024171185.1	current	GCA_024171185.1	GENBANK	current	current_genbank_singleton	Bradyrhizobium diazoefficiens	1355477	USDA 30	Contig	9339327	64	1	9339327	0.768041	0.6745	retain_candidate	primary_contiguity_candidate	synteny_candidate	pending	pending	
CANON_00613	GCF_024171205.1	GCA_024171205.1	paired		GCF_024171205.1	current	GCF_024171205.1	REFSEQ	current	current_refseq_preferred	Bradyrhizobium japonicum	375	USDA 32	Contig	10430807	63.5	4	9632077	1.622478	0.0	retain_candidate	primary_contiguity_candidate	synteny_candidate	pending	pending	
CANON_00614	GCF_024171225.1	GCA_024171225.1	paired		GCF_024171225.1	current	GCF_024171225.1	REFSEQ	current	current_refseq_preferred	Bradyrhizobium elkanii	29448	USDA 31	Contig	9427677	63.5	2	9128845	0.837204	0.0	retain_candidate	primary_contiguity_candidate	synteny_candidate	pending	pending	
CANON_00615	GCF_024171245.1	GCA_024171245.1	paired		GCF_024171245.1	suppressed	GCA_024171245.1	GENBANK	current	fallback_current_genbank	Bradyrhizobium elkanii	29448	USDA 33	Contig	9295246	63.5	1	9295246	0.733534	0.0	retain_candidate	primary_contiguity_candidate	synteny_candidate	pending	pending	suppressed_or_unavailable_refseq_fallback
CANON_00616	GCF_024171265.1	GCA_024171265.1	paired		GCF_024171265.1	current	GCF_024171265.1	REFSEQ	current	current_refseq_preferred	Bradyrhizobium japonicum	375	USDA 7	Contig	10357648	63.5	4	9555069	1.565207	0.0	retain_candidate	primary_contiguity_candidate	synteny_candidate	pending	pending	
CANON_00617		GCA_024171285.1	unpaired		GCA_024171285.1	current	GCA_024171285.1	GENBANK	current	current_genbank_singleton	Bradyrhizobium elkanii	29448	USDA 11	Contig	9434883	63.5	3	8943017	0.842845	0.0	retain_candidate	primary_contiguity_candidate	synteny_candidate	pending	pending	
CANON_00618	GCF_024171305.1	GCA_024171305.1	paired		GCF_024171305.1	current	GCF_024171305.1	REFSEQ	current	current_refseq_preferred	Bradyrhizobium japonicum	375	USDA 10	Contig	11536906	63	6	10639458	2.488359	-0.6745	retain_candidate	primary_contiguity_candidate	synteny_candidate	pending	pending	
CANON_00619	GCF_024171315.1	GCA_024171315.1	paired		GCF_024171315.1	current	GCF_024171315.1	REFSEQ	current	current_refseq_preferred	Bradyrhizobium sp. USDA 4532	2817700	USDA 4532	Contig	8759150	64	1	8759150	0.313865	0.6745	retain_candidate	primary_contiguity_candidate	synteny_candidate	pending	pending	
CANON_00620	GCF_024171345.1	GCA_024171345.1	paired		GCF_024171345.1	current	GCF_024171345.1	REFSEQ	current	current_refseq_preferred	Bradyrhizobium sp. USDA 4537	2817701	USDA 4537	Contig	9675914	63.5	2	8935814	1.03153	0.0	retain_candidate	primary_contiguity_candidate	synteny_candidate	pending	pending	
CANON_00621	GCF_024171365.1	GCA_024171365.1	paired		GCF_024171365.1	current	GCF_024171365.1	REFSEQ	current	current_refseq_preferred	Bradyrhizobium elkanii	29448	USDA 23	Contig	9993204	63.5	3	9420529	1.279912	0.0	retain_candidate	primary_contiguity_candidate	synteny_candidate	pending	pending	
CANON_00622	GCF_024171385.1	GCA_024171385.1	paired		GCF_024171385.1	current	GCF_024171385.1	REFSEQ	current	current_refseq_preferred	Bradyrhizobium sp. USDA 4539	2817703	USDA 4539	Contig	9677511	63.5	2	8937411	1.03278	0.0	retain_candidate	primary_contiguity_candidate	synteny_candidate	pending	pending	
CANON_00623	GCF_024171445.1	GCA_024171445.1	paired		GCF_024171445.1	current	GCF_024171445.1	REFSEQ	current	current_refseq_preferred	Bradyrhizobium japonicum	375	USDA 27	Contig	11114350	63	5	10536046	2.157572	-0.6745	retain_candidate	primary_contiguity_candidate	synteny_candidate	pending	pending	
CANON_00624	GCF_024181725.1	GCA_024181725.1	paired		GCF_024181725.1	current	GCF_024181725.1	REFSEQ	current	current_refseq_preferred	Bradyrhizobium sp. WD16	1521768	WD16	Complete Genome	5945179	65.5	1	5945179	-1.88898	2.698	retain_candidate	primary_contiguity_candidate	synteny_candidate	pending	pending	
CANON_00625	GCF_024199785.1	GCA_024199785.1	paired		GCF_024199785.1	current	GCF_024199785.1	REFSEQ	current	current_refseq_preferred	Bradyrhizobium cajani	1928661	B51279	Contig	8361402	64	120	117907	0.002498	0.6745	retain_candidate	primary_contiguity_candidate	synteny_candidate	pending	pending	
CANON_00626	GCF_024199795.1	GCA_024199795.1	paired		GCF_024199795.1	current	GCF_024199795.1	REFSEQ	current	current_refseq_preferred	Bradyrhizobium sp. CCGB01	2949634	CCGB01	Contig	9317328	64	1	9317328	0.75082	0.6745	retain_candidate	primary_contiguity_candidate	synteny_candidate	pending	pending	
CANON_00627	GCF_024199825.1	GCA_024199825.1	paired		GCF_024199825.1	current	GCF_024199825.1	REFSEQ	current	current_refseq_preferred	Bradyrhizobium brasilense	1419277	B51278	Contig	8566773	64	103	183661	0.163267	0.6745	retain_candidate	primary_contiguity_candidate	synteny_candidate	pending	pending	
CANON_00628	GCF_024199845.1	GCA_024199845.1	paired		GCF_024199845.1	current	GCF_024199845.1	REFSEQ	current	current_refseq_preferred	Bradyrhizobium sp. CCGB12	2949632	CCGB12	Contig	9426670	63	2	8985519	0.836415	-0.6745	retain_candidate	primary_contiguity_candidate	synteny_candidate	pending	pending	
CANON_00629	GCF_024199855.1	GCA_024199855.1	paired		GCF_024199855.1	current	GCF_024199855.1	REFSEQ	current	current_refseq_preferred	Bradyrhizobium sp. CCGB20	2949633	CCGB20	Contig	9227337	64	1	9227337	0.680373	0.6745	retain_candidate	primary_contiguity_candidate	synteny_candidate	pending	pending	
CANON_00630	GCF_024199885.1	GCA_024199885.1	paired		GCF_024199885.1	current	GCF_024199885.1	REFSEQ	current	current_refseq_preferred	Bradyrhizobium sp. CCGUVB23	2949630	CCGUVB23	Scaffold	11273073	62.5	4	10227124	2.281824	-1.349	retain_candidate	primary_contiguity_candidate	synteny_candidate	pending	pending	
CANON_00631	GCF_024199925.1	GCA_024199925.1	paired		GCF_024199925.1	current	GCF_024199925.1	REFSEQ	current	current_refseq_preferred	Bradyrhizobium sp. CCGUVB1N3	2949629	CCGUVB1N3	Scaffold	10444098	63	3	9882385	1.632883	-0.6745	retain_candidate	primary_contiguity_candidate	synteny_candidate	pending	pending	
CANON_00632	GCF_024199935.1	GCA_024199935.1	paired		GCF_024199935.1	current	GCF_024199935.1	REFSEQ	current	current_refseq_preferred	Bradyrhizobium sp. CCGUVB14	2949628	CCGUVB14	Contig	9769664	63.5	1	9769664	1.104919	0.0	retain_candidate	primary_contiguity_candidate	synteny_candidate	pending	pending	
CANON_00633	GCF_024199945.1	GCA_024199945.1	paired		GCF_024199945.1	current	GCF_024199945.1	REFSEQ	current	current_refseq_preferred	Bradyrhizobium sp. CCGUVB4N	2949631	CCGUVB4N	Contig	9212720	63.5	1	9212720	0.66893	0.0	retain_candidate	primary_contiguity_candidate	synteny_candidate	pending	pending	
CANON_00634		GCA_024231615.1	unpaired		GCA_024231615.1	current	GCA_024231615.1	GENBANK	current	current_genbank_singleton	Bradyrhizobium sp.	376		Contig	7106486	64	806	53272	-0.97988	0.6745	retain_candidate	secondary_fragmented	presence_absence_only	pending	pending	pangenome_fragmented;synteny_fragmented
CANON_00635	GCF_024519855.1	GCA_024519855.1	paired		GCF_024519855.1	current	GCF_024519855.1	REFSEQ	current	current_refseq_preferred	Bradyrhizobium sp. Bra78	2926010	Bra78	Scaffold	7221794	64.5	48	302716	-0.889615	1.349	retain_candidate	primary_contiguity_candidate	synteny_candidate	pending	pending	
CANON_00636	GCF_024519875.1	GCA_024519875.1	paired		GCF_024519875.1	current	GCF_024519875.1	REFSEQ	current	current_refseq_preferred	Bradyrhizobium sp. Bra64	2926009	Bra64	Scaffold	7335666	64.5	51	374004	-0.800473	1.349	retain_candidate	primary_contiguity_candidate	synteny_candidate	pending	pending	
CANON_00637		GCA_024585065.1	unpaired		GCA_024585065.1	current	GCA_024585065.1	GENBANK	current	current_genbank_singleton	Bradyrhizobium sp. WBOS01	2170627	WBOS01	Chromosome	6741579	65	1	6741479	-1.265538	2.0235	retain_candidate	primary_contiguity_candidate	synteny_candidate	pending	pending	
CANON_00638	GCF_024585085.1	GCA_024585085.1	paired		GCF_024585085.1	current	GCF_024585085.1	REFSEQ	current	current_refseq_preferred	Bradyrhizobium sp. WBOS02	2171497	WBOS02	Chromosome	6723331	65	1	6723231	-1.279823	2.0235	retain_candidate	primary_contiguity_candidate	synteny_candidate	pending	pending	
CANON_00639	GCF_024585105.1	GCA_024585105.1	paired		GCF_024585105.1	current	GCF_024585105.1	REFSEQ	current	current_refseq_preferred	Bradyrhizobium sp. WBOS04	2171498	WBOS04	Chromosome	6626925	65	1	6626825	-1.355292	2.0235	retain_candidate	primary_contiguity_candidate	synteny_candidate	pending	pending	
CANON_00640	GCF_024585125.1	GCA_024585125.1	paired		GCF_024585125.1	current	GCF_024585125.1	REFSEQ	current	current_refseq_preferred	Bradyrhizobium sp. WBOS08	2171500	WBOS08	Chromosome	6626060	65	1	6625960	-1.355969	2.0235	retain_candidate	primary_contiguity_candidate	synteny_candidate	pending	pending	
CANON_00641	GCF_024585145.1	GCA_024585145.1	paired		GCF_024585145.1	current	GCF_024585145.1	REFSEQ	current	current_refseq_preferred	Bradyrhizobium betae	244734	WBOS16	Chromosome	6724403	65	1	6724303	-1.278984	2.0235	retain_candidate	primary_contiguity_candidate	synteny_candidate	pending	pending	
CANON_00642	GCF_024585165.1	GCA_024585165.1	paired		GCF_024585165.1	current	GCF_024585165.1	REFSEQ	current	current_refseq_preferred	Bradyrhizobium sp. WBOS07	2171499	WBOS07	Chromosome	6727533	65	1	6727433	-1.276534	2.0235	retain_candidate	primary_contiguity_candidate	synteny_candidate	pending	pending	
CANON_00643	GCF_024585265.1	GCA_024585265.1	paired		GCF_024585265.1	current	GCF_024585265.1	REFSEQ	current	current_refseq_preferred	Bradyrhizobium sp. WBAH42	1390132	WBAH42	Chromosome	8285980	64	1	8285880	-0.056544	0.6745	retain_candidate	primary_contiguity_candidate	synteny_candidate	pending	pending	
CANON_00644	GCF_024586915.1	GCA_024586915.1	paired		GCF_024586915.1	current	GCF_024586915.1	REFSEQ	current	current_refseq_preferred	Bradyrhizobium sp. SRS-191	2962606	SRS-191	Contig	7620757	65.5	96	349972	-0.577297	2.698	retain_candidate	primary_contiguity_candidate	synteny_candidate	pending	pending	
CANON_00645	GCF_024758445.1	GCA_024758445.1	paired		GCF_024758445.1	current	GCF_024758445.1	REFSEQ	current	current_refseq_preferred	Bradyrhizobium arachidis	858423	Hy4	Complete Genome	8003242	63.5	1	8003242	-0.277878	0.0	retain_candidate	primary_contiguity_candidate	synteny_candidate	pending	pending	
CANON_00646	GCF_024758505.1	GCA_024758505.1	paired		GCF_024758505.1	current	GCF_024758505.1	REFSEQ	current	current_refseq_preferred	Bradyrhizobium arachidis	858423	SM32	Complete Genome	9429272	63	1	9429272	0.838452	-0.6745	retain_candidate	primary_contiguity_candidate	synteny_candidate	pending	pending	
CANON_00647	GCF_024806645.1	GCA_024806645.1	paired		GCF_024806645.1	current	GCF_024806645.1	REFSEQ	current	current_refseq_preferred	Bradyrhizobium elkanii	29448	USDA 90	Contig	9640338	63.5	2	9345569	1.00368	0.0	retain_candidate	primary_contiguity_candidate	synteny_candidate	pending	pending	
CANON_00648	GCF_024806875.1	GCA_024806875.1	paired		GCF_024806875.1	current	GCF_024806875.1	REFSEQ	current	current_refseq_preferred	Bradyrhizobium betae	244734	CECT 5829	Contig	7334789	64.5	28	565778	-0.801159	1.349	retain_candidate	primary_contiguity_candidate	synteny_candidate	pending	pending	
CANON_00649	GCF_024807115.1	GCA_024807115.1	paired		GCF_024807115.1	current	GCF_024807115.1	REFSEQ	current	current_refseq_preferred	Bradyrhizobium japonicum	375	USDA 37	Contig	10302758	63.5	7	3054120	1.522238	0.0	retain_candidate	primary_contiguity_candidate	synteny_candidate	pending	pending	
CANON_00650	GCF_024807285.1	GCA_024807285.1	paired		GCF_024807285.1	current	GCF_024807285.1	REFSEQ	current	current_refseq_preferred	Bradyrhizobium japonicum	375	USDA 45	Contig	9740168	63.5	1	9740168	1.081829	0.0	retain_candidate	primary_contiguity_candidate	synteny_candidate	pending	pending	
CANON_00651	GCF_024807635.1	GCA_024807635.1	paired		GCF_024807635.1	current	GCF_024807635.1	REFSEQ	current	current_refseq_preferred	Bradyrhizobium elkanii	29448	USDA 40	Contig	9411595	63.5	1	9411595	0.824614	0.0	retain_candidate	primary_contiguity_candidate	synteny_candidate	pending	pending	
CANON_00652	GCF_024807725.1	GCA_024807725.1	paired		GCF_024807725.1	current	GCF_024807725.1	REFSEQ	current	current_refseq_preferred	Bradyrhizobium japonicum	375	USDA 73	Contig	9226167	63.5	1	9226167	0.679457	0.0	retain_candidate	primary_contiguity_candidate	synteny_candidate	pending	pending	
CANON_00653	GCF_024807735.1	GCA_024807735.1	paired		GCF_024807735.1	current	GCF_024807735.1	REFSEQ	current	current_refseq_preferred	Bradyrhizobium japonicum	375	USDA 78	Contig	9684322	63.5	1	9684322	1.038112	0.0	retain_candidate	primary_contiguity_candidate	synteny_candidate	pending	pending	
CANON_00654	GCF_024807775.1	GCA_024807775.1	paired		GCF_024807775.1	current	GCF_024807775.1	REFSEQ	current	current_refseq_preferred	Bradyrhizobium elkanii	29448	USDA 71a	Contig	9527404	63.5	2	9230352	0.915272	0.0	retain_candidate	primary_contiguity_candidate	synteny_candidate	pending	pending	
CANON_00655	GCF_024807795.1	GCA_024807795.1	paired		GCF_024807795.1	current	GCF_024807795.1	REFSEQ	current	current_refseq_preferred	Bradyrhizobium japonicum	375	USDA 72	Contig	10330500	63.5	4	9529098	1.543955	0.0	retain_candidate	primary_contiguity_candidate	synteny_candidate	pending	pending	
CANON_00656	GCF_024807815.1	GCA_024807815.1	paired		GCF_024807815.1	current	GCF_024807815.1	REFSEQ	current	current_refseq_preferred	Bradyrhizobium elkanii	29448	USDA 66	Contig	9616270	63.5	2	9514364	0.984839	0.0	retain_candidate	primary_contiguity_candidate	synteny_candidate	pending	pending	
CANON_00657	GCF_024807895.1	GCA_024807895.1	paired		GCF_024807895.1	current	GCF_024807895.1	REFSEQ	current	current_refseq_preferred	Bradyrhizobium elkanii	29448	USDA 70	Contig	9996057	63.5	3	9423387	1.282145	0.0	retain_candidate	primary_contiguity_candidate	synteny_candidate	pending	pending	
CANON_00658	GCF_024807975.1	GCA_024807975.1	paired		GCF_024807975.1	current	GCF_024807975.1	REFSEQ	current	current_refseq_preferred	Bradyrhizobium elkanii	29448	USDA 84	Contig	9480929	63.5	2	9112834	0.878891	0.0	retain_candidate	primary_contiguity_candidate	synteny_candidate	pending	pending	
CANON_00659	GCF_024808375.1	GCA_024808375.1	paired		GCF_024808375.1	current	GCF_024808375.1	REFSEQ	current	current_refseq_preferred	Bradyrhizobium elkanii	29448	USDA 74	Contig	9482639	63.5	2	9114546	0.880229	0.0	retain_candidate	primary_contiguity_candidate	synteny_candidate	pending	pending	
CANON_00660	GCF_024808435.1	GCA_024808435.1	paired		GCF_024808435.1	current	GCF_024808435.1	REFSEQ	current	current_refseq_preferred	Bradyrhizobium elkanii	29448	USDA 39	Contig	9919651	63.5	2	9616623	1.222333	0.0	retain_candidate	primary_contiguity_candidate	synteny_candidate	pending	pending	
CANON_00661	GCF_024808455.1	GCA_024808455.1	paired		GCF_024808455.1	current	GCF_024808455.1	REFSEQ	current	current_refseq_preferred	Bradyrhizobium japonicum USDA 38	1079467	USDA 38	Contig	9740125	63.5	1	9740125	1.081796	0.0	retain_candidate	primary_contiguity_candidate	synteny_candidate	pending	pending	
CANON_00662	GCF_024808475.1	GCA_024808475.1	paired		GCF_024808475.1	current	GCF_024808475.1	REFSEQ	current	current_refseq_preferred	Bradyrhizobium japonicum	375	USDA 35	Contig	10300319	63.5	4	9501589	1.520329	0.0	retain_candidate	primary_contiguity_candidate	synteny_candidate	pending	pending	
CANON_00663	GCF_024808485.1	GCA_024808485.1	paired		GCF_024808485.1	current	GCF_024808485.1	REFSEQ	current	current_refseq_preferred	Bradyrhizobium japonicum	375	USDA 58	Contig	9685572	63.5	1	9685572	1.03909	0.0	retain_candidate	primary_contiguity_candidate	synteny_candidate	pending	pending	
CANON_00664	GCF_024808515.1	GCA_024808515.1	paired		GCF_024808515.1	current	GCF_024808515.1	REFSEQ	current	current_refseq_preferred	Bradyrhizobium elkanii	29448	USDA 63	Contig	9557297	63.5	4	9120490	0.938673	0.0	retain_candidate	primary_contiguity_candidate	synteny_candidate	pending	pending	
CANON_00665	GCF_024808695.1	GCA_024808695.1	paired		GCF_024808695.1	current	GCF_024808695.1	REFSEQ	current	current_refseq_preferred	Bradyrhizobium japonicum	375	USDA 43	Contig	9410477	63.5	1	9410477	0.823739	0.0	retain_candidate	primary_contiguity_candidate	synteny_candidate	pending	pending	
CANON_00666	GCF_024808735.1	GCA_024808735.1	paired		GCF_024808735.1	current	GCF_024808735.1	REFSEQ	current	current_refseq_preferred	Bradyrhizobium japonicum	375	USDA 50	Contig	9207921	63.5	1	9207921	0.665173	0.0	retain_candidate	primary_contiguity_candidate	synteny_candidate	pending	pending	
CANON_00667	GCF_024808795.1	GCA_024808795.1	paired		GCF_024808795.1	current	GCF_024808795.1	REFSEQ	current	current_refseq_preferred	Bradyrhizobium elkanii	29448	USDA 71	Contig	9521941	63.5	2	9224889	0.910996	0.0	retain_candidate	primary_contiguity_candidate	synteny_candidate	pending	pending	
CANON_00668	GCF_024808895.1	GCA_024808895.1	paired		GCF_024808895.1	current	GCF_024808895.1	REFSEQ	current	current_refseq_preferred	Bradyrhizobium elkanii	29448	USDA 77	Contig	9483576	63.5	2	9115481	0.880963	0.0	retain_candidate	primary_contiguity_candidate	synteny_candidate	pending	pending	
CANON_00669	GCF_024808915.1	GCA_024808915.1	paired		GCF_024808915.1	current	GCF_024808915.1	REFSEQ	current	current_refseq_preferred	Bradyrhizobium elkanii	29448	USDA 99	Contig	9688473	64	2	9473378	1.041361	0.6745	retain_candidate	primary_contiguity_candidate	synteny_candidate	pending	pending	
CANON_00670	GCF_024808955.1	GCA_024808955.1	paired		GCF_024808955.1	current	GCF_024808955.1	REFSEQ	current	current_refseq_preferred	Bradyrhizobium elkanii	29448	USDA 98	Contig	9605245	64	2	9399579	0.976208	0.6745	retain_candidate	primary_contiguity_candidate	synteny_candidate	pending	pending	
CANON_00671	GCF_024809255.1	GCA_024809255.1	paired		GCF_024809255.1	current	GCF_024809255.1	REFSEQ	current	current_refseq_preferred	Bradyrhizobium elkanii USDA 61	1275962	USDA 61	Contig	9622165	63.5	2	9520259	0.989454	0.0	retain_candidate	primary_contiguity_candidate	synteny_candidate	pending	pending	
CANON_00672	GCF_024809275.1	GCA_024809275.1	paired		GCF_024809275.1	current	GCF_024809275.1	REFSEQ	current	current_refseq_preferred	Bradyrhizobium japonicum	375	USDA 59	Contig	9603408	63.5	1	9603408	0.97477	0.0	retain_candidate	primary_contiguity_candidate	synteny_candidate	pending	pending	
CANON_00673	GCF_024809305.1	GCA_024809305.1	paired		GCF_024809305.1	current	GCF_024809305.1	REFSEQ	current	current_refseq_preferred	Bradyrhizobium japonicum	375	USDA 57	Contig	9686149	63.5	1	9686149	1.039542	0.0	retain_candidate	primary_contiguity_candidate	synteny_candidate	pending	pending	
CANON_00674	GCF_024809355.1	GCA_024809355.1	paired		GCF_024809355.1	current	GCF_024809355.1	REFSEQ	current	current_refseq_preferred	Bradyrhizobium japonicum	375	USDA 41	Contig	9208764	63.5	1	9208764	0.665833	0.0	retain_candidate	primary_contiguity_candidate	synteny_candidate	pending	pending	
CANON_00675	GCF_024809375.1	GCA_024809375.1	paired		GCF_024809375.1	current	GCF_024809375.1	REFSEQ	current	current_refseq_preferred	Bradyrhizobium elkanii	29448	USDA 46	Contig	9525220	63.5	2	9228179	0.913563	0.0	retain_candidate	primary_contiguity_candidate	synteny_candidate	pending	pending	
CANON_00676	GCF_024809395.1	GCA_024809395.1	paired		GCF_024809395.1	current	GCF_024809395.1	REFSEQ	current	current_refseq_preferred	Bradyrhizobium centrosematis	1300039	SEMIA 424	Scaffold	8002051	64	15	1544534	-0.278811	0.6745	retain_candidate	primary_contiguity_candidate	synteny_candidate	pending	pending	
CANON_00677	GCF_024809455.1	GCA_024809455.1	paired		GCF_024809455.1	current	GCF_024809455.1	REFSEQ	current	current_refseq_preferred	Bradyrhizobium japonicum	375	USDA 48	Contig	10381620	63.5	4	9582890	1.583973	0.0	retain_candidate	primary_contiguity_candidate	synteny_candidate	pending	pending	
CANON_00678	GCF_024809475.1	GCA_024809475.1	paired		GCF_024809475.1	current	GCF_024809475.1	REFSEQ	current	current_refseq_preferred	Bradyrhizobium centrosematis	1300039	SEMIA 431	Scaffold	8006841	64	11	1627063	-0.275061	0.6745	retain_candidate	primary_contiguity_candidate	synteny_candidate	pending	pending	
CANON_00679	GCF_024809655.1	GCA_024809655.1	paired		GCF_024809655.1	current	GCF_024809655.1	REFSEQ	current	current_refseq_preferred	Bradyrhizobium elkanii	29448	USDA 83	Contig	9617663	63.5	2	9522902	0.985929	0.0	retain_candidate	primary_contiguity_candidate	synteny_candidate	pending	pending	
CANON_00680	GCF_024809875.1	GCA_024809875.1	paired		GCF_024809875.1	current	GCF_024809875.1	REFSEQ	current	current_refseq_preferred	Bradyrhizobium japonicum	375	USDA 66a	Contig	9225047	63.5	1	9225047	0.67858	0.0	retain_candidate	primary_contiguity_candidate	synteny_candidate	pending	pending	
CANON_00681	GCF_024810215.1	GCA_024810215.1	paired		GCF_024810215.1	current	GCF_024810215.1	REFSEQ	current	current_refseq_preferred	Bradyrhizobium elkanii	29448	USDA 67	Contig	9886923	63.5	2	9583891	1.196713	0.0	retain_candidate	primary_contiguity_candidate	synteny_candidate	pending	pending	
CANON_00682	GCF_025200865.1	GCA_025200865.1	paired		GCF_025200865.1	current	GCF_025200865.1	REFSEQ	current	current_refseq_preferred	Bradyrhizobium sp. NC92	55395	NC92	Complete Genome	8355732	64	1	8355732	-0.001941	0.6745	retain_candidate	primary_contiguity_candidate	synteny_candidate	pending	pending	
CANON_00683	GCF_025200885.1	GCA_025200885.1	paired		GCF_025200885.1	current	GCF_025200885.1	REFSEQ	current	current_refseq_preferred	Bradyrhizobium huanghuaihaiense	990078	CB3035	Complete Genome	9614050	64	1	9614050	0.983101	0.6745	retain_candidate	primary_contiguity_candidate	synteny_candidate	pending	pending	
CANON_00684	GCF_025200905.1	GCA_025200905.1	paired		GCF_025200905.1	current	GCF_025200905.1	REFSEQ	current	current_refseq_preferred	Bradyrhizobium yuanmingense	108015	CB1024	Complete Genome	7840305	64	1	7840305	-0.405429	0.6745	retain_candidate	primary_contiguity_candidate	synteny_candidate	pending	pending	
CANON_00685	GCF_025200925.1	GCA_025200925.1	paired		GCF_025200925.1	current	GCF_025200925.1	REFSEQ	current	current_refseq_preferred	Bradyrhizobium sp. CB1015	2976822	CB1015	Complete Genome	8412734	64	1	8412734	0.042682	0.6745	retain_candidate	primary_contiguity_candidate	synteny_candidate	pending	pending	
CANON_00686		GCA_025936355.1	unpaired		GCA_025936355.1	current	GCA_025936355.1	GENBANK	current	current_genbank_singleton	Bradyrhizobium sp.	376		Contig	3647126	64.5	849	4898	-3.687951	1.349	manual_review	secondary_fragmented	presence_absence_only	pending	pending	genome_size_outlier;pangenome_fragmented;synteny_fragmented
CANON_00687		GCA_025936395.1	unpaired		GCA_025936395.1	current	GCA_025936395.1	GENBANK	current	current_genbank_singleton	Bradyrhizobium sp.	376		Contig	4183457	60.5	749	6610	-3.268098	-4.047	manual_review	secondary_fragmented	presence_absence_only	pending	pending	gc_percent_outlier;pangenome_fragmented;synteny_fragmented
CANON_00688		GCA_025960445.1	unpaired		GCA_025960445.1	current	GCA_025960445.1	GENBANK	current	current_genbank_singleton	Bradyrhizobium sp.	376		Contig	3392344	60.5	658	5892	-3.8874	-4.047	manual_review	secondary_fragmented	presence_absence_only	pending	pending	gc_percent_outlier;genome_size_outlier;pangenome_fragmented;synteny_fragmented
CANON_00689		GCA_025960915.1	unpaired		GCA_025960915.1	current	GCA_025960915.1	GENBANK	current	current_genbank_singleton	Bradyrhizobium diazoefficiens	1355477	USDA 92	Contig	9340735	64	1	9340735	0.769143	0.6745	retain_candidate	primary_contiguity_candidate	synteny_candidate	pending	pending	
CANON_00690	GCF_025960955.1	GCA_025960955.1	paired		GCF_025960955.1	current	GCF_025960955.1	REFSEQ	current	current_refseq_preferred	Bradyrhizobium elkanii	29448	USDA 84a	Contig	9833624	63.5	2	9540326	1.154989	0.0	retain_candidate	primary_contiguity_candidate	synteny_candidate	pending	pending	
CANON_00691	GCF_025961015.1	GCA_025961015.1	paired		GCF_025961015.1	current	GCF_025961015.1	REFSEQ	current	current_refseq_preferred	Bradyrhizobium elkanii	29448	USDA 93	Contig	9680669	64	2	9465574	1.035252	0.6745	retain_candidate	primary_contiguity_candidate	synteny_candidate	pending	pending	
CANON_00692	GCF_025961025.1	GCA_025961025.1	paired		GCF_025961025.1	current	GCF_025961025.1	REFSEQ	current	current_refseq_preferred	Bradyrhizobium elkanii	29448	USDA 101	Contig	9857245	63.5	3	9365395	1.17348	0.0	retain_candidate	primary_contiguity_candidate	synteny_candidate	pending	pending	
CANON_00693	GCF_025961055.1	GCA_025961055.1	paired		GCF_025961055.1	current	GCF_025961055.1	REFSEQ	current	current_refseq_preferred	Bradyrhizobium elkanii	29448	USDA 116	Contig	9715588	63.5	2	9421216	1.062587	0.0	retain_candidate	primary_contiguity_candidate	synteny_candidate	pending	pending	
CANON_00694	GCF_025961075.1	GCA_025961075.1	paired		GCF_025961075.1	current	GCF_025961075.1	REFSEQ	current	current_refseq_preferred	Bradyrhizobium elkanii	29448	USDA 103	Contig	9384871	64	1	9384871	0.803694	0.6745	retain_candidate	primary_contiguity_candidate	synteny_candidate	pending	pending	
CANON_00695	GCF_025961095.1	GCA_025961095.1	paired		GCF_025961095.1	current	GCF_025961095.1	REFSEQ	current	current_refseq_preferred	Bradyrhizobium japonicum	375	USDA 114	Contig	9651281	63.5	1	9651281	1.012246	0.0	retain_candidate	primary_contiguity_candidate	synteny_candidate	pending	pending	
CANON_00696		GCA_025961105.1	unpaired		GCA_025961105.1	current	GCA_025961105.1	GENBANK	current	current_genbank_singleton	Bradyrhizobium ottawaense	931866	USDA 106	Contig	8828304	63.5	2	8417581	0.368	0.0	retain_candidate	primary_contiguity_candidate	synteny_candidate	pending	pending	
CANON_00697	GCF_025961135.1	GCA_025961135.1	paired		GCF_025961135.1	current	GCF_025961135.1	REFSEQ	current	current_refseq_preferred	Bradyrhizobium elkanii	29448	USDA 117	Contig	9706009	63.5	2	9421774	1.055089	0.0	retain_candidate	primary_contiguity_candidate	synteny_candidate	pending	pending	
CANON_00698	GCF_025961155.1	GCA_025961155.1	paired		GCF_025961155.1	current	GCF_025961155.1	REFSEQ	current	current_refseq_preferred	Bradyrhizobium elkanii	29448	USDA 120	Contig	9660651	63.5	3	7582079	1.019581	0.0	retain_candidate	primary_contiguity_candidate	synteny_candidate	pending	pending	
CANON_00699	GCF_025961175.1	GCA_025961175.1	paired		GCF_025961175.1	current	GCF_025961175.1	REFSEQ	current	current_refseq_preferred	Bradyrhizobium elkanii	29448	USDA 100	Contig	9850659	63.5	3	9358810	1.168324	0.0	retain_candidate	primary_contiguity_candidate	synteny_candidate	pending	pending	
CANON_00700	GCF_025961545.1	GCA_025961545.1	paired		GCF_025961545.1	current	GCF_025961545.1	REFSEQ	current	current_refseq_preferred	Bradyrhizobium japonicum	375	USDA 105	Contig	11674039	63	4	10943673	2.59571	-0.6745	retain_candidate	primary_contiguity_candidate	synteny_candidate	pending	pending	
CANON_00701	GCF_025961635.1	GCA_025961635.1	paired		GCF_025961635.1	current	GCF_025961635.1	REFSEQ	current	current_refseq_preferred	Bradyrhizobium japonicum	375	USDA 115	Contig	9629130	63.5	1	9629130	0.994906	0.0	retain_candidate	primary_contiguity_candidate	synteny_candidate	pending	pending	
CANON_00702	GCF_025961655.1	GCA_025961655.1	paired		GCF_025961655.1	current	GCF_025961655.1	REFSEQ	current	current_refseq_preferred	Bradyrhizobium elkanii	29448	USDA 119	Contig	9824410	63.5	2	9531140	1.147776	0.0	retain_candidate	primary_contiguity_candidate	synteny_candidate	pending	pending	
CANON_00703	GCF_025961675.1	GCA_025961675.1	paired		GCF_025961675.1	current	GCF_025961675.1	REFSEQ	current	current_refseq_preferred	Bradyrhizobium elkanii	29448	USDA 99b	Contig	9688482	64	2	9473387	1.041368	0.6745	retain_candidate	primary_contiguity_candidate	synteny_candidate	pending	pending	
CANON_00704		GCA_025962255.1	unpaired		GCA_025962255.1	current	GCA_025962255.1	GENBANK	current	current_genbank_singleton	Bradyrhizobium diazoefficiens	1355477	USDA 36	Contig	8868087	64	1	8868087	0.399143	0.6745	retain_candidate	primary_contiguity_candidate	synteny_candidate	pending	pending	
CANON_00705		GCA_025962295.1	unpaired		GCA_025962295.1	current	GCA_025962295.1	GENBANK	current	current_genbank_singleton	Bradyrhizobium diazoefficiens	1355477	USDA 44	Contig	9135627	64	1	9135627	0.60858	0.6745	retain_candidate	primary_contiguity_candidate	synteny_candidate	pending	pending	
CANON_00706		GCA_025962315.1	unpaired		GCA_025962315.1	current	GCA_025962315.1	GENBANK	current	current_genbank_singleton	Bradyrhizobium ottawaense	931866	USDA 52	Contig	8831276	63.5	2	8420553	0.370327	0.0	retain_candidate	primary_contiguity_candidate	synteny_candidate	pending	pending	
CANON_00707		GCA_025962325.1	unpaired		GCA_025962325.1	current	GCA_025962325.1	GENBANK	current	current_genbank_singleton	Bradyrhizobium ottawaense	931866	USDA 53	Contig	8834025	63.5	2	8422114	0.372479	0.0	retain_candidate	primary_contiguity_candidate	synteny_candidate	pending	pending	
CANON_00708	GCF_025962335.1	GCA_025962335.1	paired		GCF_025962335.1	current	GCF_025962335.1	REFSEQ	current	current_refseq_preferred	Bradyrhizobium ottawaense	931866	USDA 51	Contig	8831277	63.5	2	8420554	0.370327	0.0	retain_candidate	primary_contiguity_candidate	synteny_candidate	pending	pending	
CANON_00709		GCA_025962375.1	unpaired		GCA_025962375.1	current	GCA_025962375.1	GENBANK	current	current_genbank_singleton	Bradyrhizobium ottawaense	931866	USDA 54	Contig	8846753	63.5	2	8436031	0.382442	0.0	retain_candidate	primary_contiguity_candidate	synteny_candidate	pending	pending	
CANON_00710		GCA_025962395.1	unpaired		GCA_025962395.1	current	GCA_025962395.1	GENBANK	current	current_genbank_singleton	Bradyrhizobium ottawaense	931866	USDA 55	Contig	8837531	63.5	3	6378112	0.375223	0.0	retain_candidate	primary_contiguity_candidate	synteny_candidate	pending	pending	
CANON_00711		GCA_025962445.1	unpaired		GCA_025962445.1	current	GCA_025962445.1	GENBANK	current	current_genbank_singleton	Bradyrhizobium diazoefficiens	1355477	USDA 64	Contig	9340796	64	1	9340796	0.769191	0.6745	retain_candidate	primary_contiguity_candidate	synteny_candidate	pending	pending	
CANON_00712		GCA_025962455.1	unpaired		GCA_025962455.1	current	GCA_025962455.1	GENBANK	current	current_genbank_singleton	Bradyrhizobium diazoefficiens	1355477	USDA 62	Contig	9138750	64	1	9138750	0.611025	0.6745	retain_candidate	primary_contiguity_candidate	synteny_candidate	pending	pending	
CANON_00713		GCA_025962515.1	unpaired		GCA_025962515.1	current	GCA_025962515.1	GENBANK	current	current_genbank_singleton	Bradyrhizobium diazoefficiens	1355477	USDA 96	Contig	9340204	64	1	9340204	0.768728	0.6745	retain_candidate	primary_contiguity_candidate	synteny_candidate	pending	pending	
CANON_00714		GCA_025962555.1	unpaired		GCA_025962555.1	current	GCA_025962555.1	GENBANK	current	current_genbank_singleton	Bradyrhizobium diazoefficiens	1355477	USDA 91	Contig	9124142	64	1	9124142	0.599589	0.6745	retain_candidate	primary_contiguity_candidate	synteny_candidate	pending	pending	
CANON_00715		GCA_026125985.1	unpaired		GCA_026125985.1	current	GCA_026125985.1	GENBANK	current	current_genbank_singleton	Bradyrhizobium sp.	376		Contig	4565443	63	522	12380	-2.96907	-0.6745	retain_candidate	secondary_fragmented	presence_absence_only	pending	pending	pangenome_fragmented;synteny_fragmented
CANON_00716		GCA_026225025.1	unpaired		GCA_026225025.1	current	GCA_026225025.1	GENBANK	current	current_genbank_singleton	Bradyrhizobium sp.	376		Contig	4085774	63	1341	3215	-3.344566	-0.6745	retain_candidate	secondary_fragmented	presence_absence_only	pending	pending	pangenome_fragmented;synteny_fragmented
CANON_00717	GCF_027307225.1	GCA_027307225.1	paired		GCF_027307225.1	current	GCF_027307225.1	REFSEQ	current	current_refseq_preferred	Bradyrhizobium sp.	376		Contig	5595619	61.5	160	57754	-2.162623	-2.698	retain_candidate	primary_contiguity_candidate	synteny_candidate	pending	pending	
CANON_00718		GCA_027430895.1	unpaired		GCA_027430895.1	current	GCA_027430895.1	GENBANK	current	current_genbank_singleton	Bradyrhizobium sp.	376		Contig	4171388	62	682	6831	-3.277546	-2.0235	retain_candidate	secondary_fragmented	presence_absence_only	pending	pending	pangenome_fragmented;synteny_fragmented
CANON_00719		GCA_027430915.1	unpaired		GCA_027430915.1	current	GCA_027430915.1	GENBANK	current	current_genbank_singleton	Bradyrhizobium sp.	376		Contig	4706542	62	475	14038	-2.858614	-2.0235	retain_candidate	secondary_fragmented	presence_absence_only	pending	pending	pangenome_fragmented;synteny_fragmented
CANON_00720		GCA_027430935.1	unpaired		GCA_027430935.1	current	GCA_027430935.1	GENBANK	current	current_genbank_singleton	Bradyrhizobium sp.	376		Contig	5434197	62	671	11050	-2.288989	-2.0235	retain_candidate	secondary_fragmented	presence_absence_only	pending	pending	pangenome_fragmented;synteny_fragmented
CANON_00721		GCA_027430955.1	unpaired		GCA_027430955.1	current	GCA_027430955.1	GENBANK	current	current_genbank_singleton	Bradyrhizobium sp.	376		Contig	4507475	62	480	11549	-3.014449	-2.0235	retain_candidate	secondary_fragmented	presence_absence_only	pending	pending	pangenome_fragmented;synteny_fragmented
CANON_00722		GCA_027430975.1	unpaired		GCA_027430975.1	current	GCA_027430975.1	GENBANK	current	current_genbank_singleton	Bradyrhizobium sp.	376		Contig	5153928	62	586	12870	-2.50839	-2.0235	retain_candidate	secondary_fragmented	presence_absence_only	pending	pending	pangenome_fragmented;synteny_fragmented
CANON_00723	GCF_027451485.1	GCA_027451485.1	paired		GCF_027451485.1	current	GCF_027451485.1	REFSEQ	current	current_refseq_preferred	Bradyrhizobium sp.	376		Contig	5325920	62	216	52571	-2.37375	-2.0235	retain_candidate	primary_contiguity_candidate	presence_absence_only	pending	pending	synteny_fragmented
CANON_00724	GCF_027594865.1	GCA_027594865.1	paired		GCF_027594865.1	current	GCF_027594865.1	REFSEQ	current	current_refseq_preferred	Bradyrhizobium xenonodulans	2736875	14AB	Complete Genome	8276659	64	1	8276659	-0.063841	0.6745	retain_candidate	primary_contiguity_candidate	synteny_candidate	pending	pending	
CANON_00725	GCF_028128625.1	GCA_028128625.1	paired		GCF_028128625.1	current	GCF_028128625.1	REFSEQ	current	current_refseq_preferred	Bradyrhizobium sp. CCBAU 45389	858429	CCBAU 45389	Scaffold	9051078	64	112	289754	0.542393	0.6745	retain_candidate	primary_contiguity_candidate	synteny_candidate	pending	pending	
CANON_00726	GCF_028128655.1	GCA_028128655.1	paired		GCF_028128655.1	current	GCF_028128655.1	REFSEQ	current	current_refseq_preferred	Bradyrhizobium sp. CCBAU 45394	1325087	CCBAU 45394	Scaffold	9295254	64	195	398109	0.73354	0.6745	retain_candidate	primary_contiguity_candidate	synteny_candidate	pending	pending	
CANON_00727	GCF_028128665.1	GCA_028128665.1	paired		GCF_028128665.1	current	GCF_028128665.1	REFSEQ	current	current_refseq_preferred	Bradyrhizobium sp. CCBAU 45384	858428	CCBAU 45384	Scaffold	9189239	63	130	273355	0.650549	-0.6745	retain_candidate	primary_contiguity_candidate	synteny_candidate	pending	pending	
CANON_00728	GCF_028128695.1	GCA_028128695.1	paired		GCF_028128695.1	current	GCF_028128695.1	REFSEQ	current	current_refseq_preferred	Bradyrhizobium sp. CCBAU 25360	858425	CCBAU 25360	Scaffold	8318132	64	47	542799	-0.031375	0.6745	retain_candidate	primary_contiguity_candidate	synteny_candidate	pending	pending	
CANON_00729	GCF_028128715.1	GCA_028128715.1	paired		GCF_028128715.1	current	GCF_028128715.1	REFSEQ	current	current_refseq_preferred	Bradyrhizobium sp. CCBAU 51745	1325099	CCBAU 51745	Scaffold	8702261	63	106	251877	0.269331	-0.6745	retain_candidate	primary_contiguity_candidate	synteny_candidate	pending	pending	
CANON_00730	GCF_028128735.1	GCA_028128735.1	paired		GCF_028128735.1	current	GCF_028128735.1	REFSEQ	current	current_refseq_preferred	Bradyrhizobium sp. CCBAU 53415	1325119	CCBAU 53415	Scaffold	7755495	64	30	634085	-0.471821	0.6745	retain_candidate	primary_contiguity_candidate	synteny_candidate	pending	pending	
CANON_00731	GCF_028128755.1	GCA_028128755.1	paired		GCF_028128755.1	current	GCF_028128755.1	REFSEQ	current	current_refseq_preferred	Bradyrhizobium sp. CCBAU 53380	1325117	CCBAU 53380	Scaffold	7979628	64	105	168710	-0.296364	0.6745	retain_candidate	primary_contiguity_candidate	synteny_candidate	pending	pending	
CANON_00732	GCF_028128765.1	GCA_028128765.1	paired		GCF_028128765.1	current	GCF_028128765.1	REFSEQ	current	current_refseq_preferred	Bradyrhizobium sp. CCBAU 51627	1325088	CCBAU 51627	Scaffold	8269907	63	97	234052	-0.069126	-0.6745	retain_candidate	primary_contiguity_candidate	synteny_candidate	pending	pending	
CANON_00733	GCF_028128795.1	GCA_028128795.1	paired		GCF_028128795.1	current	GCF_028128795.1	REFSEQ	current	current_refseq_preferred	Bradyrhizobium sp. CCBAU 21359	1325080	CCBAU 21359	Scaffold	8544915	63.5	213	87055	0.146156	0.0	retain_candidate	primary_contiguity_candidate	presence_absence_only	pending	pending	synteny_fragmented
CANON_00734	GCF_028128815.1	GCA_028128815.1	paired		GCF_028128815.1	current	GCF_028128815.1	REFSEQ	current	current_refseq_preferred	Bradyrhizobium sp. CCBAU 21360	1325081	CCBAU 21360	Scaffold	8605123	63.5	96	258691	0.193289	0.0	retain_candidate	primary_contiguity_candidate	synteny_candidate	pending	pending	
CANON_00735	GCF_028128835.1	GCA_028128835.1	paired		GCF_028128835.1	current	GCF_028128835.1	REFSEQ	current	current_refseq_preferred	Bradyrhizobium sp. CCBAU 65884	722477	CCBAU 65884	Scaffold	8585721	63.5	141	176538	0.1781	0.0	retain_candidate	primary_contiguity_candidate	synteny_candidate	pending	pending	
CANON_00736	GCF_028128855.1	GCA_028128855.1	paired		GCF_028128855.1	current	GCF_028128855.1	REFSEQ	current	current_refseq_preferred	Bradyrhizobium sp. CCBAU 11430	1630881	CCBAU 11430	Scaffold	8306715	64	81	238443	-0.040312	0.6745	retain_candidate	primary_contiguity_candidate	synteny_candidate	pending	pending	
CANON_00737	GCF_028128865.1	GCA_028128865.1	paired		GCF_028128865.1	current	GCF_028128865.1	REFSEQ	current	current_refseq_preferred	Bradyrhizobium sp. CCBAU 11357	1630808	CCBAU 11357	Scaffold	8356831	64	123	261523	-0.00108	0.6745	retain_candidate	primary_contiguity_candidate	synteny_candidate	pending	pending	
CANON_00738	GCF_028128895.1	GCA_028128895.1	paired		GCF_028128895.1	current	GCF_028128895.1	REFSEQ	current	current_refseq_preferred	Bradyrhizobium sp. CCBAU 11434	1630885	CCBAU 11434	Scaffold	9062290	63	117	307264	0.55117	-0.6745	retain_candidate	primary_contiguity_candidate	synteny_candidate	pending	pending	
CANON_00739	GCF_028128915.1	GCA_028128915.1	paired		GCF_028128915.1	current	GCF_028128915.1	REFSEQ	current	current_refseq_preferred	Bradyrhizobium sp. CCBAU 11445	1630896	CCBAU 11445	Scaffold	8152044	64	78	285989	-0.161392	0.6745	retain_candidate	primary_contiguity_candidate	synteny_candidate	pending	pending	
CANON_00740	GCF_028128935.1	GCA_028128935.1	paired		GCF_028128935.1	current	GCF_028128935.1	REFSEQ	current	current_refseq_preferred	Bradyrhizobium sp. CCBAU 11361	1630812	CCBAU 11361	Scaffold	9654372	63.5	221	151524	1.014666	0.0	retain_candidate	primary_contiguity_candidate	presence_absence_only	pending	pending	synteny_fragmented
CANON_00741	GCF_028128955.1	GCA_028128955.1	paired		GCF_028128955.1	current	GCF_028128955.1	REFSEQ	current	current_refseq_preferred	Bradyrhizobium sp. CCBAU 11386	1630837	CCBAU 11386	Scaffold	9607677	63.5	299	99551	0.978112	0.0	retain_candidate	primary_contiguity_candidate	presence_absence_only	pending	pending	synteny_fragmented
CANON_00742	GCF_028128965.1	GCA_028128965.1	paired		GCF_028128965.1	current	GCF_028128965.1	REFSEQ	current	current_refseq_preferred	Bradyrhizobium sp. CCBAU 25338	1641877	CCBAU 25338	Scaffold	8209000	64	48	532866	-0.116806	0.6745	retain_candidate	primary_contiguity_candidate	synteny_candidate	pending	pending	
CANON_00743	GCF_028128975.1	GCA_028128975.1	paired		GCF_028128975.1	current	GCF_028128975.1	REFSEQ	current	current_refseq_preferred	Bradyrhizobium sp. CCBAU 45321	1641878	CCBAU 45321	Scaffold	8163918	64	138	365895	-0.152097	0.6745	retain_candidate	primary_contiguity_candidate	synteny_candidate	pending	pending	
CANON_00744	GCF_028129015.1	GCA_028129015.1	paired		GCF_028129015.1	current	GCF_028129015.1	REFSEQ	current	current_refseq_preferred	Bradyrhizobium sp. CCBAU 21362	1325082	CCBAU 21362	Scaffold	9423535	64	198	297243	0.833961	0.6745	retain_candidate	primary_contiguity_candidate	synteny_candidate	pending	pending	
CANON_00745		GCA_028290165.1	unpaired		GCA_028290165.1	current	GCA_028290165.1	GENBANK	current	current_genbank_singleton	Bradyrhizobium sp.	376		Contig	5068268	62	897	6230	-2.575447	-2.0235	retain_candidate	secondary_fragmented	presence_absence_only	pending	pending	pangenome_fragmented;synteny_fragmented
CANON_00746		GCA_028290305.1	unpaired		GCA_028290305.1	current	GCA_028290305.1	GENBANK	current	current_genbank_singleton	Bradyrhizobium sp.	376		Contig	8882880	60.5	510	32501	0.410724	-4.047	manual_review	secondary_fragmented	presence_absence_only	pending	pending	gc_percent_outlier;pangenome_fragmented;synteny_fragmented
CANON_00747		GCA_028290585.1	unpaired		GCA_028290585.1	current	GCA_028290585.1	GENBANK	current	current_genbank_singleton	Bradyrhizobium sp.	376		Contig	9998735	62.5	1146	12037	1.284242	-1.349	retain_candidate	secondary_fragmented	presence_absence_only	pending	pending	pangenome_fragmented;synteny_fragmented
CANON_00748	GCF_028561325.1	GCA_028561325.1	paired		GCF_028561325.1	current	GCF_028561325.1	REFSEQ	current	current_refseq_preferred	Bradyrhizobium diazoefficiens	1355477	MIAE00426	Contig	9159438	64	5	5025083	0.62722	0.6745	retain_candidate	primary_contiguity_candidate	synteny_candidate	pending	pending	
CANON_00749	GCF_028680155.1	GCA_028680155.1	paired		GCF_028680155.1	current	GCF_028680155.1	REFSEQ	current	current_refseq_preferred	Bradyrhizobium sp. WBAH23	1390119	WBAH23	Contig	8288234	64	122	311379	-0.05478	0.6745	retain_candidate	primary_contiguity_candidate	synteny_candidate	pending	pending	
CANON_00750	GCF_028680175.1	GCA_028680175.1	paired		GCF_028680175.1	current	GCF_028680175.1	REFSEQ	current	current_refseq_preferred	Bradyrhizobium sp. WBAH30	1390124	WBAH30	Contig	8288543	64	117	274817	-0.054538	0.6745	retain_candidate	primary_contiguity_candidate	synteny_candidate	pending	pending	
CANON_00751	GCF_028680185.1	GCA_028680185.1	paired		GCF_028680185.1	current	GCF_028680185.1	REFSEQ	current	current_refseq_preferred	Bradyrhizobium sp. WBAH41	1390131	WBAH41	Contig	8293920	64	130	279140	-0.050329	0.6745	retain_candidate	primary_contiguity_candidate	synteny_candidate	pending	pending	
CANON_00752	GCF_028680215.1	GCA_028680215.1	paired		GCF_028680215.1	current	GCF_028680215.1	REFSEQ	current	current_refseq_preferred	Bradyrhizobium sp. WBAH42	1390132	WBAH42	Contig	8285880	64	126	215249	-0.056622	0.6745	retain_candidate	primary_contiguity_candidate	synteny_candidate	pending	pending	
CANON_00753	GCF_028680235.1	GCA_028680235.1	paired		GCF_028680235.1	suppressed	GCA_028680235.1	GENBANK	current	fallback_current_genbank	Bradyrhizobium sp. WBOS1	1390135	WBOS1	Contig	6741479	65	86	299378	-1.265617	2.0235	retain_candidate	primary_contiguity_candidate	synteny_candidate	pending	pending	suppressed_or_unavailable_refseq_fallback
CANON_00754	GCF_028680245.1	GCA_028680245.1	paired		GCF_028680245.1	current	GCF_028680245.1	REFSEQ	current	current_refseq_preferred	Bradyrhizobium sp. WBOS2	1420730	WBOS2	Contig	6723231	65	60	316802	-1.279902	2.0235	retain_candidate	primary_contiguity_candidate	synteny_candidate	pending	pending	
CANON_00755	GCF_028680255.1	GCA_028680255.1	paired		GCF_028680255.1	current	GCF_028680255.1	REFSEQ	current	current_refseq_preferred	Bradyrhizobium sp. WBAH33	1420727	WBAH33	Contig	8293362	64	125	293232	-0.050765	0.6745	retain_candidate	primary_contiguity_candidate	synteny_candidate	pending	pending	
CANON_00756	GCF_028680285.1	GCA_028680285.1	paired		GCF_028680285.1	current	GCF_028680285.1	REFSEQ	current	current_refseq_preferred	Bradyrhizobium sp. WBOS4	1390143	WBOS4	Contig	6626825	65	88	201674	-1.355371	2.0235	retain_candidate	primary_contiguity_candidate	synteny_candidate	pending	pending	
CANON_00757	GCF_028680315.1	GCA_028680315.1	paired		GCF_028680315.1	current	GCF_028680315.1	REFSEQ	current	current_refseq_preferred	Bradyrhizobium sp. WBOS7	1390146	WBOS7	Contig	6727145	65	67	304445	-1.276838	2.0235	retain_candidate	primary_contiguity_candidate	synteny_candidate	pending	pending	
CANON_00758	GCF_028680355.1	GCA_028680355.1	paired		GCF_028680355.1	current	GCF_028680355.1	REFSEQ	current	current_refseq_preferred	Bradyrhizobium sp. WBOS8	1390147	WBOS8	Contig	6625960	65	88	200612	-1.356048	2.0235	retain_candidate	primary_contiguity_candidate	synteny_candidate	pending	pending	
CANON_00759	GCF_028680385.1	GCA_028680385.1	paired		GCF_028680385.1	current	GCF_028680385.1	REFSEQ	current	current_refseq_preferred	Bradyrhizobium sp. WBOS16	1390141	WBOS16	Contig	6724303	65	71	216592	-1.279062	2.0235	retain_candidate	primary_contiguity_candidate	synteny_candidate	pending	pending	
CANON_00760		GCA_028865105.1	unpaired		GCA_028865105.1	current	GCA_028865105.1	GENBANK	current	current_genbank_singleton	Bradyrhizobium sp.	376		Contig	4877062	62	877	6700	-2.725127	-2.0235	retain_candidate	secondary_fragmented	presence_absence_only	pending	pending	pangenome_fragmented;synteny_fragmented
CANON_00761	GCF_028866295.1	GCA_028866295.1	paired		GCF_028866295.1	current	GCF_028866295.1	REFSEQ	current	current_refseq_preferred	Bradyrhizobium sp.	376		Contig	5316611	62	245	33517	-2.381038	-2.0235	retain_candidate	primary_contiguity_candidate	presence_absence_only	pending	pending	synteny_fragmented
CANON_00762	GCF_028868675.1	GCA_028868675.1	paired		GCF_028868675.1	current	GCF_028868675.1	REFSEQ	current	current_refseq_preferred	Bradyrhizobium sp.	376		Contig	5045654	66	375	20834	-2.593149	3.3725	retain_candidate	primary_contiguity_candidate	presence_absence_only	pending	pending	synteny_fragmented
CANON_00763	GCF_028869075.1	GCA_028869075.1	paired		GCF_028869075.1	current	GCF_028869075.1	REFSEQ	current	current_refseq_preferred	Bradyrhizobium sp.	376		Contig	3670885	63	492	10339	-3.669352	-0.6745	manual_review	secondary_fragmented	presence_absence_only	pending	pending	genome_size_outlier;pangenome_fragmented;synteny_fragmented
CANON_00764		GCA_028869655.1	unpaired		GCA_028869655.1	current	GCA_028869655.1	GENBANK	current	current_genbank_singleton	Bradyrhizobium sp.	376		Contig	5538527	61	1212	7647	-2.207316	-3.3725	retain_candidate	secondary_fragmented	presence_absence_only	pending	pending	pangenome_fragmented;synteny_fragmented
CANON_00765		GCA_028870055.1	unpaired		GCA_028870055.1	current	GCA_028870055.1	GENBANK	current	current_genbank_singleton	Bradyrhizobium sp.	376		Contig	3459425	62.5	856	4688	-3.834888	-1.349	manual_review	secondary_fragmented	presence_absence_only	pending	pending	genome_size_outlier;pangenome_fragmented;synteny_fragmented
CANON_00766		GCA_028870895.1	unpaired		GCA_028870895.1	current	GCA_028870895.1	GENBANK	current	current_genbank_singleton	Bradyrhizobium sp.	376		Contig	3923398	61.5	266	20659	-3.471678	-2.698	retain_candidate	primary_contiguity_candidate	presence_absence_only	pending	pending	synteny_fragmented
CANON_00767	GCF_028872135.1	GCA_028872135.1	paired		GCF_028872135.1	current	GCF_028872135.1	REFSEQ	current	current_refseq_preferred	Bradyrhizobium sp.	376		Contig	4372622	61	104	56168	-3.120015	-3.3725	retain_candidate	primary_contiguity_candidate	synteny_candidate	pending	pending	
CANON_00768	GCF_029051645.1	GCA_029051645.1	paired		GCF_029051645.1	current	GCF_029051645.1	REFSEQ	current	current_refseq_preferred	Bradyrhizobium sp. CSA112	2699170	CSA112	Contig	8797651	62	184	191868	0.344004	-2.0235	retain_candidate	primary_contiguity_candidate	synteny_candidate	pending	pending	
CANON_00769	GCF_029051685.1	GCA_029051685.1	paired		GCF_029051685.1	current	GCF_029051685.1	REFSEQ	current	current_refseq_preferred	Bradyrhizobium sp. CSA207	2698826	CSA207	Contig	8437313	63	151	180717	0.061923	-0.6745	retain_candidate	primary_contiguity_candidate	synteny_candidate	pending	pending	
CANON_00770	GCF_029051725.1	GCA_029051725.1	paired		GCF_029051725.1	current	GCF_029051725.1	REFSEQ	current	current_refseq_preferred	Bradyrhizobium sp. CSS354	2699172	CSS354	Contig	8239534	63	120	413411	-0.092903	-0.6745	retain_candidate	primary_contiguity_candidate	synteny_candidate	pending	pending	
CANON_00771	GCF_029167055.1	GCA_029167055.1	paired		GCF_029167055.1	current	GCF_029167055.1	REFSEQ	current	current_refseq_preferred	Bradyrhizobium yuanmingense	108015	ALSPC3020	Contig	8022189	63.5	57	1691678	-0.263046	0.0	retain_candidate	primary_contiguity_candidate	synteny_candidate	pending	pending	
CANON_00772	GCF_029167075.1	GCA_029167075.1	paired		GCF_029167075.1	current	GCF_029167075.1	REFSEQ	current	current_refseq_preferred	Bradyrhizobium yuanmingense	108015	ALSPC2061	Contig	8226123	63.5	74	402169	-0.103402	0.0	retain_candidate	primary_contiguity_candidate	synteny_candidate	pending	pending	
CANON_00773	GCF_029167105.1	GCA_029167105.1	paired		GCF_029167105.1	current	GCF_029167105.1	REFSEQ	current	current_refseq_preferred	Bradyrhizobium yuanmingense	108015	ALSPC2050	Contig	8669275	63.5	140	212202	0.243508	0.0	retain_candidate	primary_contiguity_candidate	synteny_candidate	pending	pending	
CANON_00774	GCF_029714225.1	GCA_029714225.1	paired		GCF_029714225.1	current	GCF_029714225.1	REFSEQ	current	current_refseq_preferred	Bradyrhizobium barranii	2992140	CC1502	Complete Genome	10198616	63.5	2	9756923	1.440713	0.0	retain_candidate	primary_contiguity_candidate	synteny_candidate	pending	pending	
CANON_00775	GCF_029714305.1	GCA_029714305.1	paired		GCF_029714305.1	current	GCF_029714305.1	REFSEQ	current	current_refseq_preferred	Bradyrhizobium sp. CB3481	3039158	CB3481	Complete Genome	8035627	62.5	1	8035627	-0.252527	-1.349	retain_candidate	primary_contiguity_candidate	synteny_candidate	pending	pending	
CANON_00776	GCF_029714325.1	GCA_029714325.1	paired		GCF_029714325.1	current	GCF_029714325.1	REFSEQ	current	current_refseq_preferred	Bradyrhizobium sp. CB1717	3039154	CB1717	Complete Genome	9232581	64	1	9232581	0.684478	0.6745	retain_candidate	primary_contiguity_candidate	synteny_candidate	pending	pending	
CANON_00777	GCF_029714345.1	GCA_029714345.1	paired		GCF_029714345.1	current	GCF_029714345.1	REFSEQ	current	current_refseq_preferred	Bradyrhizobium brasilense	1419277	5G1B	Complete Genome	8976199	64	1	8976199	0.483776	0.6745	retain_candidate	primary_contiguity_candidate	synteny_candidate	pending	pending	
CANON_00778	GCF_029714405.1	GCA_029714405.1	paired		GCF_029714405.1	current	GCF_029714405.1	REFSEQ	current	current_refseq_preferred	Bradyrhizobium sp. CB82	3039159	CB82	Complete Genome	10142525	62.5	2	9242232	1.396804	-1.349	retain_candidate	primary_contiguity_candidate	synteny_candidate	pending	pending	
CANON_00779	GCF_029714425.1	GCA_029714425.1	paired		GCF_029714425.1	current	GCF_029714425.1	REFSEQ	current	current_refseq_preferred	Bradyrhizobium sp. CB2312	3039155	CB2312	Complete Genome	9780375	63.5	1	9780375	1.113304	0.0	retain_candidate	primary_contiguity_candidate	synteny_candidate	pending	pending	
CANON_00780	GCF_029714545.1	GCA_029714545.1	paired		GCF_029714545.1	current	GCF_029714545.1	REFSEQ	current	current_refseq_preferred	Bradyrhizobium pachyrhizi	280333	CB1923	Complete Genome	8851675	64	1	8851675	0.386295	0.6745	retain_candidate	primary_contiguity_candidate	synteny_candidate	pending	pending	
CANON_00781	GCF_029714765.1	GCA_029714765.1	paired		GCF_029714765.1	current	GCF_029714765.1	REFSEQ	current	current_refseq_preferred	Bradyrhizobium brasilense	1419277	CB627	Complete Genome	9148457	63.5	1	9148457	0.618624	0.0	retain_candidate	primary_contiguity_candidate	synteny_candidate	pending	pending	
CANON_00782	GCF_029714945.1	GCA_029714945.1	paired		GCF_029714945.1	current	GCF_029714945.1	REFSEQ	current	current_refseq_preferred	Bradyrhizobium sp. CIAT3101	439387	CIAT3101	Complete Genome	9368452	63.5	1	9368452	0.790841	0.0	retain_candidate	primary_contiguity_candidate	synteny_candidate	pending	pending	
CANON_00783	GCF_029761915.1	GCA_029761915.1	paired		GCF_029761915.1	current	GCF_029761915.1	REFSEQ	current	current_refseq_preferred	Bradyrhizobium sp. CB1650	3039153	CB1650	Complete Genome	9430299	63	1	9430299	0.839256	-0.6745	retain_candidate	primary_contiguity_candidate	synteny_candidate	pending	pending	
CANON_00784	GCF_029846235.1	GCA_029846235.1	paired		GCF_029846235.1	current	GCF_029846235.1	REFSEQ	current	current_refseq_preferred	Bradyrhizobium sp. CER78	3039162	CER78	Contig	7974151	64.5	39	381669	-0.300651	1.349	retain_candidate	primary_contiguity_candidate	synteny_candidate	pending	pending	
CANON_00785	GCF_029846695.1	GCA_029846695.1	paired		GCF_029846695.1	current	GCF_029846695.1	REFSEQ	current	current_refseq_preferred	Bradyrhizobium nivariense	3040602	SSUT18	Contig	9582711	63	231	95410	0.958568	-0.6745	retain_candidate	primary_contiguity_candidate	presence_absence_only	pending	pending	synteny_fragmented
CANON_00786	GCF_029846715.1	GCA_029846715.1	paired		GCF_029846715.1	current	GCF_029846715.1	REFSEQ	current	current_refseq_preferred	Bradyrhizobium nivariense	3040602	SSUT77	Contig	8989244	63.5	155	195723	0.493988	0.0	retain_candidate	primary_contiguity_candidate	synteny_candidate	pending	pending	
CANON_00787	GCF_029846735.1	GCA_029846735.1	paired		GCF_029846735.1	current	GCF_029846735.1	REFSEQ	current	current_refseq_preferred	Bradyrhizobium nivariense	3040602	SSUT112	Contig	9741380	63	291	167367	1.082778	-0.6745	retain_candidate	primary_contiguity_candidate	presence_absence_only	pending	pending	synteny_fragmented
CANON_00788	GCF_029892425.1	GCA_029892425.1	paired		GCF_029892425.1	current	GCF_029892425.1	REFSEQ	current	current_refseq_preferred	Bradyrhizobium sp. BR13661	2940622	BR13661	Contig	8939013	63	91	239805	0.454666	-0.6745	retain_candidate	primary_contiguity_candidate	synteny_candidate	pending	pending	
CANON_00789	GCF_029892585.1	GCA_029892585.1	paired		GCF_029892585.1	current	GCF_029892585.1	REFSEQ	current	current_refseq_preferred	Bradyrhizobium japonicum	375	SEMIA 417	Contig	9116884	63.5	65	621359	0.593907	0.0	retain_candidate	primary_contiguity_candidate	synteny_candidate	pending	pending	
CANON_00790	GCF_029893425.1	GCA_029893425.1	paired		GCF_029893425.1	current	GCF_029893425.1	REFSEQ	current	current_refseq_preferred	Bradyrhizobium elkanii	29448	USDA 47	Contig	9525084	63.5	2	9228038	0.913456	0.0	retain_candidate	primary_contiguity_candidate	synteny_candidate	pending	pending	
CANON_00791	GCF_029909955.1	GCA_029909955.1	paired		GCF_029909955.1	current	GCF_029909955.1	REFSEQ	current	current_refseq_preferred	Bradyrhizobium sp. ISRA426	2866191	ISRA426	Complete Genome	8569708	63	1	8569708	0.165565	-0.6745	retain_candidate	primary_contiguity_candidate	synteny_candidate	pending	pending	
CANON_00792	GCF_029909975.1	GCA_029909975.1	paired		GCF_029909975.1	current	GCF_029909975.1	REFSEQ	current	current_refseq_preferred	Bradyrhizobium sp. ISRA430	2866192	ISRA430	Complete Genome	8564906	63	1	8564906	0.161806	-0.6745	retain_candidate	primary_contiguity_candidate	synteny_candidate	pending	pending	
CANON_00793	GCF_029909995.1	GCA_029909995.1	paired		GCF_029909995.1	current	GCF_029909995.1	REFSEQ	current	current_refseq_preferred	Bradyrhizobium sp. ISRA432	2866193	ISRA432	Complete Genome	8569449	63	2	8522827	0.165362	-0.6745	retain_candidate	primary_contiguity_candidate	synteny_candidate	pending	pending	
CANON_00794	GCF_029910015.1	GCA_029910015.1	paired		GCF_029910015.1	current	GCF_029910015.1	REFSEQ	current	current_refseq_preferred	Bradyrhizobium sp. ISRA436	2866195	ISRA436	Complete Genome	7826442	63.5	2	7509779	-0.416282	0.0	retain_candidate	primary_contiguity_candidate	synteny_candidate	pending	pending	
CANON_00795	GCF_029910035.1	GCA_029910035.1	paired		GCF_029910035.1	current	GCF_029910035.1	REFSEQ	current	current_refseq_preferred	Bradyrhizobium sp. ISRA437	2866196	ISRA437	Complete Genome	7826830	63.5	2	7510167	-0.415978	0.0	retain_candidate	primary_contiguity_candidate	synteny_candidate	pending	pending	
CANON_00796	GCF_029910055.1	GCA_029910055.1	paired		GCF_029910055.1	current	GCF_029910055.1	REFSEQ	current	current_refseq_preferred	Bradyrhizobium sp. ISRA443	2866198	ISRA443	Complete Genome	7825008	63.5	2	7508345	-0.417404	0.0	retain_candidate	primary_contiguity_candidate	synteny_candidate	pending	pending	
CANON_00797	GCF_029910075.1	GCA_029910075.1	paired		GCF_029910075.1	current	GCF_029910075.1	REFSEQ	current	current_refseq_preferred	Bradyrhizobium sp. ISRA463	2866199	ISRA463	Complete Genome	8463285	63.5	1	8463285	0.082254	0.0	retain_candidate	primary_contiguity_candidate	synteny_candidate	pending	pending	
CANON_00798	GCF_029910095.1	GCA_029910095.1	paired		GCF_029910095.1	current	GCF_029910095.1	REFSEQ	current	current_refseq_preferred	Bradyrhizobium sp. ISRA464	2866200	ISRA464	Complete Genome	8462457	63.5	1	8462457	0.081606	0.0	retain_candidate	primary_contiguity_candidate	synteny_candidate	pending	pending	
CANON_00799		GCA_029910135.1	unpaired		GCA_029910135.1	current	GCA_029910135.1	GENBANK	current	current_genbank_singleton	Bradyrhizobium sp. ISRA435	2866194	ISRA435	Complete Genome	7831846	63.5	3	7513103	-0.412051	0.0	retain_candidate	primary_contiguity_candidate	synteny_candidate	pending	pending	
CANON_00800	GCF_029952935.1	GCA_029952935.1	paired		GCF_029952935.1	current	GCF_029952935.1	REFSEQ	current	current_refseq_preferred	Bradyrhizobium sp. Mp19	3042156	Mp19	Scaffold	9650992	63.5	206	132387	1.01202	0.0	retain_candidate	primary_contiguity_candidate	presence_absence_only	pending	pending	synteny_fragmented
CANON_00801	GCF_029952985.1	GCA_029952985.1	paired		GCF_029952985.1	current	GCF_029952985.1	REFSEQ	current	current_refseq_preferred	Bradyrhizobium sp. Mp64	3042158	Mp64	Contig	9634547	63.5	357	111364	0.999147	0.0	retain_candidate	primary_contiguity_candidate	presence_absence_only	pending	pending	synteny_fragmented
CANON_00802	GCF_029953005.1	GCA_029953005.1	paired		GCF_029953005.1	current	GCF_029953005.1	REFSEQ	current	current_refseq_preferred	Bradyrhizobium sp. Mp27	3042157	Mp27	Contig	10578087	63	942	54345	1.737772	-0.6745	retain_candidate	secondary_fragmented	presence_absence_only	pending	pending	pangenome_fragmented;synteny_fragmented
CANON_00803	GCF_029989365.1	GCA_029989365.1	paired		GCF_029989365.1	current	GCF_029989365.1	REFSEQ	current	current_refseq_preferred	Bradyrhizobium sp. Arg816	2998491	Arg816	Contig	9704017	63	277	344780	1.053529	-0.6745	retain_candidate	primary_contiguity_candidate	presence_absence_only	pending	pending	synteny_fragmented
CANON_00804	GCF_029990105.1	GCA_029990105.1	paired		GCF_029990105.1	current	GCF_029990105.1	REFSEQ	current	current_refseq_preferred	Bradyrhizobium sp. Arg237L	3003352	Arg237L	Contig	9335704	62.5	289	91003	0.765205	-1.349	retain_candidate	primary_contiguity_candidate	presence_absence_only	pending	pending	synteny_fragmented
CANON_00805		GCA_030150345.1	unpaired		GCA_030150345.1	current	GCA_030150345.1	GENBANK	current	current_genbank_singleton	Bradyrhizobium sp.	376		Contig	6381601	63	1053	6982	-1.547338	-0.6745	retain_candidate	secondary_fragmented	presence_absence_only	pending	pending	pangenome_fragmented;synteny_fragmented
CANON_00806		GCA_030151605.1	unpaired		GCA_030151605.1	current	GCA_030151605.1	GENBANK	current	current_genbank_singleton	Bradyrhizobium sp.	376		Contig	4454957	61	764	6639	-3.055561	-3.3725	retain_candidate	secondary_fragmented	presence_absence_only	pending	pending	pangenome_fragmented;synteny_fragmented
CANON_00807	GCF_030159255.1	GCA_030159255.1	paired		GCF_030159255.1	current	GCF_030159255.1	REFSEQ	current	current_refseq_preferred	Bradyrhizobium sp. SSBR45G	2996008	SSBR45G	Scaffold	8252498	65.5	86	153424	-0.082755	2.698	retain_candidate	primary_contiguity_candidate	synteny_candidate	pending	pending	
CANON_00808	GCF_030159275.1	GCA_030159275.1	paired		GCF_030159275.1	current	GCF_030159275.1	REFSEQ	current	current_refseq_preferred	Bradyrhizobium sp. SSBR45R	2996007	SSBR45R	Scaffold	8251682	65.5	89	159896	-0.083393	2.698	retain_candidate	primary_contiguity_candidate	synteny_candidate	pending	pending	
CANON_00809	GCF_030160715.1	GCA_030160715.1	paired		GCF_030160715.1	current	GCF_030160715.1	REFSEQ	current	current_refseq_preferred	Bradyrhizobium iriomotense	441950	NBRC 102520	Contig	9789577	63	182	219482	1.120508	-0.6745	retain_candidate	primary_contiguity_candidate	synteny_candidate	pending	pending	
CANON_00810	GCF_030160735.1	GCA_030160735.1	paired		GCF_030160735.1	current	GCF_030160735.1	REFSEQ	current	current_refseq_preferred	Bradyrhizobium liaoningense	43992	NBRC 100396	Scaffold	7899289	64	766	25881	-0.359255	0.6745	retain_candidate	secondary_fragmented	presence_absence_only	pending	pending	pangenome_fragmented;synteny_fragmented
CANON_00811	GCF_030176935.1	GCA_030176935.1	paired		GCF_030176935.1	current	GCF_030176935.1	REFSEQ	current	current_refseq_preferred	Bradyrhizobium diazoefficiens	1355477	WB74	Scaffold	8970449	64	116	347041	0.479275	0.6745	retain_candidate	primary_contiguity_candidate	synteny_candidate	pending	pending	
CANON_00812	GCF_030272265.2	GCA_030272265.2	paired		GCF_030272265.2	current	GCF_030272265.2	REFSEQ	current	current_refseq_preferred	Bradyrhizobium sp. 62B	2898442	62B	Complete Genome	8149227	64	2	7289796	-0.163598	0.6745	retain_candidate	primary_contiguity_candidate	synteny_candidate	pending	pending	
CANON_00813	GCF_030378205.1	GCA_030378205.1	paired		GCF_030378205.1	current	GCF_030378205.1	REFSEQ	current	current_refseq_preferred	Bradyrhizobium sp. NP1	3049772	NP1	Complete Genome	7712921	64	1	7712921	-0.505149	0.6745	retain_candidate	primary_contiguity_candidate	synteny_candidate	pending	pending	
CANON_00814	GCF_030413175.1	GCA_030413175.1	paired		GCF_030413175.1	current	GCF_030413175.1	REFSEQ	current	current_refseq_preferred	Bradyrhizobium roseum	3056648	S12-14-2	Complete Genome	7319411	63.5	1	7319411	-0.813198	0.0	retain_candidate	primary_contiguity_candidate	synteny_candidate	pending	pending	
CANON_00815	GCF_030435515.1	GCA_030435515.1	paired		GCF_030435515.1	current	GCF_030435515.1	REFSEQ	current	current_refseq_preferred	Bradyrhizobium sp. WYCCWR 12677	3058853	WYCCWR 12677	Scaffold	7772398	63.5	76	396099	-0.458589	0.0	retain_candidate	primary_contiguity_candidate	synteny_candidate	pending	pending	
CANON_00816	GCF_030435535.1	GCA_030435535.1	paired		GCF_030435535.1	current	GCF_030435535.1	REFSEQ	current	current_refseq_preferred	Bradyrhizobium sp. WYCCWR 13022	3058854	WYCCWR 13022	Scaffold	8176869	63.5	61	365924	-0.141959	0.0	retain_candidate	primary_contiguity_candidate	synteny_candidate	pending	pending	
CANON_00817	GCF_030582975.1	GCA_030582975.1	paired		GCF_030582975.1	current	GCF_030582975.1	REFSEQ	current	current_refseq_preferred	Bradyrhizobium diazoefficiens	1355477	K09F-Bd	Complete Genome	9349165	64	1	9349165	0.775743	0.6745	retain_candidate	primary_contiguity_candidate	synteny_candidate	pending	pending	
CANON_00818	GCF_030583485.1	GCA_030583485.1	paired		GCF_030583485.1	current	GCF_030583485.1	REFSEQ	current	current_refseq_preferred	Bradyrhizobium diazoefficiens	1355477	S13E-Bd	Complete Genome	9436850	64	1	9436850	0.844385	0.6745	retain_candidate	primary_contiguity_candidate	synteny_candidate	pending	pending	
CANON_00819		GCA_030583525.1	unpaired		GCA_030583525.1	current	GCA_030583525.1	GENBANK	current	current_genbank_singleton	Bradyrhizobium elkanii	29448	K02K-Be	Complete Genome	9354584	64	1	9354584	0.779985	0.6745	retain_candidate	primary_contiguity_candidate	synteny_candidate	pending	pending	
CANON_00820	GCF_030583565.1	GCA_030583565.1	paired		GCF_030583565.1	current	GCF_030583565.1	REFSEQ	current	current_refseq_preferred	Bradyrhizobium diazoefficiens	1355477	S14C-Bd	Complete Genome	9056793	64	1	9056793	0.546867	0.6745	retain_candidate	primary_contiguity_candidate	synteny_candidate	pending	pending	
CANON_00821	GCF_030583585.1	GCA_030583585.1	paired		GCF_030583585.1	current	GCF_030583585.1	REFSEQ	current	current_refseq_preferred	Bradyrhizobium elkanii	29448	K07G-Be	Complete Genome	9809455	63.5	2	9513165	1.136069	0.0	retain_candidate	primary_contiguity_candidate	synteny_candidate	pending	pending	
CANON_00822	GCF_030584565.1	GCA_030584565.1	paired		GCF_030584565.1	current	GCF_030584565.1	REFSEQ	current	current_refseq_preferred	Bradyrhizobium elkanii	29448	S15H-Be	Complete Genome	9993776	63.5	2	9711309	1.28036	0.0	retain_candidate	primary_contiguity_candidate	synteny_candidate	pending	pending	
CANON_00823	GCF_030584705.1	GCA_030584705.1	paired		GCF_030584705.1	current	GCF_030584705.1	REFSEQ	current	current_refseq_preferred	Bradyrhizobium diazoefficiens	1355477	K01E-Bd	Complete Genome	9179873	64	1	9179873	0.643217	0.6745	retain_candidate	primary_contiguity_candidate	synteny_candidate	pending	pending	
CANON_00824	GCF_030584725.1	GCA_030584725.1	paired		GCF_030584725.1	current	GCF_030584725.1	REFSEQ	current	current_refseq_preferred	Bradyrhizobium elkanii	29448	K03I-Be	Complete Genome	9249796	64	1	9249796	0.697954	0.6745	retain_candidate	primary_contiguity_candidate	synteny_candidate	pending	pending	
CANON_00825	GCF_030584745.1	GCA_030584745.1	paired		GCF_030584745.1	current	GCF_030584745.1	REFSEQ	current	current_refseq_preferred	Bradyrhizobium japonicum	375	S04E-Bj	Complete Genome	9706274	63.5	1	9706274	1.055296	0.0	retain_candidate	primary_contiguity_candidate	synteny_candidate	pending	pending	
CANON_00826	GCF_030584765.1	GCA_030584765.1	paired		GCF_030584765.1	current	GCF_030584765.1	REFSEQ	current	current_refseq_preferred	Bradyrhizobium elkanii	29448	S07J-Be	Complete Genome	9563136	63.5	1	9563136	0.943244	0.0	retain_candidate	primary_contiguity_candidate	synteny_candidate	pending	pending	
CANON_00827	GCF_030584785.1	GCA_030584785.1	paired		GCF_030584785.1	current	GCF_030584785.1	REFSEQ	current	current_refseq_preferred	Bradyrhizobium japonicum	375	S06K-Bj	Complete Genome	9677243	63.5	1	9677243	1.03257	0.0	retain_candidate	primary_contiguity_candidate	synteny_candidate	pending	pending	
CANON_00828	GCF_030584805.1	GCA_030584805.1	paired		GCF_030584805.1	current	GCF_030584805.1	REFSEQ	current	current_refseq_preferred	Bradyrhizobium ottawaense	931866	S15A-Bj	Complete Genome	8477127	64	1	8477127	0.09309	0.6745	retain_candidate	primary_contiguity_candidate	synteny_candidate	pending	pending	
CANON_00829	GCF_030584825.1	GCA_030584825.1	paired		GCF_030584825.1	current	GCF_030584825.1	REFSEQ	current	current_refseq_preferred	Bradyrhizobium diazoefficiens	1355477	N03B-Bd	Complete Genome	9318491	64	1	9318491	0.75173	0.6745	retain_candidate	primary_contiguity_candidate	synteny_candidate	pending	pending	
CANON_00830	GCF_030584845.1	GCA_030584845.1	paired		GCF_030584845.1	current	GCF_030584845.1	REFSEQ	current	current_refseq_preferred	Bradyrhizobium elkanii USDA 94	398524	USDA 94	Complete Genome	9918144	63.5	3	9483676	1.221153	0.0	retain_candidate	primary_contiguity_candidate	synteny_candidate	pending	pending	
CANON_00831	GCF_030584865.1	GCA_030584865.1	paired		GCF_030584865.1	current	GCF_030584865.1	REFSEQ	current	current_refseq_preferred	Bradyrhizobium japonicum	375	N03G-Bj	Complete Genome	10247183	63.5	3	9791811	1.478733	0.0	retain_candidate	primary_contiguity_candidate	synteny_candidate	pending	pending	
CANON_00832	GCF_030584905.1	GCA_030584905.1	paired		GCF_030584905.1	current	GCF_030584905.1	REFSEQ	current	current_refseq_preferred	Bradyrhizobium japonicum	375	S11L-Bj	Complete Genome	10968800	63	5	9768190	2.043632	-0.6745	retain_candidate	primary_contiguity_candidate	synteny_candidate	pending	pending	
CANON_00833	GCF_030584965.1	GCA_030584965.1	paired		GCF_030584965.1	current	GCF_030584965.1	REFSEQ	current	current_refseq_preferred	Bradyrhizobium japonicum USDA 123	936135	USDA 123	Complete Genome	11657803	63	4	10850342	2.583	-0.6745	retain_candidate	primary_contiguity_candidate	synteny_candidate	pending	pending	
CANON_00834		GCA_030585025.1	unpaired		GCA_030585025.1	current	GCA_030585025.1	GENBANK	current	current_genbank_singleton	Bradyrhizobium japonicum USDA 135	1038863	USDA 135	Complete Genome	9256034	63.5	4	8863622	0.702837	0.0	retain_candidate	primary_contiguity_candidate	synteny_candidate	pending	pending	
CANON_00835	GCF_030585125.1	GCA_030585125.1	paired		GCF_030585125.1	current	GCF_030585125.1	REFSEQ	current	current_refseq_preferred	Bradyrhizobium elkanii	29448	USDA 31-Be	Complete Genome	10320385	63.5	3	9958600	1.536037	0.0	retain_candidate	primary_contiguity_candidate	synteny_candidate	pending	pending	
CANON_00836	GCF_030585185.1	GCA_030585185.1	paired		GCF_030585185.1	current	GCF_030585185.1	REFSEQ	current	current_refseq_preferred	Bradyrhizobium elkanii	29448	K03D-Be	Complete Genome	9982772	63.5	3	9542673	1.271745	0.0	retain_candidate	primary_contiguity_candidate	synteny_candidate	pending	pending	
CANON_00837	GCF_030585205.1	GCA_030585205.1	paired		GCF_030585205.1	current	GCF_030585205.1	REFSEQ	current	current_refseq_preferred	Bradyrhizobium elkanii	29448	S05J-Be	Complete Genome	9644547	63.5	2	9270465	1.006975	0.0	retain_candidate	primary_contiguity_candidate	synteny_candidate	pending	pending	
CANON_00838		GCA_030626485.1	unpaired		GCA_030626485.1	current	GCA_030626485.1	GENBANK	current	current_genbank_singleton	Bradyrhizobium sp.	376		Contig	4222285	64	431	14468	-3.237702	0.6745	retain_candidate	secondary_fragmented	presence_absence_only	pending	pending	pangenome_fragmented;synteny_fragmented
CANON_00839	GCF_030646015.1	GCA_030646015.1	paired		GCF_030646015.1	current	GCF_030646015.1	REFSEQ	current	current_refseq_preferred	Bradyrhizobium sp.	376		Contig	5890112	63.5	205	49196	-1.932087	0.0	retain_candidate	primary_contiguity_candidate	presence_absence_only	pending	pending	synteny_fragmented
CANON_00840		GCA_030653055.1	unpaired		GCA_030653055.1	current	GCA_030653055.1	GENBANK	current	current_genbank_singleton	Bradyrhizobium sp.	376		Contig	4185223	64.5	2562	1650	-3.266715	1.349	retain_candidate	secondary_fragmented	presence_absence_only	pending	pending	pangenome_fragmented;synteny_fragmented
CANON_00841	GCF_030654605.1	GCA_030654605.1	paired		GCF_030654605.1	current	GCF_030654605.1	REFSEQ	current	current_refseq_preferred	Bradyrhizobium sp.	376		Contig	5659410	64	296	41210	-2.112686	0.6745	retain_candidate	primary_contiguity_candidate	presence_absence_only	pending	pending	synteny_fragmented
CANON_00842		GCA_030655565.1	unpaired		GCA_030655565.1	current	GCA_030655565.1	GENBANK	current	current_genbank_singleton	Bradyrhizobium sp.	376		Contig	4441878	64.5	1401	4067	-3.0658	1.349	retain_candidate	secondary_fragmented	presence_absence_only	pending	pending	pangenome_fragmented;synteny_fragmented
CANON_00843		GCA_030679815.1	unpaired		GCA_030679815.1	current	GCA_030679815.1	GENBANK	current	current_genbank_singleton	Bradyrhizobium sp.	376		Contig	1912118	64.5	1270	1497	-5.046157	1.349	manual_review	secondary_fragmented	presence_absence_only	pending	pending	genome_size_outlier;pangenome_fragmented;synteny_fragmented
CANON_00844		GCA_030681365.1	unpaired		GCA_030681365.1	current	GCA_030681365.1	GENBANK	current	current_genbank_singleton	Bradyrhizobium sp.	376		Contig	4361998	64	332	22678	-3.128332	0.6745	retain_candidate	primary_contiguity_candidate	presence_absence_only	pending	pending	synteny_fragmented
CANON_00845	GCF_030681415.1	GCA_030681415.1	paired		GCF_030681415.1	current	GCF_030681415.1	REFSEQ	current	current_refseq_preferred	Bradyrhizobium sp.	376		Contig	5205270	64	573	13311	-2.468198	0.6745	retain_candidate	secondary_fragmented	presence_absence_only	pending	pending	pangenome_fragmented;synteny_fragmented
CANON_00846	GCF_030693485.1	GCA_030693485.1	paired		GCF_030693485.1	current	GCF_030693485.1	REFSEQ	current	current_refseq_preferred	Bradyrhizobium sp.	376		Contig	5277504	63.5	368	21508	-2.411652	0.0	retain_candidate	primary_contiguity_candidate	presence_absence_only	pending	pending	synteny_fragmented
CANON_00847	GCF_030697065.1	GCA_030697065.1	paired		GCF_030697065.1	current	GCF_030697065.1	REFSEQ	current	current_refseq_preferred	Bradyrhizobium sp.	376		Contig	5272664	64	328	24829	-2.41544	0.6745	retain_candidate	primary_contiguity_candidate	presence_absence_only	pending	pending	synteny_fragmented
CANON_00848	GCF_031157255.1	GCA_031157255.1	paired		GCF_031157255.1	current	GCF_031157255.1	REFSEQ	current	current_refseq_preferred	Bradyrhizobium sp. LHD-71	3072141	LHD-71	Contig	7483088	62.5	82	183287	-0.685067	-1.349	retain_candidate	primary_contiguity_candidate	synteny_candidate	pending	pending	
CANON_00849	GCF_031202265.1	GCA_031202265.1	paired		GCF_031202265.1	current	GCF_031202265.1	REFSEQ	current	current_refseq_preferred	Bradyrhizobium sp. Ash2021	2954771	Ash2021	Complete Genome	9704287	62	2	9328819	1.053741	-2.0235	retain_candidate	primary_contiguity_candidate	synteny_candidate	pending	pending	
CANON_00850		GCA_031291485.1	unpaired		GCA_031291485.1	current	GCA_031291485.1	GENBANK	current	current_genbank_singleton	Bradyrhizobium sp.	376		Contig	7445472	61.5	481	22352	-0.714514	-2.698	retain_candidate	primary_contiguity_candidate	presence_absence_only	pending	pending	synteny_fragmented
CANON_00851		GCA_031367195.1	unpaired		GCA_031367195.1	current	GCA_031367195.1	GENBANK	current	current_genbank_singleton	Bradyrhizobium sp.	376		Contig	4836879	65.5	438	18569	-2.756583	2.698	retain_candidate	secondary_fragmented	presence_absence_only	pending	pending	pangenome_fragmented;synteny_fragmented
CANON_00852	GCF_032144035.1	GCA_032144035.1	paired		GCF_032144035.1	current	GCF_032144035.1	REFSEQ	current	current_refseq_preferred	Bradyrhizobium sp. WYCCWR 12699	3064203	WYCCWR 12699	Scaffold	8260397	64	61	449121	-0.076571	0.6745	retain_candidate	primary_contiguity_candidate	synteny_candidate	pending	pending	
CANON_00853	GCF_032290525.1	GCA_032290525.1	paired		GCF_032290525.1	current	GCF_032290525.1	REFSEQ	current	current_refseq_preferred	Bradyrhizobium cosmicum	1404864	RH_3a_1	Contig	8321747	63.5	686	277777	-0.028545	0.0	retain_candidate	secondary_fragmented	presence_absence_only	pending	pending	pangenome_fragmented;synteny_fragmented
CANON_00854	GCF_032377435.1	GCA_032377435.1	paired		GCF_032377435.1	current	GCF_032377435.1	REFSEQ	current	current_refseq_preferred	Bradyrhizobium sp. SZCCHNS3002	3057310	SZCCHNS3002	Contig	7551229	65.5	39	398428	-0.631725	2.698	retain_candidate	primary_contiguity_candidate	synteny_candidate	pending	pending	
CANON_00855	GCF_032377455.1	GCA_032377455.1	paired		GCF_032377455.1	current	GCF_032377455.1	REFSEQ	current	current_refseq_preferred	Bradyrhizobium sp. SZCCHNS3055	3057323	SZCCHNS3055	Contig	7420380	64	20	818901	-0.734157	0.6745	retain_candidate	primary_contiguity_candidate	synteny_candidate	pending	pending	
CANON_00856	GCF_032377575.1	GCA_032377575.1	paired		GCF_032377575.1	current	GCF_032377575.1	REFSEQ	current	current_refseq_preferred	Bradyrhizobium sp. SZCCHNS2022	3057308	SZCCHNS2022	Contig	7694687	65.5	2	7692453	-0.519423	2.698	retain_candidate	primary_contiguity_candidate	synteny_candidate	pending	pending	
CANON_00857	GCF_032377635.1	GCA_032377635.1	paired		GCF_032377635.1	current	GCF_032377635.1	REFSEQ	current	current_refseq_preferred	Bradyrhizobium sp. SZCCHNS2021	3057307	SZCCHNS2021	Contig	7694912	65.5	7	6980469	-0.519246	2.698	retain_candidate	primary_contiguity_candidate	synteny_candidate	pending	pending	
CANON_00858	GCF_032377715.1	GCA_032377715.1	paired		GCF_032377715.1	current	GCF_032377715.1	REFSEQ	current	current_refseq_preferred	Bradyrhizobium sp. SZCCHNS2015	3057305	SZCCHNS2015	Contig	7495142	63.5	20	1051440	-0.675631	0.0	retain_candidate	primary_contiguity_candidate	synteny_candidate	pending	pending	
CANON_00859	GCF_032377735.1	GCA_032377735.1	paired		GCF_032377735.1	current	GCF_032377735.1	REFSEQ	current	current_refseq_preferred	Bradyrhizobium sp. SZCCHNRI3043	3057292	SZCCHNRI3043	Contig	6939188	65.5	41	358319	-1.110845	2.698	retain_candidate	primary_contiguity_candidate	synteny_candidate	pending	pending	
CANON_00860	GCF_032377835.1	GCA_032377835.1	paired		GCF_032377835.1	current	GCF_032377835.1	REFSEQ	current	current_refseq_preferred	Bradyrhizobium sp. SZCCHNRI1002	3057274	SZCCHNRI1002	Contig	6541334	63.5	20	992085	-1.422295	0.0	retain_candidate	primary_contiguity_candidate	synteny_candidate	pending	pending	
CANON_00861	GCF_032377895.1	GCA_032377895.1	paired		GCF_032377895.1	current	GCF_032377895.1	REFSEQ	current	current_refseq_preferred	Bradyrhizobium sp. SZCCHNRI1005	3057276	SZCCHNRI1005	Contig	7496571	65.5	60	314846	-0.674513	2.698	retain_candidate	primary_contiguity_candidate	synteny_candidate	pending	pending	
CANON_00862	GCF_032377915.1	GCA_032377915.1	paired		GCF_032377915.1	current	GCF_032377915.1	REFSEQ	current	current_refseq_preferred	Bradyrhizobium sp. SZCCHNRI1001	3057273	SZCCHNRI1001	Contig	7707921	65.5	46	530661	-0.509063	2.698	retain_candidate	primary_contiguity_candidate	synteny_candidate	pending	pending	
CANON_00863	GCF_032377935.1	GCA_032377935.1	paired		GCF_032377935.1	current	GCF_032377935.1	REFSEQ	current	current_refseq_preferred	Bradyrhizobium sp. SZCCHNR3117	3057467	SZCCHNR3117	Contig	7161126	63.5	24	537594	-0.937107	0.0	retain_candidate	primary_contiguity_candidate	synteny_candidate	pending	pending	
CANON_00864	GCF_032378075.1	GCA_032378075.1	paired		GCF_032378075.1	current	GCF_032378075.1	REFSEQ	current	current_refseq_preferred	Bradyrhizobium sp. SZCCHNR3109	3057461	SZCCHNR3109	Contig	7388110	63.5	35	402217	-0.759418	0.0	retain_candidate	primary_contiguity_candidate	synteny_candidate	pending	pending	
CANON_00865	GCF_032378095.1	GCA_032378095.1	paired		GCF_032378095.1	current	GCF_032378095.1	REFSEQ	current	current_refseq_preferred	Bradyrhizobium sp. SZCCHNR3107	3057459	SZCCHNR3107	Contig	7739133	65.5	47	388405	-0.484629	2.698	retain_candidate	primary_contiguity_candidate	synteny_candidate	pending	pending	
CANON_00866	GCF_032378175.1	GCA_032378175.1	paired		GCF_032378175.1	current	GCF_032378175.1	REFSEQ	current	current_refseq_preferred	Bradyrhizobium sp. SZCCHNR30922	3057445	SZCCHNR30922	Contig	7337902	63.5	18	689064	-0.798722	0.0	retain_candidate	primary_contiguity_candidate	synteny_candidate	pending	pending	
CANON_00867	GCF_032378195.1	GCA_032378195.1	paired		GCF_032378195.1	current	GCF_032378195.1	REFSEQ	current	current_refseq_preferred	Bradyrhizobium sp. SZCCHNR31031	3057455	SZCCHNR31031	Contig	7551355	63.5	32	647466	-0.631626	0.0	retain_candidate	primary_contiguity_candidate	synteny_candidate	pending	pending	
CANON_00868	GCF_032378235.1	GCA_032378235.1	paired		GCF_032378235.1	current	GCF_032378235.1	REFSEQ	current	current_refseq_preferred	Bradyrhizobium sp. SZCCHNS2005	3057303	SZCCHNS2005	Contig	7772300	63.5	67	295168	-0.458665	0.0	retain_candidate	primary_contiguity_candidate	synteny_candidate	pending	pending	
CANON_00869	GCF_032378275.1	GCA_032378275.1	paired		GCF_032378275.1	current	GCF_032378275.1	REFSEQ	current	current_refseq_preferred	Bradyrhizobium sp. SZCCHNR3090	3057442	SZCCHNR3090	Contig	7498339	63.5	17	689060	-0.673128	0.0	retain_candidate	primary_contiguity_candidate	synteny_candidate	pending	pending	
CANON_00870	GCF_032378315.1	GCA_032378315.1	paired		GCF_032378315.1	current	GCF_032378315.1	REFSEQ	current	current_refseq_preferred	Bradyrhizobium sp. SZCCHNR3097	3057451	SZCCHNR3097	Contig	7502390	63.5	20	1211727	-0.669957	0.0	retain_candidate	primary_contiguity_candidate	synteny_candidate	pending	pending	
CANON_00871	GCF_032378335.1	GCA_032378335.1	paired		GCF_032378335.1	current	GCF_032378335.1	REFSEQ	current	current_refseq_preferred	Bradyrhizobium sp. SZCCHNRI2010	3057283	SZCCHNRI2010	Contig	7516931	63.5	27	1053913	-0.658574	0.0	retain_candidate	primary_contiguity_candidate	synteny_candidate	pending	pending	
CANON_00872	GCF_032378395.1	GCA_032378395.1	paired		GCF_032378395.1	current	GCF_032378395.1	REFSEQ	current	current_refseq_preferred	Bradyrhizobium sp. SZCCHNRI2007	3057281	SZCCHNRI2007	Contig	7247633	65.5	78	226115	-0.869387	2.698	retain_candidate	primary_contiguity_candidate	synteny_candidate	pending	pending	
CANON_00873	GCF_032378455.1	GCA_032378455.1	paired		GCF_032378455.1	current	GCF_032378455.1	REFSEQ	current	current_refseq_preferred	Bradyrhizobium sp. SZCCHNR3078	3057437	SZCCHNR3078	Contig	4924049	63.5	16	569544	-2.688345	0.0	retain_candidate	primary_contiguity_candidate	synteny_candidate	pending	pending	
CANON_00874	GCF_032380715.1	GCA_032380715.1	paired		GCF_032380715.1	current	GCF_032380715.1	REFSEQ	current	current_refseq_preferred	Bradyrhizobium sp. SZCCHNR3065	3057429	SZCCHNR3065	Contig	7073258	63.5	31	483118	-1.005892	0.0	retain_candidate	primary_contiguity_candidate	synteny_candidate	pending	pending	
CANON_00875	GCF_032380775.1	GCA_032380775.1	paired		GCF_032380775.1	current	GCF_032380775.1	REFSEQ	current	current_refseq_preferred	Bradyrhizobium sp. SZCCHNR3049	3057415	SZCCHNR3049	Contig	7500786	63.5	21	689064	-0.671213	0.0	retain_candidate	primary_contiguity_candidate	synteny_candidate	pending	pending	
CANON_00876	GCF_032380795.1	GCA_032380795.1	paired		GCF_032380795.1	current	GCF_032380795.1	REFSEQ	current	current_refseq_preferred	Bradyrhizobium sp. SZCCHNR3027	3057402	SZCCHNR3027	Contig	7053025	63.5	46	476456	-1.021731	0.0	retain_candidate	primary_contiguity_candidate	synteny_candidate	pending	pending	
CANON_00877	GCF_032380815.1	GCA_032380815.1	paired		GCF_032380815.1	current	GCF_032380815.1	REFSEQ	current	current_refseq_preferred	Bradyrhizobium sp. SZCCHNR3012	3057392	SZCCHNR3012	Contig	7374644	63.5	22	1169889	-0.76996	0.0	retain_candidate	primary_contiguity_candidate	synteny_candidate	pending	pending	
CANON_00878	GCF_032380875.1	GCA_032380875.1	paired		GCF_032380875.1	current	GCF_032380875.1	REFSEQ	current	current_refseq_preferred	Bradyrhizobium sp. SZCCHNR3007	3057389	SZCCHNR3007	Contig	7252231	63.5	22	1284588	-0.865788	0.0	retain_candidate	primary_contiguity_candidate	synteny_candidate	pending	pending	
CANON_00879	GCF_032380895.1	GCA_032380895.1	paired		GCF_032380895.1	current	GCF_032380895.1	REFSEQ	current	current_refseq_preferred	Bradyrhizobium sp. SZCCHNR3006	3057388	SZCCHNR3006	Contig	7374613	63.5	40	403025	-0.769984	0.0	retain_candidate	primary_contiguity_candidate	synteny_candidate	pending	pending	
CANON_00880	GCF_032380975.1	GCA_032380975.1	paired		GCF_032380975.1	current	GCF_032380975.1	REFSEQ	current	current_refseq_preferred	Bradyrhizobium sp. SZCCHNR2012	3057377	SZCCHNR2012	Contig	7314616	63.5	38	386615	-0.816951	0.0	retain_candidate	primary_contiguity_candidate	synteny_candidate	pending	pending	
CANON_00881	GCF_032380995.1	GCA_032380995.1	paired		GCF_032380995.1	current	GCF_032380995.1	REFSEQ	current	current_refseq_preferred	Bradyrhizobium sp. SZCCHNR2028	3057382	SZCCHNR2028	Contig	6923166	65.5	54	263739	-1.123388	2.698	retain_candidate	primary_contiguity_candidate	synteny_candidate	pending	pending	
CANON_00882	GCF_032381015.1	GCA_032381015.1	paired		GCF_032381015.1	current	GCF_032381015.1	REFSEQ	current	current_refseq_preferred	Bradyrhizobium sp. SZCCHNR2011	3057376	SZCCHNR2011	Contig	7178726	65.5	40	584240	-0.923329	2.698	retain_candidate	primary_contiguity_candidate	synteny_candidate	pending	pending	
CANON_00883	GCF_032381035.1	GCA_032381035.1	paired		GCF_032381035.1	current	GCF_032381035.1	REFSEQ	current	current_refseq_preferred	Bradyrhizobium sp. SZCCHNR1083	3057364	SZCCHNR1083	Contig	7242194	65.5	51	327510	-0.873645	2.698	retain_candidate	primary_contiguity_candidate	synteny_candidate	pending	pending	
CANON_00884	GCF_032381135.1	GCA_032381135.1	paired		GCF_032381135.1	current	GCF_032381135.1	REFSEQ	current	current_refseq_preferred	Bradyrhizobium sp. SZCCHNR2009	3057375	SZCCHNR2009	Contig	7533313	63.5	46	338134	-0.64575	0.0	retain_candidate	primary_contiguity_candidate	synteny_candidate	pending	pending	
CANON_00885	GCF_032381175.1	GCA_032381175.1	paired		GCF_032381175.1	current	GCF_032381175.1	REFSEQ	current	current_refseq_preferred	Bradyrhizobium sp. SZCCHNR1093	3057368	SZCCHNR1093	Contig	7083151	65.5	26	702112	-0.998148	2.698	retain_candidate	primary_contiguity_candidate	synteny_candidate	pending	pending	
CANON_00886	GCF_032381195.1	GCA_032381195.1	paired		GCF_032381195.1	current	GCF_032381195.1	REFSEQ	current	current_refseq_preferred	Bradyrhizobium sp. SZCCHNR1075	3057362	SZCCHNR1075	Contig	7657760	63.5	48	348056	-0.54833	0.0	retain_candidate	primary_contiguity_candidate	synteny_candidate	pending	pending	
CANON_00887	GCF_032381215.1	GCA_032381215.1	paired		GCF_032381215.1	current	GCF_032381215.1	REFSEQ	current	current_refseq_preferred	Bradyrhizobium sp. SZCCHNR1035	3057349	SZCCHNR1035	Contig	7771437	65	45	399865	-0.459341	2.0235	retain_candidate	primary_contiguity_candidate	synteny_candidate	pending	pending	
CANON_00888	GCF_032381235.1	GCA_032381235.1	paired		GCF_032381235.1	current	GCF_032381235.1	REFSEQ	current	current_refseq_preferred	Bradyrhizobium sp. SZCCHNR1053	3057356	SZCCHNR1053	Contig	6459037	65.5	28	439092	-1.486719	2.698	retain_candidate	primary_contiguity_candidate	synteny_candidate	pending	pending	
CANON_00889	GCF_032381315.1	GCA_032381315.1	paired		GCF_032381315.1	current	GCF_032381315.1	REFSEQ	current	current_refseq_preferred	Bradyrhizobium sp. SZCCHNR1018	3057341	SZCCHNR1018	Contig	7237435	65.5	42	327146	-0.87737	2.698	retain_candidate	primary_contiguity_candidate	synteny_candidate	pending	pending	
CANON_00890	GCF_032381335.1	GCA_032381335.1	paired		GCF_032381335.1	current	GCF_032381335.1	REFSEQ	current	current_refseq_preferred	Bradyrhizobium sp. SZCCHNR1019	3057342	SZCCHNR1019	Contig	7869548	65	50	399865	-0.382537	2.0235	retain_candidate	primary_contiguity_candidate	synteny_candidate	pending	pending	
CANON_00891	GCF_032381375.1	GCA_032381375.1	paired		GCF_032381375.1	current	GCF_032381375.1	REFSEQ	current	current_refseq_preferred	Bradyrhizobium sp. SZCCHNR1017	3057340	SZCCHNR1017	Contig	7866182	65	42	399865	-0.385172	2.0235	retain_candidate	primary_contiguity_candidate	synteny_candidate	pending	pending	
CANON_00892	GCF_032381395.1	GCA_032381395.1	paired		GCF_032381395.1	current	GCF_032381395.1	REFSEQ	current	current_refseq_preferred	Bradyrhizobium sp. SZCCHNPS10062	3057332	SZCCHNPS10062	Contig	7339938	63.5	33	493216	-0.797129	0.0	retain_candidate	primary_contiguity_candidate	synteny_candidate	pending	pending	
CANON_00893	GCF_032381435.1	GCA_032381435.1	paired		GCF_032381435.1	current	GCF_032381435.1	REFSEQ	current	current_refseq_preferred	Bradyrhizobium sp. SZCCHNR1002	3057334	SZCCHNR1002	Contig	7503604	65.5	21	782233	-0.669007	2.698	retain_candidate	primary_contiguity_candidate	synteny_candidate	pending	pending	
CANON_00894	GCF_032381515.1	GCA_032381515.1	paired		GCF_032381515.1	current	GCF_032381515.1	REFSEQ	current	current_refseq_preferred	Bradyrhizobium sp. SZCCHNG3015	3057270	SZCCHNG3015	Contig	7834835	65	66	415611	-0.409711	2.0235	retain_candidate	primary_contiguity_candidate	synteny_candidate	pending	pending	
CANON_00895	GCF_032381555.1	GCA_032381555.1	paired		GCF_032381555.1	current	GCF_032381555.1	REFSEQ	current	current_refseq_preferred	Bradyrhizobium sp. SZCCHNPS1003	3057330	SZCCHNPS1003	Contig	7287199	65.5	53	319501	-0.838414	2.698	retain_candidate	primary_contiguity_candidate	synteny_candidate	pending	pending	
CANON_00896	GCF_032381575.1	GCA_032381575.1	paired		GCF_032381575.1	current	GCF_032381575.1	REFSEQ	current	current_refseq_preferred	Bradyrhizobium sp. SZCCHNF30212	3057272	SZCCHNF30212	Contig	7443561	63.5	19	595914	-0.71601	0.0	retain_candidate	primary_contiguity_candidate	synteny_candidate	pending	pending	
CANON_00897	GCF_032397745.1	GCA_032397745.1	paired		GCF_032397745.1	current	GCF_032397745.1	REFSEQ	current	current_refseq_preferred	Bradyrhizobium prioriisuperbiae	2854389	BL16A	Complete Genome	9083454	63	1	9083454	0.567738	-0.6745	retain_candidate	primary_contiguity_candidate	synteny_candidate	pending	pending	
CANON_00898		GCA_032470795.1	unpaired		GCA_032470795.1	current	GCA_032470795.1	GENBANK	current	current_genbank_singleton	Bradyrhizobium sp.	376		Contig	7287223	64.5	2470	3553	-0.838395	1.349	retain_candidate	secondary_fragmented	presence_absence_only	pending	pending	pangenome_fragmented;synteny_fragmented
CANON_00899	GCF_032474435.1	GCA_032474435.1	paired		GCF_032474435.1	current	GCF_032474435.1	REFSEQ	current	current_refseq_preferred	Bradyrhizobium sp.	376		Scaffold	8449419	64.5	110	160166	0.0714	1.349	retain_candidate	primary_contiguity_candidate	synteny_candidate	pending	pending	
CANON_00900	GCF_032474735.1	GCA_032474735.1	paired		GCF_032474735.1	current	GCF_032474735.1	REFSEQ	current	current_refseq_preferred	Bradyrhizobium sp.	376		Contig	8448623	64.5	114	133628	0.070777	1.349	retain_candidate	primary_contiguity_candidate	synteny_candidate	pending	pending	
CANON_00901		GCA_032475555.1	unpaired		GCA_032475555.1	current	GCA_032475555.1	GENBANK	current	current_genbank_singleton	Bradyrhizobium sp.	376		Contig	7604850	64.5	2156	4446	-0.589749	1.349	retain_candidate	secondary_fragmented	presence_absence_only	pending	pending	pangenome_fragmented;synteny_fragmented
CANON_00902		GCA_032475895.1	unpaired		GCA_032475895.1	current	GCA_032475895.1	GENBANK	current	current_genbank_singleton	Bradyrhizobium sp.	376		Scaffold	7033022	64.5	2718	2973	-1.03739	1.349	retain_candidate	secondary_fragmented	presence_absence_only	pending	pending	pangenome_fragmented;synteny_fragmented
CANON_00903	GCF_032476235.1	GCA_032476235.1	paired		GCF_032476235.1	current	GCF_032476235.1	REFSEQ	current	current_refseq_preferred	Bradyrhizobium sp.	376		Contig	8363542	64.5	635	20766	0.004173	1.349	retain_candidate	secondary_fragmented	presence_absence_only	pending	pending	pangenome_fragmented;synteny_fragmented
CANON_00904	GCF_032484335.1	GCA_032484335.1	paired		GCF_032484335.1	current	GCF_032484335.1	REFSEQ	current	current_refseq_preferred	Bradyrhizobium sp. SZCCHNS30591	3057328	SZCCHNS30591	Contig	7205041	65.5	37	322472	-0.902729	2.698	retain_candidate	primary_contiguity_candidate	synteny_candidate	pending	pending	
CANON_00905	GCF_032484355.1	GCA_032484355.1	paired		GCF_032484355.1	current	GCF_032484355.1	REFSEQ	current	current_refseq_preferred	Bradyrhizobium sp. SZCCHNS30592	3057329	SZCCHNS30592	Contig	7201370	65.5	41	315131	-0.905603	2.698	retain_candidate	primary_contiguity_candidate	synteny_candidate	pending	pending	
CANON_00906	GCF_032484375.1	GCA_032484375.1	paired		GCF_032484375.1	current	GCF_032484375.1	REFSEQ	current	current_refseq_preferred	Bradyrhizobium sp. SZCCHNS30582	3057327	SZCCHNS30582	Contig	7640820	65.5	37	622617	-0.561591	2.698	retain_candidate	primary_contiguity_candidate	synteny_candidate	pending	pending	
CANON_00907	GCF_032484395.1	GCA_032484395.1	paired		GCF_032484395.1	current	GCF_032484395.1	REFSEQ	current	current_refseq_preferred	Bradyrhizobium sp. SZCCHNS30581	3057326	SZCCHNS30581	Contig	7645017	65.5	38	430037	-0.558305	2.698	retain_candidate	primary_contiguity_candidate	synteny_candidate	pending	pending	
CANON_00908	GCF_032484415.1	GCA_032484415.1	paired		GCF_032484415.1	current	GCF_032484415.1	REFSEQ	current	current_refseq_preferred	Bradyrhizobium sp. SZCCHNS30572	3057325	SZCCHNS30572	Contig	7659057	65.5	20	611993	-0.547315	2.698	retain_candidate	primary_contiguity_candidate	synteny_candidate	pending	pending	
CANON_00909	GCF_032484435.1	GCA_032484435.1	paired		GCF_032484435.1	current	GCF_032484435.1	REFSEQ	current	current_refseq_preferred	Bradyrhizobium sp. SZCCHNS30571	3057324	SZCCHNS30571	Contig	7658293	65.5	23	591430	-0.547913	2.698	retain_candidate	primary_contiguity_candidate	synteny_candidate	pending	pending	
CANON_00910	GCF_032484455.1	GCA_032484455.1	paired		GCF_032484455.1	current	GCF_032484455.1	REFSEQ	current	current_refseq_preferred	Bradyrhizobium sp. SZCCHNS3053	3057322	SZCCHNS3053	Contig	7376882	65	55	239343	-0.768208	2.0235	retain_candidate	primary_contiguity_candidate	synteny_candidate	pending	pending	
CANON_00911	GCF_032484475.1	GCA_032484475.1	paired		GCF_032484475.1	current	GCF_032484475.1	REFSEQ	current	current_refseq_preferred	Bradyrhizobium sp. SZCCHNS3051	3057320	SZCCHNS3051	Contig	7623419	65.5	43	338576	-0.575213	2.698	retain_candidate	primary_contiguity_candidate	synteny_candidate	pending	pending	
CANON_00912	GCF_032484495.1	GCA_032484495.1	paired		GCF_032484495.1	current	GCF_032484495.1	REFSEQ	current	current_refseq_preferred	Bradyrhizobium sp. SZCCHNS3052	3057321	SZCCHNS3052	Contig	7608170	65.5	32	679758	-0.58715	2.698	retain_candidate	primary_contiguity_candidate	synteny_candidate	pending	pending	
CANON_00913	GCF_032484515.1	GCA_032484515.1	paired		GCF_032484515.1	current	GCF_032484515.1	REFSEQ	current	current_refseq_preferred	Bradyrhizobium sp. SZCCHNS3018	3057319	SZCCHNS3018	Contig	7435936	65.5	35	600162	-0.721979	2.698	retain_candidate	primary_contiguity_candidate	synteny_candidate	pending	pending	
CANON_00914	GCF_032484535.1	GCA_032484535.1	paired		GCF_032484535.1	current	GCF_032484535.1	REFSEQ	current	current_refseq_preferred	Bradyrhizobium sp. SZCCHNS3016	3057318	SZCCHNS3016	Contig	7125106	65.5	41	318995	-0.965304	2.698	retain_candidate	primary_contiguity_candidate	synteny_candidate	pending	pending	
CANON_00915	GCF_032484555.1	GCA_032484555.1	paired		GCF_032484555.1	current	GCF_032484555.1	REFSEQ	current	current_refseq_preferred	Bradyrhizobium sp. SZCCHNS3014	3057317	SZCCHNS3014	Contig	7681796	65.5	18	3992340	-0.529514	2.698	retain_candidate	primary_contiguity_candidate	synteny_candidate	pending	pending	
CANON_00916	GCF_032484575.1	GCA_032484575.1	paired		GCF_032484575.1	current	GCF_032484575.1	REFSEQ	current	current_refseq_preferred	Bradyrhizobium sp. SZCCHNS30052	3057314	SZCCHNS30052	Contig	7419914	63.5	73	321441	-0.734521	0.0	retain_candidate	primary_contiguity_candidate	synteny_candidate	pending	pending	
CANON_00917	GCF_032484595.1	GCA_032484595.1	paired		GCF_032484595.1	current	GCF_032484595.1	REFSEQ	current	current_refseq_preferred	Bradyrhizobium sp. SZCCHNS30121	3057315	SZCCHNS30121	Contig	7379787	63.5	43	368383	-0.765934	0.0	retain_candidate	primary_contiguity_candidate	synteny_candidate	pending	pending	
CANON_00918	GCF_032484615.1	GCA_032484615.1	paired		GCF_032484615.1	current	GCF_032484615.1	REFSEQ	current	current_refseq_preferred	Bradyrhizobium sp. SZCCHNS30122	3057316	SZCCHNS30122	Contig	7383753	63.5	43	368356	-0.762829	0.0	retain_candidate	primary_contiguity_candidate	synteny_candidate	pending	pending	
CANON_00919	GCF_032484635.1	GCA_032484635.1	paired		GCF_032484635.1	current	GCF_032484635.1	REFSEQ	current	current_refseq_preferred	Bradyrhizobium sp. SZCCHNS30051	3057313	SZCCHNS30051	Contig	7420246	63.5	74	321441	-0.734262	0.0	retain_candidate	primary_contiguity_candidate	synteny_candidate	pending	pending	
CANON_00920	GCF_032484655.1	GCA_032484655.1	paired		GCF_032484655.1	current	GCF_032484655.1	REFSEQ	current	current_refseq_preferred	Bradyrhizobium sp. SZCCHNS3004	3057312	SZCCHNS3004	Contig	7237722	63.5	31	474299	-0.877146	0.0	retain_candidate	primary_contiguity_candidate	synteny_candidate	pending	pending	
CANON_00921	GCF_032484675.1	GCA_032484675.1	paired		GCF_032484675.1	current	GCF_032484675.1	REFSEQ	current	current_refseq_preferred	Bradyrhizobium sp. SZCCHNS2096	3057309	SZCCHNS2096	Contig	7190834	64	38	329634	-0.913851	0.6745	retain_candidate	primary_contiguity_candidate	synteny_candidate	pending	pending	
CANON_00922	GCF_032484695.1	GCA_032484695.1	paired		GCF_032484695.1	current	GCF_032484695.1	REFSEQ	current	current_refseq_preferred	Bradyrhizobium sp. SZCCHNS3003	3057311	SZCCHNS3003	Contig	7418725	63.5	74	321441	-0.735452	0.0	retain_candidate	primary_contiguity_candidate	synteny_candidate	pending	pending	
CANON_00923	GCF_032484715.1	GCA_032484715.1	paired		GCF_032484715.1	current	GCF_032484715.1	REFSEQ	current	current_refseq_preferred	Bradyrhizobium sp. SZCCHNS2017	3057306	SZCCHNS2017	Contig	7690222	65.5	15	1555731	-0.522918	2.698	retain_candidate	primary_contiguity_candidate	synteny_candidate	pending	pending	
CANON_00924	GCF_032484735.1	GCA_032484735.1	paired		GCF_032484735.1	current	GCF_032484735.1	REFSEQ	current	current_refseq_preferred	Bradyrhizobium sp. SZCCHNS2006	3057304	SZCCHNS2006	Contig	7277084	63.5	29	1170637	-0.846332	0.0	retain_candidate	primary_contiguity_candidate	synteny_candidate	pending	pending	
CANON_00925	GCF_032484755.1	GCA_032484755.1	paired		GCF_032484755.1	current	GCF_032484755.1	REFSEQ	current	current_refseq_preferred	Bradyrhizobium sp. SZCCHNS2002	3057302	SZCCHNS2002	Contig	7223521	64	37	427145	-0.888263	0.6745	retain_candidate	primary_contiguity_candidate	synteny_candidate	pending	pending	
CANON_00926	GCF_032484775.1	GCA_032484775.1	paired		GCF_032484775.1	current	GCF_032484775.1	REFSEQ	current	current_refseq_preferred	Bradyrhizobium sp. SZCCHNS1049	3057299	SZCCHNS1049	Contig	7607929	65.5	34	847774	-0.587339	2.698	retain_candidate	primary_contiguity_candidate	synteny_candidate	pending	pending	
CANON_00927	GCF_032484785.1	GCA_032484785.1	paired		GCF_032484785.1	current	GCF_032484785.1	REFSEQ	current	current_refseq_preferred	Bradyrhizobium sp. SZCCHNS1050	3057300	SZCCHNS1050	Contig	7620657	65.5	6	5403368	-0.577375	2.698	retain_candidate	primary_contiguity_candidate	synteny_candidate	pending	pending	
CANON_00928	GCF_032484815.1	GCA_032484815.1	paired		GCF_032484815.1	current	GCF_032484815.1	REFSEQ	current	current_refseq_preferred	Bradyrhizobium sp. SZCCHNS1054	3057301	SZCCHNS1054	Contig	7721741	63.5	95	225073	-0.498244	0.0	retain_candidate	primary_contiguity_candidate	synteny_candidate	pending	pending	
CANON_00929	GCF_032484835.1	GCA_032484835.1	paired		GCF_032484835.1	current	GCF_032484835.1	REFSEQ	current	current_refseq_preferred	Bradyrhizobium sp. SZCCHNS1022	3057298	SZCCHNS1022	Contig	7369340	63.5	11	1286016	-0.774112	0.0	retain_candidate	primary_contiguity_candidate	synteny_candidate	pending	pending	
CANON_00930	GCF_032484855.1	GCA_032484855.1	paired		GCF_032484855.1	current	GCF_032484855.1	REFSEQ	current	current_refseq_preferred	Bradyrhizobium sp. SZCCHNS1012	3057297	SZCCHNS1012	Contig	7530577	65.5	43	457923	-0.647892	2.698	retain_candidate	primary_contiguity_candidate	synteny_candidate	pending	pending	
CANON_00931	GCF_032484875.1	GCA_032484875.1	paired		GCF_032484875.1	current	GCF_032484875.1	REFSEQ	current	current_refseq_preferred	Bradyrhizobium sp. SZCCHNS1008	3057296	SZCCHNS1008	Contig	7371085	63.5	12	1285339	-0.772746	0.0	retain_candidate	primary_contiguity_candidate	synteny_candidate	pending	pending	
CANON_00932	GCF_032484895.1	GCA_032484895.1	paired		GCF_032484895.1	current	GCF_032484895.1	REFSEQ	current	current_refseq_preferred	Bradyrhizobium sp. SZCCHNRI3052	3057295	SZCCHNRI3052	Contig	7634243	65.5	32	387569	-0.56674	2.698	retain_candidate	primary_contiguity_candidate	synteny_candidate	pending	pending	
CANON_00933	GCF_032484915.1	GCA_032484915.1	paired		GCF_032484915.1	current	GCF_032484915.1	REFSEQ	current	current_refseq_preferred	Bradyrhizobium sp. SZCCHNRI30511	3057293	SZCCHNRI30511	Contig	7619638	65	36	774156	-0.578173	2.0235	retain_candidate	primary_contiguity_candidate	synteny_candidate	pending	pending	
CANON_00934	GCF_032484935.1	GCA_032484935.1	paired		GCF_032484935.1	current	GCF_032484935.1	REFSEQ	current	current_refseq_preferred	Bradyrhizobium sp. SZCCHNRI30512	3057294	SZCCHNRI30512	Contig	7624731	65	34	774156	-0.574186	2.0235	retain_candidate	primary_contiguity_candidate	synteny_candidate	pending	pending	
CANON_00935	GCF_032484955.1	GCA_032484955.1	paired		GCF_032484955.1	current	GCF_032484955.1	REFSEQ	current	current_refseq_preferred	Bradyrhizobium sp. SZCCHNRI3042	3057291	SZCCHNRI3042	Contig	7762395	65.5	34	517981	-0.466419	2.698	retain_candidate	primary_contiguity_candidate	synteny_candidate	pending	pending	
CANON_00936	GCF_032484975.1	GCA_032484975.1	paired		GCF_032484975.1	current	GCF_032484975.1	REFSEQ	current	current_refseq_preferred	Bradyrhizobium sp. SZCCHNRI3016	3057288	SZCCHNRI3016	Contig	7125114	65.5	48	261958	-0.965298	2.698	retain_candidate	primary_contiguity_candidate	synteny_candidate	pending	pending	
CANON_00937	GCF_032484995.1	GCA_032484995.1	paired		GCF_032484995.1	current	GCF_032484995.1	REFSEQ	current	current_refseq_preferred	Bradyrhizobium sp. SZCCHNRI3037	3057290	SZCCHNRI3037	Contig	7551041	65.5	34	510530	-0.631872	2.698	retain_candidate	primary_contiguity_candidate	synteny_candidate	pending	pending	
CANON_00938	GCF_032485015.1	GCA_032485015.1	paired		GCF_032485015.1	current	GCF_032485015.1	REFSEQ	current	current_refseq_preferred	Bradyrhizobium sp. SZCCHNRI3018	3057289	SZCCHNRI3018	Contig	7437088	65.5	31	624077	-0.721077	2.698	retain_candidate	primary_contiguity_candidate	synteny_candidate	pending	pending	
CANON_00939	GCF_032485035.1	GCA_032485035.1	paired		GCF_032485035.1	current	GCF_032485035.1	REFSEQ	current	current_refseq_preferred	Bradyrhizobium sp. SZCCHNRI2049	3057287	SZCCHNRI2049	Contig	7817658	65	65	297735	-0.423158	2.0235	retain_candidate	primary_contiguity_candidate	synteny_candidate	pending	pending	
CANON_00940	GCF_032485055.1	GCA_032485055.1	paired		GCF_032485055.1	current	GCF_032485055.1	REFSEQ	current	current_refseq_preferred	Bradyrhizobium sp. SZCCHNRI20481	3057286	SZCCHNRI20481	Contig	7232292	65.5	40	323488	-0.881396	2.698	retain_candidate	primary_contiguity_candidate	synteny_candidate	pending	pending	
CANON_00941	GCF_032485075.1	GCA_032485075.1	paired		GCF_032485075.1	current	GCF_032485075.1	REFSEQ	current	current_refseq_preferred	Bradyrhizobium sp. SZCCHNRI2014	3057285	SZCCHNRI2014	Contig	7483452	65.5	38	518001	-0.684782	2.698	retain_candidate	primary_contiguity_candidate	synteny_candidate	pending	pending	
CANON_00942	GCF_032485095.1	GCA_032485095.1	paired		GCF_032485095.1	current	GCF_032485095.1	REFSEQ	current	current_refseq_preferred	Bradyrhizobium sp. SZCCHNRI2013	3057284	SZCCHNRI2013	Contig	7574675	65.5	22	477690	-0.613371	2.698	retain_candidate	primary_contiguity_candidate	synteny_candidate	pending	pending	
CANON_00943	GCF_032485115.1	GCA_032485115.1	paired		GCF_032485115.1	current	GCF_032485115.1	REFSEQ	current	current_refseq_preferred	Bradyrhizobium sp. SZCCHNRI2009	3057282	SZCCHNRI2009	Contig	7572923	65.5	19	675417	-0.614742	2.698	retain_candidate	primary_contiguity_candidate	synteny_candidate	pending	pending	
CANON_00944	GCF_032485715.1	GCA_032485715.1	paired		GCF_032485715.1	current	GCF_032485715.1	REFSEQ	current	current_refseq_preferred	Bradyrhizobium sp.	376		Contig	8192531	64.5	1278	9536	-0.129698	1.349	retain_candidate	secondary_fragmented	presence_absence_only	pending	pending	pangenome_fragmented;synteny_fragmented
CANON_00945	GCF_032486215.1	GCA_032486215.1	paired		GCF_032486215.1	current	GCF_032486215.1	REFSEQ	current	current_refseq_preferred	Bradyrhizobium sp.	376		Scaffold	8143575	64.5	1331	8850	-0.168022	1.349	retain_candidate	secondary_fragmented	presence_absence_only	pending	pending	pangenome_fragmented;synteny_fragmented
CANON_00946		GCA_032486755.1	unpaired		GCA_032486755.1	current	GCA_032486755.1	GENBANK	current	current_genbank_singleton	Bradyrhizobium sp.	376		Contig	8393595	64.5	370	38315	0.027699	1.349	retain_candidate	primary_contiguity_candidate	presence_absence_only	pending	pending	synteny_fragmented
CANON_00947	GCF_032487015.1	GCA_032487015.1	paired		GCF_032487015.1	current	GCF_032487015.1	REFSEQ	current	current_refseq_preferred	Bradyrhizobium sp.	376		Scaffold	7895447	64.5	1839	5719	-0.362263	1.349	retain_candidate	secondary_fragmented	presence_absence_only	pending	pending	pangenome_fragmented;synteny_fragmented
CANON_00948	GCF_032487415.1	GCA_032487415.1	paired		GCF_032487415.1	current	GCF_032487415.1	REFSEQ	current	current_refseq_preferred	Bradyrhizobium sp.	376		Contig	8449034	64.5	122	146431	0.071098	1.349	retain_candidate	primary_contiguity_candidate	synteny_candidate	pending	pending	
CANON_00949	GCF_032487495.1	GCA_032487495.1	paired		GCF_032487495.1	current	GCF_032487495.1	REFSEQ	current	current_refseq_preferred	Bradyrhizobium sp. SZCCHNRI1058	3057279	SZCCHNRI1058	Contig	7646137	65.5	34	560802	-0.557429	2.698	retain_candidate	primary_contiguity_candidate	synteny_candidate	pending	pending	
CANON_00950	GCF_032487515.1	GCA_032487515.1	paired		GCF_032487515.1	current	GCF_032487515.1	REFSEQ	current	current_refseq_preferred	Bradyrhizobium sp. SZCCHNRI1073	3057280	SZCCHNRI1073	Contig	7700546	65.5	40	437112	-0.514836	2.698	retain_candidate	primary_contiguity_candidate	synteny_candidate	pending	pending	
CANON_00951	GCF_032487555.1	GCA_032487555.1	paired		GCF_032487555.1	current	GCF_032487555.1	REFSEQ	current	current_refseq_preferred	Bradyrhizobium sp. SZCCHNRI1029	3057278	SZCCHNRI1029	Contig	7481599	65.5	25	616006	-0.686233	2.698	retain_candidate	primary_contiguity_candidate	synteny_candidate	pending	pending	
CANON_00952	GCF_032487575.1	GCA_032487575.1	paired		GCF_032487575.1	current	GCF_032487575.1	REFSEQ	current	current_refseq_preferred	Bradyrhizobium sp. SZCCHNRI1009	3057277	SZCCHNRI1009	Contig	7315933	65.5	58	299297	-0.81592	2.698	retain_candidate	primary_contiguity_candidate	synteny_candidate	pending	pending	
CANON_00953	GCF_032487595.1	GCA_032487595.1	paired		GCF_032487595.1	current	GCF_032487595.1	REFSEQ	current	current_refseq_preferred	Bradyrhizobium sp. SZCCHNRI1003	3057275	SZCCHNRI1003	Contig	7412718	63.5	43	370942	-0.740155	0.0	retain_candidate	primary_contiguity_candidate	synteny_candidate	pending	pending	
CANON_00954	GCF_032487615.1	GCA_032487615.1	paired		GCF_032487615.1	current	GCF_032487615.1	REFSEQ	current	current_refseq_preferred	Bradyrhizobium sp. SZCCHNR31402	3057476	SZCCHNR31402	Contig	7439656	63.5	16	602958	-0.719067	0.0	retain_candidate	primary_contiguity_candidate	synteny_candidate	pending	pending	
CANON_00955	GCF_032487635.1	GCA_032487635.1	paired		GCF_032487635.1	current	GCF_032487635.1	REFSEQ	current	current_refseq_preferred	Bradyrhizobium sp. SZCCHNR3142	3057477	SZCCHNR3142	Contig	7500219	63.5	17	1284674	-0.671657	0.0	retain_candidate	primary_contiguity_candidate	synteny_candidate	pending	pending	
CANON_00956	GCF_032487655.1	GCA_032487655.1	paired		GCF_032487655.1	current	GCF_032487655.1	REFSEQ	current	current_refseq_preferred	Bradyrhizobium sp. SZCCHNR31381	3057474	SZCCHNR31381	Contig	7517928	63.5	28	617865	-0.657794	0.0	retain_candidate	primary_contiguity_candidate	synteny_candidate	pending	pending	
CANON_00957	GCF_032487675.1	GCA_032487675.1	paired		GCF_032487675.1	current	GCF_032487675.1	REFSEQ	current	current_refseq_preferred	Bradyrhizobium sp. SZCCHNR31401	3057475	SZCCHNR31401	Contig	7436496	63.5	18	602958	-0.721541	0.0	retain_candidate	primary_contiguity_candidate	synteny_candidate	pending	pending	
CANON_00958	GCF_032487695.1	GCA_032487695.1	paired		GCF_032487695.1	current	GCF_032487695.1	REFSEQ	current	current_refseq_preferred	Bradyrhizobium sp. SZCCHNR3126	3057472	SZCCHNR3126	Contig	7500346	63.5	21	580660	-0.671557	0.0	retain_candidate	primary_contiguity_candidate	synteny_candidate	pending	pending	
CANON_00959	GCF_032487715.1	GCA_032487715.1	paired		GCF_032487715.1	current	GCF_032487715.1	REFSEQ	current	current_refseq_preferred	Bradyrhizobium sp. SZCCHNR3131	3057473	SZCCHNR3131	Contig	7693627	63.5	48	765092	-0.520252	0.0	retain_candidate	primary_contiguity_candidate	synteny_candidate	pending	pending	
CANON_00960	GCF_032487735.1	GCA_032487735.1	paired		GCF_032487735.1	current	GCF_032487735.1	REFSEQ	current	current_refseq_preferred	Bradyrhizobium sp. SZCCHNR3123	3057471	SZCCHNR3123	Contig	7499691	63.5	17	1284674	-0.67207	0.0	retain_candidate	primary_contiguity_candidate	synteny_candidate	pending	pending	
CANON_00961	GCF_032487755.1	GCA_032487755.1	paired		GCF_032487755.1	current	GCF_032487755.1	REFSEQ	current	current_refseq_preferred	Bradyrhizobium sp. SZCCHNR31202	3057470	SZCCHNR31202	Contig	7498764	63.5	22	580660	-0.672796	0.0	retain_candidate	primary_contiguity_candidate	synteny_candidate	pending	pending	
CANON_00962	GCF_032487775.1	GCA_032487775.1	paired		GCF_032487775.1	current	GCF_032487775.1	REFSEQ	current	current_refseq_preferred	Bradyrhizobium sp. SZCCHNR3119	3057469	SZCCHNR3119	Contig	7364576	63.5	2	5962981	-0.777841	0.0	retain_candidate	primary_contiguity_candidate	synteny_candidate	pending	pending	
CANON_00963	GCF_032487795.1	GCA_032487795.1	paired		GCF_032487795.1	current	GCF_032487795.1	REFSEQ	current	current_refseq_preferred	Bradyrhizobium sp. SZCCHNR3118	3057468	SZCCHNR3118	Contig	7714785	63.5	35	812040	-0.503689	0.0	retain_candidate	primary_contiguity_candidate	synteny_candidate	pending	pending	
CANON_00964	GCF_032487815.1	GCA_032487815.1	paired		GCF_032487815.1	current	GCF_032487815.1	REFSEQ	current	current_refseq_preferred	Bradyrhizobium sp. SZCCHNR3116	3057466	SZCCHNR3116	Contig	7460236	63.5	21	1247001	-0.702956	0.0	retain_candidate	primary_contiguity_candidate	synteny_candidate	pending	pending	
CANON_00965	GCF_032487835.1	GCA_032487835.1	paired		GCF_032487835.1	current	GCF_032487835.1	REFSEQ	current	current_refseq_preferred	Bradyrhizobium sp. SZCCHNR31152	3057465	SZCCHNR31152	Contig	7540853	63.5	16	1285272	-0.639848	0.0	retain_candidate	primary_contiguity_candidate	synteny_candidate	pending	pending	
CANON_00966	GCF_032487855.1	GCA_032487855.1	paired		GCF_032487855.1	current	GCF_032487855.1	REFSEQ	current	current_refseq_preferred	Bradyrhizobium sp. SZCCHNR3112	3057464	SZCCHNR3112	Contig	7438783	63.5	24	519440	-0.71975	0.0	retain_candidate	primary_contiguity_candidate	synteny_candidate	pending	pending	
CANON_00967	GCF_032487875.1	GCA_032487875.1	paired		GCF_032487875.1	current	GCF_032487875.1	REFSEQ	current	current_refseq_preferred	Bradyrhizobium sp. SZCCHNR3111	3057463	SZCCHNR3111	Contig	7438277	63.5	32	595474	-0.720146	0.0	retain_candidate	primary_contiguity_candidate	synteny_candidate	pending	pending	
CANON_00968	GCF_032487895.1	GCA_032487895.1	paired		GCF_032487895.1	current	GCF_032487895.1	REFSEQ	current	current_refseq_preferred	Bradyrhizobium sp. SZCCHNR3110	3057462	SZCCHNR3110	Contig	7404865	63.5	4	5008125	-0.746302	0.0	retain_candidate	primary_contiguity_candidate	synteny_candidate	pending	pending	
CANON_00969	GCF_032487915.1	GCA_032487915.1	paired		GCF_032487915.1	current	GCF_032487915.1	REFSEQ	current	current_refseq_preferred	Bradyrhizobium sp. SZCCHNR3105	3057458	SZCCHNR3105	Contig	7497641	63.5	15	1284751	-0.673675	0.0	retain_candidate	primary_contiguity_candidate	synteny_candidate	pending	pending	
CANON_00970	GCF_032487935.1	GCA_032487935.1	paired		GCF_032487935.1	current	GCF_032487935.1	REFSEQ	current	current_refseq_preferred	Bradyrhizobium sp. SZCCHNR3108	3057460	SZCCHNR3108	Contig	7736979	63.5	47	765092	-0.486315	0.0	retain_candidate	primary_contiguity_candidate	synteny_candidate	pending	pending	
CANON_00971	GCF_032487955.1	GCA_032487955.1	paired		GCF_032487955.1	current	GCF_032487955.1	REFSEQ	current	current_refseq_preferred	Bradyrhizobium sp. SZCCHNR3104	3057457	SZCCHNR3104	Contig	7498471	63.5	20	666870	-0.673025	0.0	retain_candidate	primary_contiguity_candidate	synteny_candidate	pending	pending	
CANON_00972	GCF_032487975.1	GCA_032487975.1	paired		GCF_032487975.1	current	GCF_032487975.1	REFSEQ	current	current_refseq_preferred	Bradyrhizobium sp. SZCCHNR31032	3057456	SZCCHNR31032	Contig	7517898	63.5	36	480023	-0.657817	0.0	retain_candidate	primary_contiguity_candidate	synteny_candidate	pending	pending	
CANON_00973	GCF_032487995.1	GCA_032487995.1	paired		GCF_032487995.1	current	GCF_032487995.1	REFSEQ	current	current_refseq_preferred	Bradyrhizobium sp. SZCCHNR31011	3057453	SZCCHNR31011	Contig	7498044	63.5	22	609008	-0.673359	0.0	retain_candidate	primary_contiguity_candidate	synteny_candidate	pending	pending	
CANON_00974	GCF_032488015.1	GCA_032488015.1	paired		GCF_032488015.1	current	GCF_032488015.1	REFSEQ	current	current_refseq_preferred	Bradyrhizobium sp. SZCCHNR31012	3057454	SZCCHNR31012	Contig	7496518	63.5	32	513472	-0.674554	0.0	retain_candidate	primary_contiguity_candidate	synteny_candidate	pending	pending	
CANON_00975	GCF_032488035.1	GCA_032488035.1	paired		GCF_032488035.1	current	GCF_032488035.1	REFSEQ	current	current_refseq_preferred	Bradyrhizobium sp. SZCCHNR30992	3057452	SZCCHNR30992	Contig	7499823	63.5	17	1284825	-0.671967	0.0	retain_candidate	primary_contiguity_candidate	synteny_candidate	pending	pending	
CANON_00976	GCF_032488055.1	GCA_032488055.1	paired		GCF_032488055.1	current	GCF_032488055.1	REFSEQ	current	current_refseq_preferred	Bradyrhizobium sp. SZCCHNR3095	3057450	SZCCHNR3095	Contig	7693529	63.5	23	595767	-0.520329	0.0	retain_candidate	primary_contiguity_candidate	synteny_candidate	pending	pending	
CANON_00977	GCF_032488075.1	GCA_032488075.1	paired		GCF_032488075.1	current	GCF_032488075.1	REFSEQ	current	current_refseq_preferred	Bradyrhizobium sp. SZCCHNR30942	3057449	SZCCHNR30942	Contig	7496587	63.5	20	655675	-0.6745	0.0	retain_candidate	primary_contiguity_candidate	synteny_candidate	pending	pending	
CANON_00978	GCF_032488095.1	GCA_032488095.1	paired		GCF_032488095.1	current	GCF_032488095.1	REFSEQ	current	current_refseq_preferred	Bradyrhizobium sp. SZCCHNR3094	3057447	SZCCHNR3094	Contig	7499534	63.5	15	1284478	-0.672193	0.0	retain_candidate	primary_contiguity_candidate	synteny_candidate	pending	pending	
CANON_00979	GCF_032488115.1	GCA_032488115.1	paired		GCF_032488115.1	current	GCF_032488115.1	REFSEQ	current	current_refseq_preferred	Bradyrhizobium sp. SZCCHNR30941	3057448	SZCCHNR30941	Contig	7496994	63.5	17	1212150	-0.674181	0.0	retain_candidate	primary_contiguity_candidate	synteny_candidate	pending	pending	
CANON_00980	GCF_032488135.1	GCA_032488135.1	paired		GCF_032488135.1	current	GCF_032488135.1	REFSEQ	current	current_refseq_preferred	Bradyrhizobium sp. SZCCHNR3093	3057446	SZCCHNR3093	Contig	7513710	63.5	20	689077	-0.661096	0.0	retain_candidate	primary_contiguity_candidate	synteny_candidate	pending	pending	
CANON_00981	GCF_032488155.1	GCA_032488155.1	paired		GCF_032488155.1	current	GCF_032488155.1	REFSEQ	current	current_refseq_preferred	Bradyrhizobium sp. SZCCHNR30921	3057444	SZCCHNR30921	Contig	7502662	63.5	21	689063	-0.669744	0.0	retain_candidate	primary_contiguity_candidate	synteny_candidate	pending	pending	
CANON_00982	GCF_032488175.1	GCA_032488175.1	paired		GCF_032488175.1	current	GCF_032488175.1	REFSEQ	current	current_refseq_preferred	Bradyrhizobium sp. SZCCHNR3089	3057441	SZCCHNR3089	Contig	7497587	63.5	15	1284833	-0.673717	0.0	retain_candidate	primary_contiguity_candidate	synteny_candidate	pending	pending	
CANON_00983	GCF_032488195.1	GCA_032488195.1	paired		GCF_032488195.1	current	GCF_032488195.1	REFSEQ	current	current_refseq_preferred	Bradyrhizobium sp. SZCCHNR3091	3057443	SZCCHNR3091	Contig	7499152	63.5	16	689063	-0.672492	0.0	retain_candidate	primary_contiguity_candidate	synteny_candidate	pending	pending	
CANON_00984	GCF_032488215.1	GCA_032488215.1	paired		GCF_032488215.1	current	GCF_032488215.1	REFSEQ	current	current_refseq_preferred	Bradyrhizobium sp. SZCCHNR3084	3057439	SZCCHNR3084	Contig	7497184	63.5	15	1284477	-0.674033	0.0	retain_candidate	primary_contiguity_candidate	synteny_candidate	pending	pending	
CANON_00985	GCF_032488235.1	GCA_032488235.1	paired		GCF_032488235.1	current	GCF_032488235.1	REFSEQ	current	current_refseq_preferred	Bradyrhizobium sp. SZCCHNR3086	3057440	SZCCHNR3086	Contig	7501473	63.5	21	1284480	-0.670675	0.0	retain_candidate	primary_contiguity_candidate	synteny_candidate	pending	pending	
CANON_00986	GCF_032488255.1	GCA_032488255.1	paired		GCF_032488255.1	current	GCF_032488255.1	REFSEQ	current	current_refseq_preferred	Bradyrhizobium sp. SZCCHNR3082	3057438	SZCCHNR3082	Contig	7499753	63.5	18	1284805	-0.672022	0.0	retain_candidate	primary_contiguity_candidate	synteny_candidate	pending	pending	
CANON_00987	GCF_032488275.1	GCA_032488275.1	paired		GCF_032488275.1	current	GCF_032488275.1	REFSEQ	current	current_refseq_preferred	Bradyrhizobium sp. SZCCHNR3075	3057435	SZCCHNR3075	Contig	7497895	63.5	15	1284828	-0.673476	0.0	retain_candidate	primary_contiguity_candidate	synteny_candidate	pending	pending	
CANON_00988	GCF_032488295.1	GCA_032488295.1	paired		GCF_032488295.1	current	GCF_032488295.1	REFSEQ	current	current_refseq_preferred	Bradyrhizobium sp. SZCCHNR3077	3057436	SZCCHNR3077	Contig	7497721	63.5	15	1284828	-0.673612	0.0	retain_candidate	primary_contiguity_candidate	synteny_candidate	pending	pending	
CANON_00989	GCF_032488315.1	GCA_032488315.1	paired		GCF_032488315.1	current	GCF_032488315.1	REFSEQ	current	current_refseq_preferred	Bradyrhizobium sp. SZCCHNR3073	3057434	SZCCHNR3073	Contig	7497495	63.5	16	1284479	-0.673789	0.0	retain_candidate	primary_contiguity_candidate	synteny_candidate	pending	pending	
CANON_00990	GCF_032488335.1	GCA_032488335.1	paired		GCF_032488335.1	current	GCF_032488335.1	REFSEQ	current	current_refseq_preferred	Bradyrhizobium sp. SZCCHNR3072	3057433	SZCCHNR3072	Contig	7500176	63.5	16	1284833	-0.67169	0.0	retain_candidate	primary_contiguity_candidate	synteny_candidate	pending	pending	
CANON_00991	GCF_032488355.1	GCA_032488355.1	paired		GCF_032488355.1	current	GCF_032488355.1	REFSEQ	current	current_refseq_preferred	Bradyrhizobium sp. SZCCHNR3071	3057432	SZCCHNR3071	Contig	7515543	63.5	26	654573	-0.659661	0.0	retain_candidate	primary_contiguity_candidate	synteny_candidate	pending	pending	
CANON_00992	GCF_032488375.1	GCA_032488375.1	paired		GCF_032488375.1	current	GCF_032488375.1	REFSEQ	current	current_refseq_preferred	Bradyrhizobium sp. SZCCHNR3070	3057431	SZCCHNR3070	Contig	7511982	63.5	16	596934	-0.662448	0.0	retain_candidate	primary_contiguity_candidate	synteny_candidate	pending	pending	
CANON_00993	GCF_032488395.1	GCA_032488395.1	paired		GCF_032488395.1	current	GCF_032488395.1	REFSEQ	current	current_refseq_preferred	Bradyrhizobium sp. SZCCHNR3068	3057430	SZCCHNR3068	Contig	7519430	63.5	30	610814	-0.656618	0.0	retain_candidate	primary_contiguity_candidate	synteny_candidate	pending	pending	
CANON_00994	GCF_032488415.1	GCA_032488415.1	paired		GCF_032488415.1	current	GCF_032488415.1	REFSEQ	current	current_refseq_preferred	Bradyrhizobium sp. SZCCHNR3063	3057427	SZCCHNR3063	Contig	7502779	63.5	20	1059490	-0.669653	0.0	retain_candidate	primary_contiguity_candidate	synteny_candidate	pending	pending	
CANON_00995	GCF_032488435.1	GCA_032488435.1	paired		GCF_032488435.1	current	GCF_032488435.1	REFSEQ	current	current_refseq_preferred	Bradyrhizobium sp. SZCCHNR3064	3057428	SZCCHNR3064	Contig	7499770	63.5	34	483120	-0.672008	0.0	retain_candidate	primary_contiguity_candidate	synteny_candidate	pending	pending	
CANON_00996	GCF_032488455.1	GCA_032488455.1	paired		GCF_032488455.1	current	GCF_032488455.1	REFSEQ	current	current_refseq_preferred	Bradyrhizobium sp. SZCCHNR30612	3057426	SZCCHNR30612	Contig	7500961	63.5	17	694883	-0.671076	0.0	retain_candidate	primary_contiguity_candidate	synteny_candidate	pending	pending	
CANON_00997	GCF_032488475.1	GCA_032488475.1	paired		GCF_032488475.1	current	GCF_032488475.1	REFSEQ	current	current_refseq_preferred	Bradyrhizobium sp. SZCCHNR30611	3057425	SZCCHNR30611	Contig	7497521	63.5	18	1284804	-0.673769	0.0	retain_candidate	primary_contiguity_candidate	synteny_candidate	pending	pending	
CANON_00998	GCF_032488495.1	GCA_032488495.1	paired		GCF_032488495.1	current	GCF_032488495.1	REFSEQ	current	current_refseq_preferred	Bradyrhizobium sp. SZCCHNR3060	3057424	SZCCHNR3060	Contig	7499790	63.5	17	1284814	-0.671993	0.0	retain_candidate	primary_contiguity_candidate	synteny_candidate	pending	pending	
CANON_00999	GCF_032488515.1	GCA_032488515.1	paired		GCF_032488515.1	current	GCF_032488515.1	REFSEQ	current	current_refseq_preferred	Bradyrhizobium sp. SZCCHNR3058	3057423	SZCCHNR3058	Contig	7508513	63.5	28	822943	-0.665164	0.0	retain_candidate	primary_contiguity_candidate	synteny_candidate	pending	pending	
CANON_01000	GCF_032488535.1	GCA_032488535.1	paired		GCF_032488535.1	current	GCF_032488535.1	REFSEQ	current	current_refseq_preferred	Bradyrhizobium sp. SZCCHNR3056	3057421	SZCCHNR3056	Contig	7499717	63.5	29	513531	-0.67205	0.0	retain_candidate	primary_contiguity_candidate	synteny_candidate	pending	pending	
CANON_01001	GCF_032488555.1	GCA_032488555.1	paired		GCF_032488555.1	current	GCF_032488555.1	REFSEQ	current	current_refseq_preferred	Bradyrhizobium sp. SZCCHNR3057	3057422	SZCCHNR3057	Contig	7491513	63.5	32	670957	-0.678472	0.0	retain_candidate	primary_contiguity_candidate	synteny_candidate	pending	pending	
CANON_01002	GCF_032488575.1	GCA_032488575.1	paired		GCF_032488575.1	current	GCF_032488575.1	REFSEQ	current	current_refseq_preferred	Bradyrhizobium sp. SZCCHNR3055	3057420	SZCCHNR3055	Contig	7495341	63.5	25	681083	-0.675475	0.0	retain_candidate	primary_contiguity_candidate	synteny_candidate	pending	pending	
CANON_01003	GCF_032488595.1	GCA_032488595.1	paired		GCF_032488595.1	current	GCF_032488595.1	REFSEQ	current	current_refseq_preferred	Bradyrhizobium sp. SZCCHNR3054	3057419	SZCCHNR3054	Contig	7354321	63.5	19	1608391	-0.785869	0.0	retain_candidate	primary_contiguity_candidate	synteny_candidate	pending	pending	
CANON_01004	GCF_032488615.1	GCA_032488615.1	paired		GCF_032488615.1	current	GCF_032488615.1	REFSEQ	current	current_refseq_preferred	Bradyrhizobium sp. SZCCHNR3053	3057418	SZCCHNR3053	Contig	7424650	63.5	27	519441	-0.730814	0.0	retain_candidate	primary_contiguity_candidate	synteny_candidate	pending	pending	
CANON_01005	GCF_032488635.1	GCA_032488635.1	paired		GCF_032488635.1	current	GCF_032488635.1	REFSEQ	current	current_refseq_preferred	Bradyrhizobium sp. SZCCHNR3052	3057417	SZCCHNR3052	Contig	7435297	63.5	22	519440	-0.722479	0.0	retain_candidate	primary_contiguity_candidate	synteny_candidate	pending	pending	
CANON_01006	GCF_032488655.1	GCA_032488655.1	paired		GCF_032488655.1	current	GCF_032488655.1	REFSEQ	current	current_refseq_preferred	Bradyrhizobium sp. SZCCHNR3047	3057414	SZCCHNR3047	Contig	7497718	63.5	17	1284751	-0.673615	0.0	retain_candidate	primary_contiguity_candidate	synteny_candidate	pending	pending	
CANON_01007	GCF_032488675.1	GCA_032488675.1	paired		GCF_032488675.1	current	GCF_032488675.1	REFSEQ	current	current_refseq_preferred	Bradyrhizobium sp. SZCCHNR3050	3057416	SZCCHNR3050	Contig	7518171	63.5	29	594229	-0.657604	0.0	retain_candidate	primary_contiguity_candidate	synteny_candidate	pending	pending	
CANON_01008	GCF_032488695.1	GCA_032488695.1	paired		GCF_032488695.1	current	GCF_032488695.1	REFSEQ	current	current_refseq_preferred	Bradyrhizobium sp. SZCCHNR3044	3057412	SZCCHNR3044	Contig	7498608	63.5	17	1285611	-0.672918	0.0	retain_candidate	primary_contiguity_candidate	synteny_candidate	pending	pending	
CANON_01009	GCF_032488715.1	GCA_032488715.1	paired		GCF_032488715.1	current	GCF_032488715.1	REFSEQ	current	current_refseq_preferred	Bradyrhizobium sp. SZCCHNR30461	3057413	SZCCHNR30461	Contig	7499802	63.5	18	1059504	-0.671983	0.0	retain_candidate	primary_contiguity_candidate	synteny_candidate	pending	pending	
CANON_01010	GCF_032488735.1	GCA_032488735.1	paired		GCF_032488735.1	current	GCF_032488735.1	REFSEQ	current	current_refseq_preferred	Bradyrhizobium sp. SZCCHNR3043	3057411	SZCCHNR3043	Contig	7498084	63.5	15	1284828	-0.673328	0.0	retain_candidate	primary_contiguity_candidate	synteny_candidate	pending	pending	
CANON_01011	GCF_032488755.1	GCA_032488755.1	paired		GCF_032488755.1	current	GCF_032488755.1	REFSEQ	current	current_refseq_preferred	Bradyrhizobium sp. SZCCHNR3042	3057410	SZCCHNR3042	Contig	7517351	63.5	30	647466	-0.658245	0.0	retain_candidate	primary_contiguity_candidate	synteny_candidate	pending	pending	
CANON_01012	GCF_032488775.1	GCA_032488775.1	paired		GCF_032488775.1	current	GCF_032488775.1	REFSEQ	current	current_refseq_preferred	Bradyrhizobium sp. SZCCHNR3039	3057409	SZCCHNR3039	Contig	7500500	63.5	21	1284749	-0.671437	0.0	retain_candidate	primary_contiguity_candidate	synteny_candidate	pending	pending	
CANON_01013	GCF_032488795.1	GCA_032488795.1	paired		GCF_032488795.1	current	GCF_032488795.1	REFSEQ	current	current_refseq_preferred	Bradyrhizobium sp. SZCCHNR3037	3057407	SZCCHNR3037	Contig	7497634	63.5	18	689064	-0.67368	0.0	retain_candidate	primary_contiguity_candidate	synteny_candidate	pending	pending	
CANON_01014	GCF_032488815.1	GCA_032488815.1	paired		GCF_032488815.1	current	GCF_032488815.1	REFSEQ	current	current_refseq_preferred	Bradyrhizobium sp. SZCCHNR3038	3057408	SZCCHNR3038	Contig	7500348	63.5	21	689064	-0.671556	0.0	retain_candidate	primary_contiguity_candidate	synteny_candidate	pending	pending	
CANON_01015	GCF_032488835.1	GCA_032488835.1	paired		GCF_032488835.1	current	GCF_032488835.1	REFSEQ	current	current_refseq_preferred	Bradyrhizobium sp. SZCCHNR3036	3057406	SZCCHNR3036	Contig	7499949	63.5	20	689062	-0.671868	0.0	retain_candidate	primary_contiguity_candidate	synteny_candidate	pending	pending	
CANON_01016	GCF_032488855.1	GCA_032488855.1	paired		GCF_032488855.1	current	GCF_032488855.1	REFSEQ	current	current_refseq_preferred	Bradyrhizobium sp. SZCCHNR3032	3057405	SZCCHNR3032	Contig	7513969	63.5	17	700970	-0.660893	0.0	retain_candidate	primary_contiguity_candidate	synteny_candidate	pending	pending	
CANON_01017	GCF_032488875.1	GCA_032488875.1	paired		GCF_032488875.1	current	GCF_032488875.1	REFSEQ	current	current_refseq_preferred	Bradyrhizobium sp. SZCCHNR3030	3057404	SZCCHNR3030	Contig	7500934	63.5	15	694883	-0.671097	0.0	retain_candidate	primary_contiguity_candidate	synteny_candidate	pending	pending	
CANON_01018	GCF_032488895.1	GCA_032488895.1	paired		GCF_032488895.1	current	GCF_032488895.1	REFSEQ	current	current_refseq_preferred	Bradyrhizobium sp. SZCCHNR3025	3057401	SZCCHNR3025	Contig	7540070	63.5	17	1284479	-0.64046	0.0	retain_candidate	primary_contiguity_candidate	synteny_candidate	pending	pending	
CANON_01019	GCF_032488915.1	GCA_032488915.1	paired		GCF_032488915.1	current	GCF_032488915.1	REFSEQ	current	current_refseq_preferred	Bradyrhizobium sp. SZCCHNR3028	3057403	SZCCHNR3028	Contig	7499878	63.5	17	1284827	-0.671924	0.0	retain_candidate	primary_contiguity_candidate	synteny_candidate	pending	pending	
CANON_01020	GCF_032488935.1	GCA_032488935.1	paired		GCF_032488935.1	current	GCF_032488935.1	REFSEQ	current	current_refseq_preferred	Bradyrhizobium sp. SZCCHNR3022	3057400	SZCCHNR3022	Contig	7499678	63.5	17	689063	-0.67208	0.0	retain_candidate	primary_contiguity_candidate	synteny_candidate	pending	pending	
CANON_01021	GCF_032488955.1	GCA_032488955.1	paired		GCF_032488955.1	current	GCF_032488955.1	REFSEQ	current	current_refseq_preferred	Bradyrhizobium sp. SZCCHNR3020	3057398	SZCCHNR3020	Contig	7499179	63.5	18	689065	-0.672471	0.0	retain_candidate	primary_contiguity_candidate	synteny_candidate	pending	pending	
CANON_01022	GCF_032488975.1	GCA_032488975.1	paired		GCF_032488975.1	current	GCF_032488975.1	REFSEQ	current	current_refseq_preferred	Bradyrhizobium sp. SZCCHNR3021	3057399	SZCCHNR3021	Contig	7497750	63.5	18	1284672	-0.67359	0.0	retain_candidate	primary_contiguity_candidate	synteny_candidate	pending	pending	
CANON_01023	GCF_032488995.1	GCA_032488995.1	paired		GCF_032488995.1	current	GCF_032488995.1	REFSEQ	current	current_refseq_preferred	Bradyrhizobium sp. SZCCHNR3016	3057396	SZCCHNR3016	Contig	7693899	63.5	43	765092	-0.520039	0.0	retain_candidate	primary_contiguity_candidate	synteny_candidate	pending	pending	
CANON_01024	GCF_032489015.1	GCA_032489015.1	paired		GCF_032489015.1	current	GCF_032489015.1	REFSEQ	current	current_refseq_preferred	Bradyrhizobium sp. SZCCHNR3017	3057397	SZCCHNR3017	Contig	7500274	63.5	18	1212061	-0.671614	0.0	retain_candidate	primary_contiguity_candidate	synteny_candidate	pending	pending	
CANON_01025	GCF_032489035.1	GCA_032489035.1	paired		GCF_032489035.1	current	GCF_032489035.1	REFSEQ	current	current_refseq_preferred	Bradyrhizobium sp. SZCCHNR3014	3057394	SZCCHNR3014	Contig	7436572	63.5	17	602958	-0.721481	0.0	retain_candidate	primary_contiguity_candidate	synteny_candidate	pending	pending	
CANON_01026	GCF_032489055.1	GCA_032489055.1	paired		GCF_032489055.1	current	GCF_032489055.1	REFSEQ	current	current_refseq_preferred	Bradyrhizobium sp. SZCCHNR3015	3057395	SZCCHNR3015	Contig	7680720	63.5	56	395436	-0.530356	0.0	retain_candidate	primary_contiguity_candidate	synteny_candidate	pending	pending	
CANON_01027	GCF_032489075.1	GCA_032489075.1	paired		GCF_032489075.1	current	GCF_032489075.1	REFSEQ	current	current_refseq_preferred	Bradyrhizobium sp. SZCCHNR3010	3057391	SZCCHNR3010	Contig	7515178	63.5	31	570106	-0.659947	0.0	retain_candidate	primary_contiguity_candidate	synteny_candidate	pending	pending	
CANON_01028	GCF_032489095.1	GCA_032489095.1	paired		GCF_032489095.1	current	GCF_032489095.1	REFSEQ	current	current_refseq_preferred	Bradyrhizobium sp. SZCCHNR3013	3057393	SZCCHNR3013	Contig	7694948	63.5	51	765092	-0.519218	0.0	retain_candidate	primary_contiguity_candidate	synteny_candidate	pending	pending	
CANON_01029	GCF_032489115.1	GCA_032489115.1	paired		GCF_032489115.1	current	GCF_032489115.1	REFSEQ	current	current_refseq_preferred	Bradyrhizobium sp. SZCCHNR3008	3057390	SZCCHNR3008	Contig	7495859	63.5	84	383579	-0.67507	0.0	retain_candidate	primary_contiguity_candidate	synteny_candidate	pending	pending	
CANON_01030	GCF_032489135.1	GCA_032489135.1	paired		GCF_032489135.1	current	GCF_032489135.1	REFSEQ	current	current_refseq_preferred	Bradyrhizobium sp. SZCCHNR3003	3057387	SZCCHNR3003	Contig	7225479	66	42	338377	-0.88673	3.3725	retain_candidate	primary_contiguity_candidate	synteny_candidate	pending	pending	
CANON_01031	GCF_032489155.1	GCA_032489155.1	paired		GCF_032489155.1	current	GCF_032489155.1	REFSEQ	current	current_refseq_preferred	Bradyrhizobium sp. SZCCHNR2034	3057385	SZCCHNR2034	Contig	7438067	63.5	83	229571	-0.720311	0.0	retain_candidate	primary_contiguity_candidate	synteny_candidate	pending	pending	
CANON_01032	GCF_032489175.1	GCA_032489175.1	paired		GCF_032489175.1	current	GCF_032489175.1	REFSEQ	current	current_refseq_preferred	Bradyrhizobium sp. SZCCHNR2035	3057386	SZCCHNR2035	Contig	7315458	63.5	34	735086	-0.816292	0.0	retain_candidate	primary_contiguity_candidate	synteny_candidate	pending	pending	
CANON_01033	GCF_032489195.1	GCA_032489195.1	paired		GCF_032489195.1	current	GCF_032489195.1	REFSEQ	current	current_refseq_preferred	Bradyrhizobium sp. SZCCHNR2031	3057383	SZCCHNR2031	Contig	7356944	63.5	30	556200	-0.783816	0.0	retain_candidate	primary_contiguity_candidate	synteny_candidate	pending	pending	
CANON_01034	GCF_032489215.1	GCA_032489215.1	paired		GCF_032489215.1	current	GCF_032489215.1	REFSEQ	current	current_refseq_preferred	Bradyrhizobium sp. SZCCHNR2032	3057384	SZCCHNR2032	Contig	7326293	63.5	38	323801	-0.80781	0.0	retain_candidate	primary_contiguity_candidate	synteny_candidate	pending	pending	
CANON_01035	GCF_032489235.1	GCA_032489235.1	paired		GCF_032489235.1	current	GCF_032489235.1	REFSEQ	current	current_refseq_preferred	Bradyrhizobium sp. SZCCHNR2023	3057380	SZCCHNR2023	Contig	7380544	64	31	464385	-0.765341	0.6745	retain_candidate	primary_contiguity_candidate	synteny_candidate	pending	pending	
CANON_01036	GCF_032489255.1	GCA_032489255.1	paired		GCF_032489255.1	current	GCF_032489255.1	REFSEQ	current	current_refseq_preferred	Bradyrhizobium sp. SZCCHNR2026	3057381	SZCCHNR2026	Contig	7309283	63.5	37	622060	-0.821126	0.0	retain_candidate	primary_contiguity_candidate	synteny_candidate	pending	pending	
CANON_01037	GCF_032489275.1	GCA_032489275.1	paired		GCF_032489275.1	current	GCF_032489275.1	REFSEQ	current	current_refseq_preferred	Bradyrhizobium sp. SZCCHNR2020	3057379	SZCCHNR2020	Contig	7435630	63.5	81	272607	-0.722219	0.0	retain_candidate	primary_contiguity_candidate	synteny_candidate	pending	pending	
CANON_01038	GCF_032489295.1	GCA_032489295.1	paired		GCF_032489295.1	current	GCF_032489295.1	REFSEQ	current	current_refseq_preferred	Bradyrhizobium sp. SZCCHNR2017	3057378	SZCCHNR2017	Contig	7362771	63.5	36	452838	-0.779254	0.0	retain_candidate	primary_contiguity_candidate	synteny_candidate	pending	pending	
CANON_01039	GCF_032489315.1	GCA_032489315.1	paired		GCF_032489315.1	current	GCF_032489315.1	REFSEQ	current	current_refseq_preferred	Bradyrhizobium sp. SZCCHNR2003	3057374	SZCCHNR2003	Contig	7487496	63.5	63	373201	-0.681617	0.0	retain_candidate	primary_contiguity_candidate	synteny_candidate	pending	pending	
CANON_01040	GCF_032489335.1	GCA_032489335.1	paired		GCF_032489335.1	current	GCF_032489335.1	REFSEQ	current	current_refseq_preferred	Bradyrhizobium sp. SZCCHNR2002	3057373	SZCCHNR2002	Contig	7448738	63.5	64	448159	-0.711957	0.0	retain_candidate	primary_contiguity_candidate	synteny_candidate	pending	pending	
CANON_01041	GCF_032489355.1	GCA_032489355.1	paired		GCF_032489355.1	current	GCF_032489355.1	REFSEQ	current	current_refseq_preferred	Bradyrhizobium sp. SZCCHNR2001	3057372	SZCCHNR2001	Contig	7506708	63.5	68	373205	-0.666577	0.0	retain_candidate	primary_contiguity_candidate	synteny_candidate	pending	pending	
CANON_01042	GCF_032489375.1	GCA_032489375.1	paired		GCF_032489375.1	current	GCF_032489375.1	REFSEQ	current	current_refseq_preferred	Bradyrhizobium sp. SZCCHNR1098	3057370	SZCCHNR1098	Contig	7077066	65.5	30	384934	-1.002911	2.698	retain_candidate	primary_contiguity_candidate	synteny_candidate	pending	pending	
CANON_01043	GCF_032489395.1	GCA_032489395.1	paired		GCF_032489395.1	current	GCF_032489395.1	REFSEQ	current	current_refseq_preferred	Bradyrhizobium sp. SZCCHNR1099	3057371	SZCCHNR1099	Contig	7470555	65.5	43	408667	-0.694878	2.698	retain_candidate	primary_contiguity_candidate	synteny_candidate	pending	pending	
CANON_01044	GCF_032489415.1	GCA_032489415.1	paired		GCF_032489415.1	current	GCF_032489415.1	REFSEQ	current	current_refseq_preferred	Bradyrhizobium sp. SZCCHNR1097	3057369	SZCCHNR1097	Contig	7467416	65.5	35	381594	-0.697336	2.698	retain_candidate	primary_contiguity_candidate	synteny_candidate	pending	pending	
CANON_01045	GCF_032489435.1	GCA_032489435.1	paired		GCF_032489435.1	current	GCF_032489435.1	REFSEQ	current	current_refseq_preferred	Bradyrhizobium sp. SZCCHNR1092	3057367	SZCCHNR1092	Contig	7487774	63.5	61	373205	-0.681399	0.0	retain_candidate	primary_contiguity_candidate	synteny_candidate	pending	pending	
CANON_01046	GCF_032489455.1	GCA_032489455.1	paired		GCF_032489455.1	current	GCF_032489455.1	REFSEQ	current	current_refseq_preferred	Bradyrhizobium sp. SZCCHNR1091	3057366	SZCCHNR1091	Contig	7490194	63.5	62	394547	-0.679505	0.0	retain_candidate	primary_contiguity_candidate	synteny_candidate	pending	pending	
CANON_01047	GCF_032489475.1	GCA_032489475.1	paired		GCF_032489475.1	current	GCF_032489475.1	REFSEQ	current	current_refseq_preferred	Bradyrhizobium sp. SZCCHNR1082	3057363	SZCCHNR1082	Contig	7800403	63.5	65	283925	-0.436666	0.0	retain_candidate	primary_contiguity_candidate	synteny_candidate	pending	pending	
CANON_01048	GCF_032489495.1	GCA_032489495.1	paired		GCF_032489495.1	current	GCF_032489495.1	REFSEQ	current	current_refseq_preferred	Bradyrhizobium sp. SZCCHNR1085	3057365	SZCCHNR1085	Contig	7842328	63.5	67	273757	-0.403846	0.0	retain_candidate	primary_contiguity_candidate	synteny_candidate	pending	pending	
CANON_01049	GCF_032489515.1	GCA_032489515.1	paired		GCF_032489515.1	current	GCF_032489515.1	REFSEQ	current	current_refseq_preferred	Bradyrhizobium sp. SZCCHNR1070	3057361	SZCCHNR1070	Contig	7263320	63.5	38	347166	-0.857107	0.0	retain_candidate	primary_contiguity_candidate	synteny_candidate	pending	pending	
CANON_01050	GCF_032489535.1	GCA_032489535.1	paired		GCF_032489535.1	current	GCF_032489535.1	REFSEQ	current	current_refseq_preferred	Bradyrhizobium sp. SZCCHNR1066	3057360	SZCCHNR1066	Contig	7868289	65	42	423962	-0.383523	2.0235	retain_candidate	primary_contiguity_candidate	synteny_candidate	pending	pending	
CANON_01051	GCF_032489555.1	GCA_032489555.1	paired		GCF_032489555.1	current	GCF_032489555.1	REFSEQ	current	current_refseq_preferred	Bradyrhizobium sp. SZCCHNR1065	3057359	SZCCHNR1065	Contig	7446515	63.5	63	448182	-0.713698	0.0	retain_candidate	primary_contiguity_candidate	synteny_candidate	pending	pending	
CANON_01052	GCF_032489575.1	GCA_032489575.1	paired		GCF_032489575.1	current	GCF_032489575.1	REFSEQ	current	current_refseq_preferred	Bradyrhizobium sp. SZCCHNR1058	3057357	SZCCHNR1058	Contig	7567366	65.5	47	459242	-0.619092	2.698	retain_candidate	primary_contiguity_candidate	synteny_candidate	pending	pending	
CANON_01053	GCF_032489595.1	GCA_032489595.1	paired		GCF_032489595.1	current	GCF_032489595.1	REFSEQ	current	current_refseq_preferred	Bradyrhizobium sp. SZCCHNR1064	3057358	SZCCHNR1064	Contig	7911435	65	45	399865	-0.349747	2.0235	retain_candidate	primary_contiguity_candidate	synteny_candidate	pending	pending	
CANON_01054	GCF_032489615.1	GCA_032489615.1	paired		GCF_032489615.1	current	GCF_032489615.1	REFSEQ	current	current_refseq_preferred	Bradyrhizobium sp. SZCCHNR1051	3057355	SZCCHNR1051	Contig	7384475	65	63	232160	-0.762264	2.0235	retain_candidate	primary_contiguity_candidate	synteny_candidate	pending	pending	
CANON_01055	GCF_032489635.1	GCA_032489635.1	paired		GCF_032489635.1	current	GCF_032489635.1	REFSEQ	current	current_refseq_preferred	Bradyrhizobium sp. SZCCHNR1047	3057354	SZCCHNR1047	Contig	6989840	65.5	35	439017	-1.071194	2.698	retain_candidate	primary_contiguity_candidate	synteny_candidate	pending	pending	
CANON_01056	GCF_032489655.1	GCA_032489655.1	paired		GCF_032489655.1	current	GCF_032489655.1	REFSEQ	current	current_refseq_preferred	Bradyrhizobium sp. SZCCHNR1045	3057353	SZCCHNR1045	Contig	7435028	63.5	25	658411	-0.72269	0.0	retain_candidate	primary_contiguity_candidate	synteny_candidate	pending	pending	
CANON_01057	GCF_032489675.1	GCA_032489675.1	paired		GCF_032489675.1	current	GCF_032489675.1	REFSEQ	current	current_refseq_preferred	Bradyrhizobium sp. SZCCHNR1043	3057351	SZCCHNR1043	Contig	7243015	65.5	36	357128	-0.873002	2.698	retain_candidate	primary_contiguity_candidate	synteny_candidate	pending	pending	
CANON_01058	GCF_032489695.1	GCA_032489695.1	paired		GCF_032489695.1	current	GCF_032489695.1	REFSEQ	current	current_refseq_preferred	Bradyrhizobium sp. SZCCHNR1044	3057352	SZCCHNR1044	Contig	7492209	63.5	61	373205	-0.677927	0.0	retain_candidate	primary_contiguity_candidate	synteny_candidate	pending	pending	
CANON_01059	GCF_032489715.1	GCA_032489715.1	paired		GCF_032489715.1	current	GCF_032489715.1	REFSEQ	current	current_refseq_preferred	Bradyrhizobium sp. SZCCHNR1039	3057350	SZCCHNR1039	Contig	7436595	63.5	56	349216	-0.721463	0.0	retain_candidate	primary_contiguity_candidate	synteny_candidate	pending	pending	
CANON_01060	GCF_032489735.1	GCA_032489735.1	paired		GCF_032489735.1	current	GCF_032489735.1	REFSEQ	current	current_refseq_preferred	Bradyrhizobium sp. SZCCHNR1030	3057348	SZCCHNR1030	Contig	7867358	65	44	399865	-0.384252	2.0235	retain_candidate	primary_contiguity_candidate	synteny_candidate	pending	pending	
CANON_01061	GCF_032489755.1	GCA_032489755.1	paired		GCF_032489755.1	current	GCF_032489755.1	REFSEQ	current	current_refseq_preferred	Bradyrhizobium sp. SZCCHNR1025	3057347	SZCCHNR1025	Contig	7490184	63.5	62	373205	-0.679512	0.0	retain_candidate	primary_contiguity_candidate	synteny_candidate	pending	pending	
CANON_01062	GCF_032489775.1	GCA_032489775.1	paired		GCF_032489775.1	current	GCF_032489775.1	REFSEQ	current	current_refseq_preferred	Bradyrhizobium sp. SZCCHNR1023	3057346	SZCCHNR1023	Contig	7567125	65.5	41	462825	-0.619281	2.698	retain_candidate	primary_contiguity_candidate	synteny_candidate	pending	pending	
CANON_01063	GCF_032489795.1	GCA_032489795.1	paired		GCF_032489795.1	current	GCF_032489795.1	REFSEQ	current	current_refseq_preferred	Bradyrhizobium sp. SZCCHNR1022	3057345	SZCCHNR1022	Contig	7867902	65	53	399865	-0.383826	2.0235	retain_candidate	primary_contiguity_candidate	synteny_candidate	pending	pending	
CANON_01064	GCF_032489815.1	GCA_032489815.1	paired		GCF_032489815.1	current	GCF_032489815.1	REFSEQ	current	current_refseq_preferred	Bradyrhizobium sp. SZCCHNR1021	3057344	SZCCHNR1021	Contig	7467476	63.5	66	448182	-0.697289	0.0	retain_candidate	primary_contiguity_candidate	synteny_candidate	pending	pending	
CANON_01065	GCF_032489835.1	GCA_032489835.1	paired		GCF_032489835.1	current	GCF_032489835.1	REFSEQ	current	current_refseq_preferred	Bradyrhizobium sp. SZCCHNR1016	3057339	SZCCHNR1016	Contig	7489155	63.5	59	373205	-0.680318	0.0	retain_candidate	primary_contiguity_candidate	synteny_candidate	pending	pending	
CANON_01066	GCF_032489855.1	GCA_032489855.1	paired		GCF_032489855.1	current	GCF_032489855.1	REFSEQ	current	current_refseq_preferred	Bradyrhizobium sp. SZCCHNR1020	3057343	SZCCHNR1020	Contig	7358412	63.5	30	528364	-0.782667	0.0	retain_candidate	primary_contiguity_candidate	synteny_candidate	pending	pending	
CANON_01067	GCF_032489875.1	GCA_032489875.1	paired		GCF_032489875.1	current	GCF_032489875.1	REFSEQ	current	current_refseq_preferred	Bradyrhizobium sp. SZCCHNR1015	3057338	SZCCHNR1015	Contig	7369346	65.5	39	335218	-0.774107	2.698	retain_candidate	primary_contiguity_candidate	synteny_candidate	pending	pending	
CANON_01068	GCF_032489895.1	GCA_032489895.1	paired		GCF_032489895.1	current	GCF_032489895.1	REFSEQ	current	current_refseq_preferred	Bradyrhizobium sp. SZCCHNR1011	3057337	SZCCHNR1011	Contig	7567844	65.5	45	467757	-0.618718	2.698	retain_candidate	primary_contiguity_candidate	synteny_candidate	pending	pending	
CANON_01069	GCF_032489915.1	GCA_032489915.1	paired		GCF_032489915.1	current	GCF_032489915.1	REFSEQ	current	current_refseq_preferred	Bradyrhizobium sp. SZCCHNR1007	3057336	SZCCHNR1007	Contig	7466731	65.5	33	546559	-0.697872	2.698	retain_candidate	primary_contiguity_candidate	synteny_candidate	pending	pending	
CANON_01070	GCF_032489935.1	GCA_032489935.1	paired		GCF_032489935.1	current	GCF_032489935.1	REFSEQ	current	current_refseq_preferred	Bradyrhizobium sp. SZCCHNPS2010	3057333	SZCCHNPS2010	Contig	7757242	63.5	64	356674	-0.470453	0.0	retain_candidate	primary_contiguity_candidate	synteny_candidate	pending	pending	
CANON_01071	GCF_032489955.1	GCA_032489955.1	paired		GCF_032489955.1	current	GCF_032489955.1	REFSEQ	current	current_refseq_preferred	Bradyrhizobium sp. SZCCHNR1004	3057335	SZCCHNR1004	Contig	7357269	63.5	45	560947	-0.783561	0.0	retain_candidate	primary_contiguity_candidate	synteny_candidate	pending	pending	
CANON_01072	GCF_032489975.1	GCA_032489975.1	paired		GCF_032489975.1	current	GCF_032489975.1	REFSEQ	current	current_refseq_preferred	Bradyrhizobium sp. SZCCHNPS10061	3057331	SZCCHNPS10061	Contig	7339395	63.5	34	493216	-0.797554	0.0	retain_candidate	primary_contiguity_candidate	synteny_candidate	pending	pending	
CANON_01073	GCF_032489995.1	GCA_032489995.1	paired		GCF_032489995.1	current	GCF_032489995.1	REFSEQ	current	current_refseq_preferred	Bradyrhizobium sp. SZCCHNGR1005	3057271	SZCCHNGR1005	Contig	7275646	63.5	29	1170637	-0.847458	0.0	retain_candidate	primary_contiguity_candidate	synteny_candidate	pending	pending	
CANON_01074	GCF_032563275.1	GCA_032563275.1	paired		GCF_032563275.1	current	GCF_032563275.1	REFSEQ	current	current_refseq_preferred	Bradyrhizobium sp.	376		Contig	8454551	64.5	194	84251	0.075417	1.349	retain_candidate	primary_contiguity_candidate	synteny_candidate	pending	pending	
CANON_01075	GCF_032563695.1	GCA_032563695.1	paired		GCF_032563695.1	current	GCF_032563695.1	REFSEQ	current	current_refseq_preferred	Bradyrhizobium sp.	376		Contig	7989833	64.5	1728	6260	-0.288375	1.349	retain_candidate	secondary_fragmented	presence_absence_only	pending	pending	pangenome_fragmented;synteny_fragmented
CANON_01076	GCF_032564235.1	GCA_032564235.1	paired		GCF_032564235.1	current	GCF_032564235.1	REFSEQ	current	current_refseq_preferred	Bradyrhizobium sp.	376		Contig	8455806	64.5	126	146431	0.0764	1.349	retain_candidate	primary_contiguity_candidate	synteny_candidate	pending	pending	
CANON_01077		GCA_032564835.1	unpaired		GCA_032564835.1	current	GCA_032564835.1	GENBANK	current	current_genbank_singleton	Bradyrhizobium sp.	376		Contig	6365717	64.5	2847	2472	-1.559772	1.349	retain_candidate	secondary_fragmented	presence_absence_only	pending	pending	pangenome_fragmented;synteny_fragmented
CANON_01078	GCF_032565015.1	GCA_032565015.1	paired		GCF_032565015.1	current	GCF_032565015.1	REFSEQ	current	current_refseq_preferred	Bradyrhizobium sp.	376		Contig	8365171	64.5	462	29041	0.005448	1.349	retain_candidate	primary_contiguity_candidate	presence_absence_only	pending	pending	synteny_fragmented
CANON_01079		GCA_032565655.1	unpaired		GCA_032565655.1	current	GCA_032565655.1	GENBANK	current	current_genbank_singleton	Bradyrhizobium sp.	376		Contig	4994052	64	2660	1967	-2.633545	0.6745	retain_candidate	secondary_fragmented	presence_absence_only	pending	pending	pangenome_fragmented;synteny_fragmented
CANON_01080		GCA_032565875.1	unpaired		GCA_032565875.1	current	GCA_032565875.1	GENBANK	current	current_genbank_singleton	Bradyrhizobium sp.	376		Contig	8540099	64.5	152	146431	0.142386	1.349	retain_candidate	primary_contiguity_candidate	synteny_candidate	pending	pending	
CANON_01081	GCF_032566575.1	GCA_032566575.1	paired		GCF_032566575.1	current	GCF_032566575.1	REFSEQ	current	current_refseq_preferred	Bradyrhizobium sp.	376		Contig	8493093	64.5	143	146431	0.105589	1.349	retain_candidate	primary_contiguity_candidate	synteny_candidate	pending	pending	
CANON_01082	GCF_032567255.1	GCA_032567255.1	paired		GCF_032567255.1	current	GCF_032567255.1	REFSEQ	current	current_refseq_preferred	Bradyrhizobium sp.	376		Contig	8096108	64.5	1585	7163	-0.205181	1.349	retain_candidate	secondary_fragmented	presence_absence_only	pending	pending	pangenome_fragmented;synteny_fragmented
CANON_01083		GCA_032568155.1	unpaired		GCA_032568155.1	current	GCA_032568155.1	GENBANK	current	current_genbank_singleton	Bradyrhizobium sp.	376		Contig	6684312	64.5	1947	4280	-1.310368	1.349	retain_candidate	secondary_fragmented	presence_absence_only	pending	pending	pangenome_fragmented;synteny_fragmented
CANON_01084		GCA_032568475.1	unpaired		GCA_032568475.1	current	GCA_032568475.1	GENBANK	current	current_genbank_singleton	Bradyrhizobium sp.	376		Contig	8494171	64.5	141	146845	0.106433	1.349	retain_candidate	primary_contiguity_candidate	synteny_candidate	pending	pending	
CANON_01085	GCF_032568985.1	GCA_032568985.1	paired		GCF_032568985.1	current	GCF_032568985.1	REFSEQ	current	current_refseq_preferred	Bradyrhizobium sp.	376		Contig	8479121	64.5	139	140246	0.094651	1.349	retain_candidate	primary_contiguity_candidate	synteny_candidate	pending	pending	
CANON_01086		GCA_032569235.1	unpaired		GCA_032569235.1	current	GCA_032569235.1	GENBANK	current	current_genbank_singleton	Bradyrhizobium sp.	376		Contig	5892528	64.5	2840	2225	-1.930196	1.349	retain_candidate	secondary_fragmented	presence_absence_only	pending	pending	pangenome_fragmented;synteny_fragmented
CANON_01087		GCA_032570165.1	unpaired		GCA_032570165.1	current	GCA_032570165.1	GENBANK	current	current_genbank_singleton	Bradyrhizobium sp.	376		Contig	4070348	64.5	2368	1751	-3.356642	1.349	retain_candidate	secondary_fragmented	presence_absence_only	pending	pending	pangenome_fragmented;synteny_fragmented
CANON_01088	GCF_032570695.1	GCA_032570695.1	paired		GCF_032570695.1	current	GCF_032570695.1	REFSEQ	current	current_refseq_preferred	Bradyrhizobium sp.	376		Contig	8453934	64.5	282	54383	0.074934	1.349	retain_candidate	primary_contiguity_candidate	presence_absence_only	pending	pending	synteny_fragmented
CANON_01089		GCA_032571055.1	unpaired		GCA_032571055.1	current	GCA_032571055.1	GENBANK	current	current_genbank_singleton	Bradyrhizobium sp.	376		Contig	7641302	64.5	2153	4558	-0.561214	1.349	retain_candidate	secondary_fragmented	presence_absence_only	pending	pending	pangenome_fragmented;synteny_fragmented
CANON_01090	GCF_032654765.1	GCA_032654765.1	paired		GCF_032654765.1	current	GCF_032654765.1	REFSEQ	current	current_refseq_preferred	Bradyrhizobium sp. 33ap4	3061630	33ap4	Scaffold	9365598	63.5	309	109374	0.788607	0.0	retain_candidate	primary_contiguity_candidate	presence_absence_only	pending	pending	synteny_fragmented
CANON_01091	GCF_032917945.1	GCA_032917945.1	paired		GCF_032917945.1	current	GCF_032917945.1	REFSEQ	current	current_refseq_preferred	Bradyrhizobium sp. sBnM-33	2831780	sBnM-33	Complete Genome	9184954	61.5	1	9184954	0.647194	-2.698	retain_candidate	primary_contiguity_candidate	synteny_candidate	pending	pending	
CANON_01092	GCF_032917965.1	GCA_032917965.1	paired		GCF_032917965.1	current	GCF_032917965.1	REFSEQ	current	current_refseq_preferred	Bradyrhizobium sp. BWC-3-1	3080012	BWC-3-1	Complete Genome	8767305	63	1	8767305	0.320249	-0.6745	retain_candidate	primary_contiguity_candidate	synteny_candidate	pending	pending	
CANON_01093	GCF_032917985.1	GCA_032917985.1	paired		GCF_032917985.1	current	GCF_032917985.1	REFSEQ	current	current_refseq_preferred	Bradyrhizobium sp. BWA-3-5	3080013	BWA-3-5	Complete Genome	8041125	62.5	2	7897608	-0.248223	-1.349	retain_candidate	primary_contiguity_candidate	synteny_candidate	pending	pending	
CANON_01094	GCF_032918005.1	GCA_032918005.1	paired		GCF_032918005.1	current	GCF_032918005.1	REFSEQ	current	current_refseq_preferred	Bradyrhizobium sp. NDS-1	3080014	NDS-1	Complete Genome	7645890	64	1	7645890	-0.557622	0.6745	retain_candidate	primary_contiguity_candidate	synteny_candidate	pending	pending	
CANON_01095	GCF_032918025.1	GCA_032918025.1	paired		GCF_032918025.1	current	GCF_032918025.1	REFSEQ	current	current_refseq_preferred	Bradyrhizobium sp. BEA-2-5	3080015	BEA-2-5	Complete Genome	8406336	64	1	8406336	0.037673	0.6745	retain_candidate	primary_contiguity_candidate	synteny_candidate	pending	pending	
CANON_01096	GCF_033795385.1	GCA_033795385.1	paired		GCF_033795385.1	current	GCF_033795385.1	REFSEQ	current	current_refseq_preferred	Bradyrhizobium sp.	376		Contig	8021925	64	45	238621	-0.263253	0.6745	retain_candidate	primary_contiguity_candidate	synteny_candidate	pending	pending	
CANON_01097	GCF_034562915.1	GCA_034562915.1	paired		GCF_034562915.1	current	GCF_034562915.1	REFSEQ	current	current_refseq_preferred	Bradyrhizobium ottawaense	931866	MIAE01942_C633	Complete Genome	8449398	64	1	8449398	0.071383	0.6745	retain_candidate	primary_contiguity_candidate	synteny_candidate	pending	pending	
CANON_01098		GCA_034669205.1	unpaired		GCA_034669205.1	current	GCA_034669205.1	GENBANK	current	current_genbank_singleton	Bradyrhizobium sp.	376		Contig	2935194	63.5	556	5667	-4.245268	0.0	manual_review	secondary_fragmented	presence_absence_only	pending	pending	genome_size_outlier;pangenome_fragmented;synteny_fragmented
CANON_01099		GCA_034669225.1	unpaired		GCA_034669225.1	current	GCA_034669225.1	GENBANK	current	current_genbank_singleton	Bradyrhizobium sp.	376		Contig	4464788	63.5	756	6728	-3.047865	0.0	retain_candidate	secondary_fragmented	presence_absence_only	pending	pending	pangenome_fragmented;synteny_fragmented
CANON_01100		GCA_034669245.1	unpaired		GCA_034669245.1	current	GCA_034669245.1	GENBANK	current	current_genbank_singleton	Bradyrhizobium sp.	376		Contig	5582828	62.5	590	12673	-2.172637	-1.349	retain_candidate	secondary_fragmented	presence_absence_only	pending	pending	pangenome_fragmented;synteny_fragmented
CANON_01101		GCA_034669265.1	unpaired		GCA_034669265.1	current	GCA_034669265.1	GENBANK	current	current_genbank_singleton	Bradyrhizobium sp.	376		Contig	4813253	63	739	7601	-2.775078	-0.6745	retain_candidate	secondary_fragmented	presence_absence_only	pending	pending	pangenome_fragmented;synteny_fragmented
CANON_01102		GCA_034669285.1	unpaired		GCA_034669285.1	current	GCA_034669285.1	GENBANK	current	current_genbank_singleton	Bradyrhizobium sp.	376		Contig	3307291	63	557	6539	-3.953982	-0.6745	manual_review	secondary_fragmented	presence_absence_only	pending	pending	genome_size_outlier;pangenome_fragmented;synteny_fragmented
CANON_01103		GCA_034669305.1	unpaired		GCA_034669305.1	current	GCA_034669305.1	GENBANK	current	current_genbank_singleton	Bradyrhizobium sp.	376		Contig	4472573	61	588	9419	-3.041771	-3.3725	retain_candidate	secondary_fragmented	presence_absence_only	pending	pending	pangenome_fragmented;synteny_fragmented
CANON_01104		GCA_034669345.1	unpaired		GCA_034669345.1	current	GCA_034669345.1	GENBANK	current	current_genbank_singleton	Bradyrhizobium sp.	376		Contig	2875210	64.5	223	22903	-4.292225	1.349	manual_review	primary_contiguity_candidate	presence_absence_only	pending	pending	genome_size_outlier;synteny_fragmented
CANON_01105		GCA_034669365.1	unpaired		GCA_034669365.1	current	GCA_034669365.1	GENBANK	current	current_genbank_singleton	Bradyrhizobium sp.	376		Contig	3312913	63	181	29333	-3.949581	-0.6745	manual_review	primary_contiguity_candidate	presence_absence_only	pending	pending	genome_size_outlier;synteny_fragmented
CANON_01106		GCA_034669385.1	unpaired		GCA_034669385.1	current	GCA_034669385.1	GENBANK	current	current_genbank_singleton	Bradyrhizobium sp.	376		Contig	3788051	62	693	5958	-3.577631	-2.0235	manual_review	secondary_fragmented	presence_absence_only	pending	pending	genome_size_outlier;pangenome_fragmented;synteny_fragmented
CANON_01107		GCA_034669405.1	unpaired		GCA_034669405.1	current	GCA_034669405.1	GENBANK	current	current_genbank_singleton	Bradyrhizobium sp.	376		Contig	10886209	62	1866	6796	1.978978	-2.0235	retain_candidate	secondary_fragmented	presence_absence_only	pending	pending	pangenome_fragmented;synteny_fragmented
CANON_01108		GCA_034669425.1	unpaired		GCA_034669425.1	current	GCA_034669425.1	GENBANK	current	current_genbank_singleton	Bradyrhizobium sp.	376		Contig	2297750	62	538	4320	-4.744275	-2.0235	manual_review	secondary_fragmented	presence_absence_only	pending	pending	genome_size_outlier;pangenome_fragmented;synteny_fragmented
CANON_01109		GCA_034669445.1	unpaired		GCA_034669445.1	current	GCA_034669445.1	GENBANK	current	current_genbank_singleton	Bradyrhizobium sp.	376		Contig	4996750	62.5	816	6954	-2.631433	-1.349	retain_candidate	secondary_fragmented	presence_absence_only	pending	pending	pangenome_fragmented;synteny_fragmented
CANON_01110		GCA_034669465.1	unpaired		GCA_034669465.1	current	GCA_034669465.1	GENBANK	current	current_genbank_singleton	Bradyrhizobium sp.	376		Contig	4892775	63	722	8418	-2.712827	-0.6745	retain_candidate	secondary_fragmented	presence_absence_only	pending	pending	pangenome_fragmented;synteny_fragmented
CANON_01111	GCF_035091585.1	GCA_035091585.1	paired		GCF_035091585.1	current	GCF_035091585.1	REFSEQ	current	current_refseq_preferred	Bradyrhizobium japonicum	375	CNPSo 38	Contig	10367856	63.5	4	9897409	1.573198	0.0	retain_candidate	primary_contiguity_candidate	synteny_candidate	pending	pending	
CANON_01112	GCF_035210515.1	GCA_035210515.1	paired		GCF_035210515.1	current	GCF_035210515.1	REFSEQ	current	current_refseq_preferred	Bradyrhizobium japonicum	375	CNPSo 17	Complete Genome	9609914	63.5	1	9609914	0.979863	0.0	retain_candidate	primary_contiguity_candidate	synteny_candidate	pending	pending	
CANON_01113	GCF_035211335.1	GCA_035211335.1	paired		GCF_035211335.1	current	GCF_035211335.1	REFSEQ	current	current_refseq_preferred	Bradyrhizobium diazoefficiens	1355477	CNPSo 106	Complete Genome	9120098	64	1	9120098	0.596423	0.6745	retain_candidate	primary_contiguity_candidate	synteny_candidate	pending	pending	
CANON_01114	GCF_035211935.1	GCA_035211935.1	paired		GCF_035211935.1	current	GCF_035211935.1	REFSEQ	current	current_refseq_preferred	Bradyrhizobium japonicum	375	CNPSo 23	Complete Genome	9586320	63.5	1	9586320	0.961393	0.0	retain_candidate	primary_contiguity_candidate	synteny_candidate	pending	pending	
CANON_01115	GCF_035213235.1	GCA_035213235.1	paired		GCF_035213235.1	current	GCF_035213235.1	REFSEQ	current	current_refseq_preferred	Bradyrhizobium japonicum	375	CNPSo 34	Complete Genome	10357443	63.5	3	9904072	1.565047	0.0	retain_candidate	primary_contiguity_candidate	synteny_candidate	pending	pending	
CANON_01116	GCF_035213875.1	GCA_035213875.1	paired		GCF_035213875.1	current	GCF_035213875.1	REFSEQ	current	current_refseq_preferred	Bradyrhizobium diazoefficiens	1355477	CNPSo 104	Complete Genome	9140039	64	1	9140039	0.612034	0.6745	retain_candidate	primary_contiguity_candidate	synteny_candidate	pending	pending	
CANON_01117	GCF_035214775.1	GCA_035214775.1	paired		GCF_035214775.1	current	GCF_035214775.1	REFSEQ	current	current_refseq_preferred	Bradyrhizobium diazoefficiens	1355477	CNPSo 108	Complete Genome	9138003	64	1	9138003	0.61044	0.6745	retain_candidate	primary_contiguity_candidate	synteny_candidate	pending	pending	
CANON_01118	GCF_035215755.1	GCA_035215755.1	paired		GCF_035215755.1	current	GCF_035215755.1	REFSEQ	current	current_refseq_preferred	Bradyrhizobium diazoefficiens	1355477	CNPSo 107	Complete Genome	9138100	64	1	9138100	0.610516	0.6745	retain_candidate	primary_contiguity_candidate	synteny_candidate	pending	pending	
CANON_01119	GCF_035217035.1	GCA_035217035.1	paired		GCF_035217035.1	current	GCF_035217035.1	REFSEQ	current	current_refseq_preferred	Bradyrhizobium diazoefficiens	1355477	CNPSo 10	Complete Genome	9140459	64	1	9140459	0.612363	0.6745	retain_candidate	primary_contiguity_candidate	synteny_candidate	pending	pending	
CANON_01120	GCF_035218095.1	GCA_035218095.1	paired		GCF_035218095.1	current	GCF_035218095.1	REFSEQ	current	current_refseq_preferred	Bradyrhizobium diazoefficiens	1355477	CNPSo 105	Complete Genome	9140270	64	1	9140270	0.612215	0.6745	retain_candidate	primary_contiguity_candidate	synteny_candidate	pending	pending	
CANON_01121	GCF_035218935.1	GCA_035218935.1	paired		GCF_035218935.1	current	GCF_035218935.1	REFSEQ	current	current_refseq_preferred	Bradyrhizobium diazoefficiens	1355477	CNPSo 109	Complete Genome	9138085	64	1	9138085	0.610504	0.6745	retain_candidate	primary_contiguity_candidate	synteny_candidate	pending	pending	
CANON_01122	GCF_035219715.1	GCA_035219715.1	paired		GCF_035219715.1	current	GCF_035219715.1	REFSEQ	current	current_refseq_preferred	Bradyrhizobium diazoefficiens	1355477	CPAC 7	Complete Genome	9138870	64	1	9138870	0.611119	0.6745	retain_candidate	primary_contiguity_candidate	synteny_candidate	pending	pending	
CANON_01123	GCF_035227705.1	GCA_035227705.1	paired		GCF_035227705.1	current	GCF_035227705.1	REFSEQ	current	current_refseq_preferred	Bradyrhizobium japonicum	375	CNPSo 24	Complete Genome	9584431	63.5	1	9584431	0.959915	0.0	retain_candidate	primary_contiguity_candidate	synteny_candidate	pending	pending	
CANON_01124	GCF_035228805.1	GCA_035228805.1	paired		GCF_035228805.1	current	GCF_035228805.1	REFSEQ	current	current_refseq_preferred	Bradyrhizobium japonicum	375	CNPSo 29	Complete Genome	10284125	63.5	3	9833862	1.507652	0.0	retain_candidate	primary_contiguity_candidate	synteny_candidate	pending	pending	
CANON_01125	GCF_035229585.1	GCA_035229585.1	paired		GCF_035229585.1	current	GCF_035229585.1	REFSEQ	current	current_refseq_preferred	Bradyrhizobium japonicum	375	CNPSo 31	Complete Genome	10280370	63.5	3	9819966	1.504712	0.0	retain_candidate	primary_contiguity_candidate	synteny_candidate	pending	pending	
CANON_01126	GCF_035230525.1	GCA_035230525.1	paired		GCF_035230525.1	current	GCF_035230525.1	REFSEQ	current	current_refseq_preferred	Bradyrhizobium diazoefficiens	1355477	CNPSo 110	Complete Genome	9138906	64	1	9138906	0.611147	0.6745	retain_candidate	primary_contiguity_candidate	synteny_candidate	pending	pending	
CANON_01127	GCF_035237585.1	GCA_035237585.1	paired		GCF_035237585.1	current	GCF_035237585.1	REFSEQ	current	current_refseq_preferred	Bradyrhizobium japonicum	375	CNPSo 22	Chromosome	10295485	63.5	3	9834985	1.516545	0.0	retain_candidate	primary_contiguity_candidate	synteny_candidate	pending	pending	
CANON_01128		GCA_035258325.1	unpaired		GCA_035258325.1	current	GCA_035258325.1	GENBANK	current	current_genbank_singleton	Bradyrhizobium sp.	376		Contig	3067061	64	1190	2582	-4.14204	0.6745	manual_review	secondary_fragmented	presence_absence_only	pending	pending	genome_size_outlier;pangenome_fragmented;synteny_fragmented
CANON_01129		GCA_035264965.1	unpaired		GCA_035264965.1	current	GCA_035264965.1	GENBANK	current	current_genbank_singleton	Bradyrhizobium sp.	376		Contig	4124227	61	1113	4194	-3.314465	-3.3725	retain_candidate	secondary_fragmented	presence_absence_only	pending	pending	pangenome_fragmented;synteny_fragmented
CANON_01130	GCF_035273305.1	GCA_035273305.1	paired		GCF_035273305.1	current	GCF_035273305.1	REFSEQ	current	current_refseq_preferred	Bradyrhizobium sp.	376		Contig	4519249	60	343	20524	-3.005232	-4.7215	manual_review	primary_contiguity_candidate	presence_absence_only	pending	pending	gc_percent_outlier;synteny_fragmented
CANON_01131		GCA_035277285.1	unpaired		GCA_035277285.1	current	GCA_035277285.1	GENBANK	current	current_genbank_singleton	Bradyrhizobium sp.	376		Contig	3714627	63.5	153	40854	-3.635109	0.0	manual_review	primary_contiguity_candidate	presence_absence_only	pending	pending	genome_size_outlier;synteny_fragmented
CANON_01132		GCA_035278345.1	unpaired		GCA_035278345.1	current	GCA_035278345.1	GENBANK	current	current_genbank_singleton	Bradyrhizobium sp.	376		Contig	4991648	64	713	9045	-2.635427	0.6745	retain_candidate	secondary_fragmented	presence_absence_only	pending	pending	pangenome_fragmented;synteny_fragmented
CANON_01133		GCA_035293585.1	unpaired		GCA_035293585.1	current	GCA_035293585.1	GENBANK	current	current_genbank_singleton	Bradyrhizobium sp.	376		Contig	6688938	64.5	89	134961	-1.306747	1.349	retain_candidate	primary_contiguity_candidate	synteny_candidate	pending	pending	
CANON_01134		GCA_035295025.1	unpaired		GCA_035295025.1	current	GCA_035295025.1	GENBANK	current	current_genbank_singleton	Bradyrhizobium sp.	376		Contig	3795185	60.5	393	13083	-3.572047	-4.047	manual_review	secondary_fragmented	presence_absence_only	pending	pending	gc_percent_outlier;genome_size_outlier;pangenome_fragmented;synteny_fragmented
CANON_01135		GCA_035308285.1	unpaired		GCA_035308285.1	current	GCA_035308285.1	GENBANK	current	current_genbank_singleton	Bradyrhizobium sp.	376		Contig	5113184	62	271	30648	-2.540285	-2.0235	retain_candidate	primary_contiguity_candidate	presence_absence_only	pending	pending	synteny_fragmented
CANON_01136	GCF_035309285.1	GCA_035309285.1	paired		GCF_035309285.1	current	GCF_035309285.1	REFSEQ	current	current_refseq_preferred	Bradyrhizobium sp.	376		Contig	6875659	63	179	71623	-1.160577	-0.6745	retain_candidate	primary_contiguity_candidate	synteny_candidate	pending	pending	
CANON_01137		GCA_035317645.1	unpaired		GCA_035317645.1	current	GCA_035317645.1	GENBANK	current	current_genbank_singleton	Bradyrhizobium sp.	376		Contig	3963648	62	1221	3246	-3.44017	-2.0235	retain_candidate	secondary_fragmented	presence_absence_only	pending	pending	pangenome_fragmented;synteny_fragmented
CANON_01138		GCA_035317665.1	unpaired		GCA_035317665.1	current	GCA_035317665.1	GENBANK	current	current_genbank_singleton	Bradyrhizobium sp.	376		Contig	5322106	61.5	1819	2848	-2.376736	-2.698	retain_candidate	secondary_fragmented	presence_absence_only	pending	pending	pangenome_fragmented;synteny_fragmented
CANON_01139		GCA_035317685.1	unpaired		GCA_035317685.1	current	GCA_035317685.1	GENBANK	current	current_genbank_singleton	Bradyrhizobium sp.	376		Contig	4388900	62	1423	3047	-3.107272	-2.0235	retain_candidate	secondary_fragmented	presence_absence_only	pending	pending	pangenome_fragmented;synteny_fragmented
CANON_01140		GCA_035317745.1	unpaired		GCA_035317745.1	current	GCA_035317745.1	GENBANK	current	current_genbank_singleton	Bradyrhizobium sp.	376		Contig	3882153	62	1266	2988	-3.503966	-2.0235	manual_review	secondary_fragmented	presence_absence_only	pending	pending	genome_size_outlier;pangenome_fragmented;synteny_fragmented
CANON_01141		GCA_035317835.1	unpaired		GCA_035317835.1	current	GCA_035317835.1	GENBANK	current	current_genbank_singleton	Bradyrhizobium sp.	376		Contig	2907832	62.5	1008	2820	-4.266688	-1.349	manual_review	secondary_fragmented	presence_absence_only	pending	pending	genome_size_outlier;pangenome_fragmented;synteny_fragmented
CANON_01142	GCF_035325405.1	GCA_035325405.1	paired		GCF_035325405.1	current	GCF_035325405.1	REFSEQ	current	current_refseq_preferred	Bradyrhizobium sp.	376		Scaffold	6042145	64	253	41189	-1.813072	0.6745	retain_candidate	primary_contiguity_candidate	presence_absence_only	pending	pending	synteny_fragmented
CANON_01143		GCA_035482015.1	unpaired		GCA_035482015.1	current	GCA_035482015.1	GENBANK	current	current_genbank_singleton	Bradyrhizobium sp.	376		Contig	2942806	62	609	5358	-4.239309	-2.0235	manual_review	secondary_fragmented	presence_absence_only	pending	pending	genome_size_outlier;pangenome_fragmented;synteny_fragmented
CANON_01144		GCA_035483915.1	unpaired		GCA_035483915.1	current	GCA_035483915.1	GENBANK	current	current_genbank_singleton	Bradyrhizobium sp.	376		Contig	3862303	61.5	629	7504	-3.519505	-2.698	manual_review	secondary_fragmented	presence_absence_only	pending	pending	genome_size_outlier;pangenome_fragmented;synteny_fragmented
CANON_01145	GCF_035484855.1	GCA_035484855.1	paired		GCF_035484855.1	current	GCF_035484855.1	REFSEQ	current	current_refseq_preferred	Bradyrhizobium sp.	376		Contig	6729402	63.5	293	36689	-1.275071	0.0	retain_candidate	primary_contiguity_candidate	presence_absence_only	pending	pending	synteny_fragmented
CANON_01146		GCA_035487555.1	unpaired		GCA_035487555.1	current	GCA_035487555.1	GENBANK	current	current_genbank_singleton	Bradyrhizobium sp.	376		Contig	4586735	63.5	266	29886	-2.952402	0.0	retain_candidate	primary_contiguity_candidate	presence_absence_only	pending	pending	synteny_fragmented
CANON_01147		GCA_035489795.1	unpaired		GCA_035489795.1	current	GCA_035489795.1	GENBANK	current	current_genbank_singleton	Bradyrhizobium sp.	376		Contig	4649824	61.5	1600	2807	-2.903015	-2.698	retain_candidate	secondary_fragmented	presence_absence_only	pending	pending	pangenome_fragmented;synteny_fragmented
CANON_01148		GCA_035490015.1	unpaired		GCA_035490015.1	current	GCA_035490015.1	GENBANK	current	current_genbank_singleton	Bradyrhizobium sp.	376		Contig	5033865	62	1211	4421	-2.602378	-2.0235	retain_candidate	secondary_fragmented	presence_absence_only	pending	pending	pangenome_fragmented;synteny_fragmented
CANON_01149		GCA_035490095.1	unpaired		GCA_035490095.1	current	GCA_035490095.1	GENBANK	current	current_genbank_singleton	Bradyrhizobium sp.	376		Contig	6640907	62	853	10199	-1.344347	-2.0235	retain_candidate	secondary_fragmented	presence_absence_only	pending	pending	pangenome_fragmented;synteny_fragmented
CANON_01150		GCA_035490115.1	unpaired		GCA_035490115.1	current	GCA_035490115.1	GENBANK	current	current_genbank_singleton	Bradyrhizobium sp.	376		Contig	6917870	61.5	1829	3941	-1.127534	-2.698	retain_candidate	secondary_fragmented	presence_absence_only	pending	pending	pangenome_fragmented;synteny_fragmented
CANON_01151		GCA_035498775.1	unpaired		GCA_035498775.1	current	GCA_035498775.1	GENBANK	current	current_genbank_singleton	Bradyrhizobium sp.	376		Contig	9009416	64	904	15312	0.509779	0.6745	retain_candidate	secondary_fragmented	presence_absence_only	pending	pending	pangenome_fragmented;synteny_fragmented
CANON_01152		GCA_035524175.1	unpaired		GCA_035524175.1	current	GCA_035524175.1	GENBANK	current	current_genbank_singleton	Bradyrhizobium sp.	376		Contig	6638281	61	974	8244	-1.346403	-3.3725	retain_candidate	secondary_fragmented	presence_absence_only	pending	pending	pangenome_fragmented;synteny_fragmented
CANON_01153		GCA_035535695.1	unpaired		GCA_035535695.1	current	GCA_035535695.1	GENBANK	current	current_genbank_singleton	Bradyrhizobium sp.	376		Contig	2990830	63.5	699	6568	-4.201715	0.0	manual_review	secondary_fragmented	presence_absence_only	pending	pending	genome_size_outlier;pangenome_fragmented;synteny_fragmented
CANON_01154		GCA_035538775.1	unpaired		GCA_035538775.1	current	GCA_035538775.1	GENBANK	current	current_genbank_singleton	Bradyrhizobium sp.	376		Contig	7193562	62	1799	4601	-0.911715	-2.0235	retain_candidate	secondary_fragmented	presence_absence_only	pending	pending	pangenome_fragmented;synteny_fragmented
CANON_01155		GCA_035544035.1	unpaired		GCA_035544035.1	current	GCA_035544035.1	GENBANK	current	current_genbank_singleton	Bradyrhizobium sp.	376		Contig	7766145	63	1309	7288	-0.463484	-0.6745	retain_candidate	secondary_fragmented	presence_absence_only	pending	pending	pangenome_fragmented;synteny_fragmented
CANON_01156		GCA_035547995.1	unpaired		GCA_035547995.1	current	GCA_035547995.1	GENBANK	current	current_genbank_singleton	Bradyrhizobium sp.	376		Contig	5617334	62	212	43808	-2.145624	-2.0235	retain_candidate	primary_contiguity_candidate	presence_absence_only	pending	pending	synteny_fragmented
CANON_01157		GCA_035555355.1	unpaired		GCA_035555355.1	current	GCA_035555355.1	GENBANK	current	current_genbank_singleton	Bradyrhizobium sp.	376		Contig	4044412	63.5	656	8640	-3.376946	0.0	retain_candidate	secondary_fragmented	presence_absence_only	pending	pending	pangenome_fragmented;synteny_fragmented
CANON_01158		GCA_035558295.1	unpaired		GCA_035558295.1	current	GCA_035558295.1	GENBANK	current	current_genbank_singleton	Bradyrhizobium sp.	376		Contig	3908989	62	1031	3884	-3.482958	-2.0235	retain_candidate	secondary_fragmented	presence_absence_only	pending	pending	pangenome_fragmented;synteny_fragmented
CANON_01159		GCA_035566795.1	unpaired		GCA_035566795.1	current	GCA_035566795.1	GENBANK	current	current_genbank_singleton	Bradyrhizobium sp.	376		Contig	3892749	64	716	6224	-3.495671	0.6745	retain_candidate	secondary_fragmented	presence_absence_only	pending	pending	pangenome_fragmented;synteny_fragmented
CANON_01160	GCF_035566995.1	GCA_035566995.1	paired		GCF_035566995.1	current	GCF_035566995.1	REFSEQ	current	current_refseq_preferred	Bradyrhizobium sp.	376		Contig	8495143	64	410	39874	0.107194	0.6745	retain_candidate	primary_contiguity_candidate	presence_absence_only	pending	pending	synteny_fragmented
CANON_01161		GCA_035567775.1	unpaired		GCA_035567775.1	current	GCA_035567775.1	GENBANK	current	current_genbank_singleton	Bradyrhizobium sp.	376		Contig	4249132	61.5	622	8518	-3.216686	-2.698	retain_candidate	secondary_fragmented	presence_absence_only	pending	pending	pangenome_fragmented;synteny_fragmented
CANON_01162		GCA_035568535.1	unpaired		GCA_035568535.1	current	GCA_035568535.1	GENBANK	current	current_genbank_singleton	Bradyrhizobium sp.	376		Contig	5348637	63.5	268	34620	-2.355967	0.0	retain_candidate	primary_contiguity_candidate	presence_absence_only	pending	pending	synteny_fragmented
CANON_01163	GCF_035570375.1	GCA_035570375.1	paired		GCF_035570375.1	current	GCF_035570375.1	REFSEQ	current	current_refseq_preferred	Bradyrhizobium sp.	376		Contig	6466489	61	278	46238	-1.480886	-3.3725	retain_candidate	primary_contiguity_candidate	presence_absence_only	pending	pending	synteny_fragmented
CANON_01164		GCA_035575905.1	unpaired		GCA_035575905.1	current	GCA_035575905.1	GENBANK	current	current_genbank_singleton	Bradyrhizobium sp.	376		Contig	4691529	64.5	48	187928	-2.870367	1.349	retain_candidate	primary_contiguity_candidate	synteny_candidate	pending	pending	
CANON_01165		GCA_035575945.1	unpaired		GCA_035575945.1	current	GCA_035575945.1	GENBANK	current	current_genbank_singleton	Bradyrhizobium sp.	376		Contig	5943322	64.5	62	400903	-1.890433	1.349	retain_candidate	primary_contiguity_candidate	synteny_candidate	pending	pending	
CANON_01166		GCA_035601375.1	unpaired		GCA_035601375.1	current	GCA_035601375.1	GENBANK	current	current_genbank_singleton	Bradyrhizobium sp.	376		Contig	5602708	62.5	719	10542	-2.157074	-1.349	retain_candidate	secondary_fragmented	presence_absence_only	pending	pending	pangenome_fragmented;synteny_fragmented
CANON_01167		GCA_035601555.1	unpaired		GCA_035601555.1	current	GCA_035601555.1	GENBANK	current	current_genbank_singleton	Bradyrhizobium sp.	376		Contig	2214362	62	102	39726	-4.809553	-2.0235	manual_review	primary_contiguity_candidate	presence_absence_only	pending	pending	genome_size_outlier;synteny_fragmented
CANON_01168		GCA_035602495.1	unpaired		GCA_035602495.1	current	GCA_035602495.1	GENBANK	current	current_genbank_singleton	Bradyrhizobium sp.	376		Contig	4822174	63.5	677	9476	-2.768095	0.0	retain_candidate	secondary_fragmented	presence_absence_only	pending	pending	pangenome_fragmented;synteny_fragmented
CANON_01169		GCA_035603875.1	unpaired		GCA_035603875.1	current	GCA_035603875.1	GENBANK	current	current_genbank_singleton	Bradyrhizobium sp.	376		Contig	5821181	62.5	1279	5084	-1.986048	-1.349	retain_candidate	secondary_fragmented	presence_absence_only	pending	pending	pangenome_fragmented;synteny_fragmented
CANON_01170		GCA_035604015.1	unpaired		GCA_035604015.1	current	GCA_035604015.1	GENBANK	current	current_genbank_singleton	Bradyrhizobium sp.	376		Contig	5933949	62	1359	4906	-1.897771	-2.0235	retain_candidate	secondary_fragmented	presence_absence_only	pending	pending	pangenome_fragmented;synteny_fragmented
CANON_01171		GCA_035629815.1	unpaired		GCA_035629815.1	current	GCA_035629815.1	GENBANK	current	current_genbank_singleton	Bradyrhizobium sp.	376		Contig	5065029	63.5	1243	4370	-2.577982	0.0	retain_candidate	secondary_fragmented	presence_absence_only	pending	pending	pangenome_fragmented;synteny_fragmented
CANON_01172		GCA_035636175.1	unpaired		GCA_035636175.1	current	GCA_035636175.1	GENBANK	current	current_genbank_singleton	Bradyrhizobium sp.	376		Contig	7807215	61.5	2058	4312	-0.431333	-2.698	retain_candidate	secondary_fragmented	presence_absence_only	pending	pending	pangenome_fragmented;synteny_fragmented
CANON_01173		GCA_035639035.1	unpaired		GCA_035639035.1	current	GCA_035639035.1	GENBANK	current	current_genbank_singleton	Bradyrhizobium sp.	376		Contig	3488114	64.5	501	9596	-3.812429	1.349	manual_review	secondary_fragmented	presence_absence_only	pending	pending	genome_size_outlier;pangenome_fragmented;synteny_fragmented
CANON_01174		GCA_035643075.1	unpaired		GCA_035643075.1	current	GCA_035643075.1	GENBANK	current	current_genbank_singleton	Bradyrhizobium sp.	376		Contig	3792247	62.5	1360	2700	-3.574346	-1.349	manual_review	secondary_fragmented	presence_absence_only	pending	pending	genome_size_outlier;pangenome_fragmented;synteny_fragmented
CANON_01175		GCA_035644295.1	unpaired		GCA_035644295.1	current	GCA_035644295.1	GENBANK	current	current_genbank_singleton	Bradyrhizobium sp.	376		Contig	4620477	61.5	400	19278	-2.925988	-2.698	retain_candidate	secondary_fragmented	presence_absence_only	pending	pending	pangenome_fragmented;synteny_fragmented
CANON_01176		GCA_035652015.1	unpaired		GCA_035652015.1	current	GCA_035652015.1	GENBANK	current	current_genbank_singleton	Bradyrhizobium sp.	376		Contig	6049692	64	113	88209	-1.807164	0.6745	retain_candidate	primary_contiguity_candidate	synteny_candidate	pending	pending	
CANON_01177	GCF_035652035.1	GCA_035652035.1	paired		GCF_035652035.1	current	GCF_035652035.1	REFSEQ	current	current_refseq_preferred	Bradyrhizobium sp.	376		Contig	6640417	62	113	96839	-1.34473	-2.0235	retain_candidate	primary_contiguity_candidate	synteny_candidate	pending	pending	
CANON_01178		GCA_035688545.1	unpaired		GCA_035688545.1	current	GCA_035688545.1	GENBANK	current	current_genbank_singleton	Bradyrhizobium sp.	376		Contig	3480877	60	612	7491	-3.818094	-4.7215	manual_review	secondary_fragmented	presence_absence_only	pending	pending	gc_percent_outlier;genome_size_outlier;pangenome_fragmented;synteny_fragmented
CANON_01179		GCA_035693465.1	unpaired		GCA_035693465.1	current	GCA_035693465.1	GENBANK	current	current_genbank_singleton	Bradyrhizobium sp.	376		Contig	2987487	62	362	11269	-4.204332	-2.0235	manual_review	secondary_fragmented	presence_absence_only	pending	pending	genome_size_outlier;pangenome_fragmented;synteny_fragmented
CANON_01180		GCA_035695385.1	unpaired		GCA_035695385.1	current	GCA_035695385.1	GENBANK	current	current_genbank_singleton	Bradyrhizobium sp.	376		Contig	1906705	62	416	5136	-5.050394	-2.0235	manual_review	secondary_fragmented	presence_absence_only	pending	pending	genome_size_outlier;pangenome_fragmented;synteny_fragmented
CANON_01181	GCF_035701725.1	GCA_035701725.1	paired		GCF_035701725.1	current	GCF_035701725.1	REFSEQ	current	current_refseq_preferred	Bradyrhizobium sp.	376		Contig	5359641	62.5	440	16767	-2.347353	-1.349	retain_candidate	secondary_fragmented	presence_absence_only	pending	pending	pangenome_fragmented;synteny_fragmented
CANON_01182		GCA_035714265.1	unpaired		GCA_035714265.1	current	GCA_035714265.1	GENBANK	current	current_genbank_singleton	Bradyrhizobium sp.	376		Contig	3664212	64.5	1008	4124	-3.674575	1.349	manual_review	secondary_fragmented	presence_absence_only	pending	pending	genome_size_outlier;pangenome_fragmented;synteny_fragmented
CANON_01183		GCA_035714325.1	unpaired		GCA_035714325.1	current	GCA_035714325.1	GENBANK	current	current_genbank_singleton	Bradyrhizobium sp.	376		Contig	6288368	63.5	1301	5706	-1.620323	0.0	retain_candidate	secondary_fragmented	presence_absence_only	pending	pending	pangenome_fragmented;synteny_fragmented
CANON_01184		GCA_035719885.1	unpaired		GCA_035719885.1	current	GCA_035719885.1	GENBANK	current	current_genbank_singleton	Bradyrhizobium sp.	376		Contig	4386848	63	1042	4480	-3.108879	-0.6745	retain_candidate	secondary_fragmented	presence_absence_only	pending	pending	pangenome_fragmented;synteny_fragmented
CANON_01185	GCF_035935975.1	GCA_035935975.1	paired		GCF_035935975.1	current	GCF_035935975.1	REFSEQ	current	current_refseq_preferred	Bradyrhizobium sp.	376		Contig	8434673	64.5	64	242874	0.059856	1.349	retain_candidate	primary_contiguity_candidate	synteny_candidate	pending	pending	
CANON_01186		GCA_035949555.1	unpaired		GCA_035949555.1	current	GCA_035949555.1	GENBANK	current	current_genbank_singleton	Bradyrhizobium sp.	376		Contig	3115263	63	251	27409	-4.104306	-0.6745	manual_review	primary_contiguity_candidate	presence_absence_only	pending	pending	genome_size_outlier;synteny_fragmented
CANON_01187		GCA_035995625.1	unpaired		GCA_035995625.1	current	GCA_035995625.1	GENBANK	current	current_genbank_singleton	Bradyrhizobium sp.	376		Contig	3354185	64	518	8267	-3.917272	0.6745	manual_review	secondary_fragmented	presence_absence_only	pending	pending	genome_size_outlier;pangenome_fragmented;synteny_fragmented
CANON_01188		GCA_035995945.1	unpaired		GCA_035995945.1	current	GCA_035995945.1	GENBANK	current	current_genbank_singleton	Bradyrhizobium sp.	376		Contig	4757877	62.5	433	13901	-2.818428	-1.349	retain_candidate	secondary_fragmented	presence_absence_only	pending	pending	pangenome_fragmented;synteny_fragmented
CANON_01189		GCA_035998015.1	unpaired		GCA_035998015.1	current	GCA_035998015.1	GENBANK	current	current_genbank_singleton	Bradyrhizobium sp.	376		Contig	4799268	63	852	7734	-2.786026	-0.6745	retain_candidate	secondary_fragmented	presence_absence_only	pending	pending	pangenome_fragmented;synteny_fragmented
CANON_01190		GCA_036008505.1	unpaired		GCA_036008505.1	current	GCA_036008505.1	GENBANK	current	current_genbank_singleton	Bradyrhizobium sp.	376		Contig	3730173	63	839	5354	-3.62294	-0.6745	manual_review	secondary_fragmented	presence_absence_only	pending	pending	genome_size_outlier;pangenome_fragmented;synteny_fragmented
CANON_01191	GCF_036009065.1	GCA_036009065.1	paired		GCF_036009065.1	current	GCF_036009065.1	REFSEQ	current	current_refseq_preferred	Bradyrhizobium sp.	376		Contig	5683947	62.5	464	23122	-2.093478	-1.349	retain_candidate	primary_contiguity_candidate	presence_absence_only	pending	pending	synteny_fragmented
CANON_01192	GCF_036247965.1	GCA_036247965.1	paired		GCF_036247965.1	current	GCF_036247965.1	REFSEQ	current	current_refseq_preferred	Bradyrhizobium sp. TM233	2599801	TM233	Scaffold	7324419	64.5	421	546126	-0.809277	1.349	retain_candidate	primary_contiguity_candidate	presence_absence_only	pending	pending	synteny_fragmented
CANON_01193	GCF_036247985.1	GCA_036247985.1	paired		GCF_036247985.1	current	GCF_036247985.1	REFSEQ	current	current_refseq_preferred	Bradyrhizobium sp. TM239	2599802	TM239	Contig	7452690	64.5	77	298578	-0.708864	1.349	retain_candidate	primary_contiguity_candidate	synteny_candidate	pending	pending	
CANON_01194	GCF_036248005.1	GCA_036248005.1	paired		GCF_036248005.1	current	GCF_036248005.1	REFSEQ	current	current_refseq_preferred	Bradyrhizobium ottawaense	931866	SG20	Scaffold	8408968	64	342	271165	0.039734	0.6745	retain_candidate	primary_contiguity_candidate	presence_absence_only	pending	pending	synteny_fragmented
CANON_01195	GCF_036248025.1	GCA_036248025.1	paired		GCF_036248025.1	current	GCF_036248025.1	REFSEQ	current	current_refseq_preferred	Bradyrhizobium ottawaense	931866	SG23	Scaffold	8435804	64	338	285024	0.060742	0.6745	retain_candidate	primary_contiguity_candidate	presence_absence_only	pending	pending	synteny_fragmented
CANON_01196	GCF_036248045.1	GCA_036248045.1	paired		GCF_036248045.1	current	GCF_036248045.1	REFSEQ	current	current_refseq_preferred	Bradyrhizobium ottawaense	931866	SH12	Scaffold	8465204	64	514	300561	0.083757	0.6745	retain_candidate	secondary_fragmented	presence_absence_only	pending	pending	pangenome_fragmented;synteny_fragmented
CANON_01197	GCF_036248065.1	GCA_036248065.1	paired		GCF_036248065.1	current	GCF_036248065.1	REFSEQ	current	current_refseq_preferred	Bradyrhizobium ottawaense	931866	SH14	Scaffold	8405927	64	362	251171	0.037353	0.6745	retain_candidate	primary_contiguity_candidate	presence_absence_only	pending	pending	synteny_fragmented
CANON_01198	GCF_036248085.1	GCA_036248085.1	paired		GCF_036248085.1	current	GCF_036248085.1	REFSEQ	current	current_refseq_preferred	Bradyrhizobium ottawaense	931866	SH17	Scaffold	8388308	64	351	251546	0.023561	0.6745	retain_candidate	primary_contiguity_candidate	presence_absence_only	pending	pending	synteny_fragmented
CANON_01199	GCF_036248105.1	GCA_036248105.1	paired		GCF_036248105.1	current	GCF_036248105.1	REFSEQ	current	current_refseq_preferred	Bradyrhizobium ottawaense	931866	SH20	Scaffold	8441621	64	640	198480	0.065295	0.6745	retain_candidate	secondary_fragmented	presence_absence_only	pending	pending	pangenome_fragmented;synteny_fragmented
CANON_01200	GCF_036248125.1	GCA_036248125.1	paired		GCF_036248125.1	current	GCF_036248125.1	REFSEQ	current	current_refseq_preferred	Bradyrhizobium ottawaense	931866	SF12	Scaffold	8419711	64	340	249020	0.048144	0.6745	retain_candidate	primary_contiguity_candidate	presence_absence_only	pending	pending	synteny_fragmented
CANON_01201	GCF_036248145.1	GCA_036248145.1	paired		GCF_036248145.1	current	GCF_036248145.1	REFSEQ	current	current_refseq_preferred	Bradyrhizobium ottawaense	931866	SF19	Scaffold	8481671	64	851	86530	0.096647	0.6745	retain_candidate	secondary_fragmented	presence_absence_only	pending	pending	pangenome_fragmented;synteny_fragmented
CANON_01202	GCF_036248165.1	GCA_036248165.1	paired		GCF_036248165.1	current	GCF_036248165.1	REFSEQ	current	current_refseq_preferred	Bradyrhizobium ottawaense	931866	SF21	Scaffold	8423409	64	320	237255	0.051039	0.6745	retain_candidate	primary_contiguity_candidate	presence_absence_only	pending	pending	synteny_fragmented
CANON_01203	GCF_036248185.1	GCA_036248185.1	paired		GCF_036248185.1	current	GCF_036248185.1	REFSEQ	current	current_refseq_preferred	Bradyrhizobium ottawaense	931866	SG10	Scaffold	8435804	64	338	285024	0.060742	0.6745	retain_candidate	primary_contiguity_candidate	presence_absence_only	pending	pending	synteny_fragmented
CANON_01204		GCA_036258215.1	unpaired		GCA_036258215.1	current	GCA_036258215.1	GENBANK	current	current_genbank_singleton	Bradyrhizobium sp.	376		Contig	4015613	64	835	6015	-3.39949	0.6745	retain_candidate	secondary_fragmented	presence_absence_only	pending	pending	pangenome_fragmented;synteny_fragmented
CANON_01205		GCA_036263175.1	unpaired		GCA_036263175.1	current	GCA_036263175.1	GENBANK	current	current_genbank_singleton	Bradyrhizobium sp.	376		Contig	4358477	60.5	472	14700	-3.131088	-4.047	manual_review	secondary_fragmented	presence_absence_only	pending	pending	gc_percent_outlier;pangenome_fragmented;synteny_fragmented
CANON_01206		GCA_036266415.1	unpaired		GCA_036266415.1	current	GCA_036266415.1	GENBANK	current	current_genbank_singleton	Bradyrhizobium sp.	376		Contig	3757490	63	163	45627	-3.601555	-0.6745	manual_review	primary_contiguity_candidate	presence_absence_only	pending	pending	genome_size_outlier;synteny_fragmented
CANON_01207		GCA_036273255.1	unpaired		GCA_036273255.1	current	GCA_036273255.1	GENBANK	current	current_genbank_singleton	Bradyrhizobium sp.	376		Contig	3182423	64	246	22569	-4.051731	0.6745	manual_review	primary_contiguity_candidate	presence_absence_only	pending	pending	genome_size_outlier;synteny_fragmented
CANON_01208		GCA_036383375.1	unpaired		GCA_036383375.1	current	GCA_036383375.1	GENBANK	current	current_genbank_singleton	Bradyrhizobium sp.	376		Contig	6422175	65	1050	8617	-1.515576	2.0235	retain_candidate	secondary_fragmented	presence_absence_only	pending	pending	pangenome_fragmented;synteny_fragmented
CANON_01209		GCA_036385675.1	unpaired		GCA_036385675.1	current	GCA_036385675.1	GENBANK	current	current_genbank_singleton	Bradyrhizobium sp.	376		Contig	5050516	61	1320	4295	-2.589343	-3.3725	retain_candidate	secondary_fragmented	presence_absence_only	pending	pending	pangenome_fragmented;synteny_fragmented
CANON_01210		GCA_036390315.1	unpaired		GCA_036390315.1	current	GCA_036390315.1	GENBANK	current	current_genbank_singleton	Bradyrhizobium sp.	376		Contig	6293858	64	942	9212	-1.616025	0.6745	retain_candidate	secondary_fragmented	presence_absence_only	pending	pending	pangenome_fragmented;synteny_fragmented
CANON_01211		GCA_036393755.1	unpaired		GCA_036393755.1	current	GCA_036393755.1	GENBANK	current	current_genbank_singleton	Bradyrhizobium sp.	376		Contig	5358718	62	1072	6239	-2.348075	-2.0235	retain_candidate	secondary_fragmented	presence_absence_only	pending	pending	pangenome_fragmented;synteny_fragmented
CANON_01212		GCA_036394295.1	unpaired		GCA_036394295.1	current	GCA_036394295.1	GENBANK	current	current_genbank_singleton	Bradyrhizobium sp.	376		Contig	4306100	62	1007	4976	-3.17209	-2.0235	retain_candidate	secondary_fragmented	presence_absence_only	pending	pending	pangenome_fragmented;synteny_fragmented
CANON_01213		GCA_036394735.1	unpaired		GCA_036394735.1	current	GCA_036394735.1	GENBANK	current	current_genbank_singleton	Bradyrhizobium sp.	376		Contig	2139769	63	442	5947	-4.867946	-0.6745	manual_review	secondary_fragmented	presence_absence_only	pending	pending	genome_size_outlier;pangenome_fragmented;synteny_fragmented
CANON_01214		GCA_036401355.1	unpaired		GCA_036401355.1	current	GCA_036401355.1	GENBANK	current	current_genbank_singleton	Bradyrhizobium sp.	376		Contig	4178707	63	1605	2683	-3.271816	-0.6745	retain_candidate	secondary_fragmented	presence_absence_only	pending	pending	pangenome_fragmented;synteny_fragmented
CANON_01215		GCA_036406295.1	unpaired		GCA_036406295.1	current	GCA_036406295.1	GENBANK	current	current_genbank_singleton	Bradyrhizobium sp.	376		Contig	4949620	64	406	17742	-2.668327	0.6745	retain_candidate	secondary_fragmented	presence_absence_only	pending	pending	pangenome_fragmented;synteny_fragmented
CANON_01216		GCA_036497145.1	unpaired		GCA_036497145.1	current	GCA_036497145.1	GENBANK	current	current_genbank_singleton	Bradyrhizobium sp.	376		Contig	3483115	63.5	571	7978	-3.816342	0.0	manual_review	secondary_fragmented	presence_absence_only	pending	pending	genome_size_outlier;pangenome_fragmented;synteny_fragmented
CANON_01217		GCA_036497205.1	unpaired		GCA_036497205.1	current	GCA_036497205.1	GENBANK	current	current_genbank_singleton	Bradyrhizobium sp.	376		Contig	3513063	61.5	398	11960	-3.792898	-2.698	manual_review	secondary_fragmented	presence_absence_only	pending	pending	genome_size_outlier;pangenome_fragmented;synteny_fragmented
CANON_01218		GCA_036501115.1	unpaired		GCA_036501115.1	current	GCA_036501115.1	GENBANK	current	current_genbank_singleton	Bradyrhizobium sp.	376		Contig	3197390	64.5	661	5647	-4.040015	1.349	manual_review	secondary_fragmented	presence_absence_only	pending	pending	genome_size_outlier;pangenome_fragmented;synteny_fragmented
CANON_01219		GCA_036501915.1	unpaired		GCA_036501915.1	current	GCA_036501915.1	GENBANK	current	current_genbank_singleton	Bradyrhizobium sp.	376		Contig	6039617	63.5	1166	6648	-1.815051	0.0	retain_candidate	secondary_fragmented	presence_absence_only	pending	pending	pangenome_fragmented;synteny_fragmented
CANON_01220		GCA_036502725.1	unpaired		GCA_036502725.1	current	GCA_036502725.1	GENBANK	current	current_genbank_singleton	Bradyrhizobium sp.	376		Contig	4106537	63	728	6918	-3.328313	-0.6745	retain_candidate	secondary_fragmented	presence_absence_only	pending	pending	pangenome_fragmented;synteny_fragmented
CANON_01221		GCA_036506295.1	unpaired		GCA_036506295.1	current	GCA_036506295.1	GENBANK	current	current_genbank_singleton	Bradyrhizobium sp.	376		Contig	4261665	62.5	821	6111	-3.206875	-1.349	retain_candidate	secondary_fragmented	presence_absence_only	pending	pending	pangenome_fragmented;synteny_fragmented
CANON_01222		GCA_036511315.1	unpaired		GCA_036511315.1	current	GCA_036511315.1	GENBANK	current	current_genbank_singleton	Bradyrhizobium sp.	376		Contig	6010949	63	1405	4672	-1.837493	-0.6745	retain_candidate	secondary_fragmented	presence_absence_only	pending	pending	pangenome_fragmented;synteny_fragmented
CANON_01223		GCA_036512795.1	unpaired		GCA_036512795.1	current	GCA_036512795.1	GENBANK	current	current_genbank_singleton	Bradyrhizobium sp.	376		Contig	2999561	63	720	4544	-4.19488	-0.6745	manual_review	secondary_fragmented	presence_absence_only	pending	pending	genome_size_outlier;pangenome_fragmented;synteny_fragmented
CANON_01224		GCA_036513695.1	unpaired		GCA_036513695.1	current	GCA_036513695.1	GENBANK	current	current_genbank_singleton	Bradyrhizobium sp.	376		Contig	3930798	62	569	8744	-3.465885	-2.0235	retain_candidate	secondary_fragmented	presence_absence_only	pending	pending	pangenome_fragmented;synteny_fragmented
CANON_01225		GCA_036554215.1	unpaired		GCA_036554215.1	current	GCA_036554215.1	GENBANK	current	current_genbank_singleton	Bradyrhizobium sp.	376		Contig	4623054	63.5	356	18273	-2.923971	0.0	retain_candidate	secondary_fragmented	presence_absence_only	pending	pending	pangenome_fragmented;synteny_fragmented
CANON_01226		GCA_036565985.1	unpaired		GCA_036565985.1	current	GCA_036565985.1	GENBANK	current	current_genbank_singleton	Bradyrhizobium sp.	376		Contig	5040801	63.5	839	7239	-2.596948	0.0	retain_candidate	secondary_fragmented	presence_absence_only	pending	pending	pangenome_fragmented;synteny_fragmented
CANON_01227		GCA_036721875.1	unpaired		GCA_036721875.1	current	GCA_036721875.1	GENBANK	current	current_genbank_singleton	Bradyrhizobium sp.	376		Scaffold	7634765	62.5	1678	5597	-0.566331	-1.349	retain_candidate	secondary_fragmented	presence_absence_only	pending	pending	pangenome_fragmented;synteny_fragmented
CANON_01228	GCF_036735945.1	GCA_036735945.1	paired		GCF_036735945.1	current	GCF_036735945.1	REFSEQ	current	current_refseq_preferred	Bradyrhizobium sp.	376		Scaffold	6042145	64	253	41189	-1.813072	0.6745	retain_candidate	primary_contiguity_candidate	presence_absence_only	pending	pending	synteny_fragmented
CANON_01229		GCA_036768605.1	unpaired		GCA_036768605.1	current	GCA_036768605.1	GENBANK	current	current_genbank_singleton	Bradyrhizobium sp.	376		Scaffold	2595033	64.5	973	2747	-4.511554	1.349	manual_review	secondary_fragmented	presence_absence_only	pending	pending	genome_size_outlier;pangenome_fragmented;synteny_fragmented
CANON_01230	GCF_036923295.1	GCA_036923295.1	paired		GCF_036923295.1	current	GCF_036923295.1	REFSEQ	current	current_refseq_preferred	Bradyrhizobium sp. 26S5	3139729	26S5	Complete Genome	9919656	63.5	3	9666081	1.222337	0.0	retain_candidate	primary_contiguity_candidate	synteny_candidate	pending	pending	
CANON_01231	GCF_036924495.1	GCA_036924495.1	paired		GCF_036924495.1	current	GCF_036924495.1	REFSEQ	current	current_refseq_preferred	Bradyrhizobium sp. AZCC 2230	3117021	AZCC 2230	Contig	9820637	63	1	9820637	1.144822	-0.6745	retain_candidate	primary_contiguity_candidate	synteny_candidate	pending	pending	
CANON_01232	GCF_036924515.1	GCA_036924515.1	paired		GCF_036924515.1	current	GCF_036924515.1	REFSEQ	current	current_refseq_preferred	Bradyrhizobium sp. AZCC 1610	3117020	AZCC 1610	Contig	7751184	62.5	1	7751184	-0.475195	-1.349	retain_candidate	primary_contiguity_candidate	synteny_candidate	pending	pending	
CANON_01233	GCF_036924525.1	GCA_036924525.1	paired		GCF_036924525.1	current	GCF_036924525.1	REFSEQ	current	current_refseq_preferred	Bradyrhizobium sp. AZCC 1719	3117028	AZCC 1719	Contig	7200329	62.5	1	7200329	-0.906418	-1.349	retain_candidate	primary_contiguity_candidate	synteny_candidate	pending	pending	
CANON_01234	GCF_036924535.1	GCA_036924535.1	paired		GCF_036924535.1	current	GCF_036924535.1	REFSEQ	current	current_refseq_preferred	Bradyrhizobium sp. AZCC 2262	3117022	AZCC 2262	Contig	9475967	62	1	9475967	0.875006	-2.0235	retain_candidate	primary_contiguity_candidate	synteny_candidate	pending	pending	
CANON_01235	GCF_036924575.1	GCA_036924575.1	paired		GCF_036924575.1	current	GCF_036924575.1	REFSEQ	current	current_refseq_preferred	Bradyrhizobium sp. AZCC 1577	3117019	AZCC 1577	Contig	7744523	62.5	1	7744523	-0.48041	-1.349	retain_candidate	primary_contiguity_candidate	synteny_candidate	pending	pending	
CANON_01236	GCF_036924595.1	GCA_036924595.1	paired		GCF_036924595.1	current	GCF_036924595.1	REFSEQ	current	current_refseq_preferred	Bradyrhizobium algeriense	634784	AZCC 1608	Contig	8102604	62.5	1	8102604	-0.200095	-1.349	retain_candidate	primary_contiguity_candidate	synteny_candidate	pending	pending	
CANON_01237	GCF_036924615.1	GCA_036924615.1	paired		GCF_036924615.1	current	GCF_036924615.1	REFSEQ	current	current_refseq_preferred	Bradyrhizobium sp. AZCC 2289	3117026	AZCC 2289	Contig	10450701	61.5	1	10450701	1.638052	-2.698	retain_candidate	primary_contiguity_candidate	synteny_candidate	pending	pending	
CANON_01238	GCF_036924635.1	GCA_036924635.1	paired		GCF_036924635.1	current	GCF_036924635.1	REFSEQ	current	current_refseq_preferred	Bradyrhizobium sp. AZCC 1699	3117024	AZCC 1699	Contig	7551245	62.5	1	7551245	-0.631712	-1.349	retain_candidate	primary_contiguity_candidate	synteny_candidate	pending	pending	
CANON_01239	GCF_036924645.1	GCA_036924645.1	paired		GCF_036924645.1	current	GCF_036924645.1	REFSEQ	current	current_refseq_preferred	Bradyrhizobium sp. AZCC 2176	3117025	AZCC 2176	Contig	7146351	62.5	1	7146351	-0.948673	-1.349	retain_candidate	primary_contiguity_candidate	synteny_candidate	pending	pending	
CANON_01240	GCF_036924675.1	GCA_036924675.1	paired		GCF_036924675.1	current	GCF_036924675.1	REFSEQ	current	current_refseq_preferred	Bradyrhizobium sp. AZCC 1578	3117027	AZCC 1578	Contig	7597594	62	1	7597594	-0.595429	-2.0235	retain_candidate	primary_contiguity_candidate	synteny_candidate	pending	pending	
CANON_01241	GCF_036924695.1	GCA_036924695.1	paired		GCF_036924695.1	current	GCF_036924695.1	REFSEQ	current	current_refseq_preferred	Bradyrhizobium sp. AZCC 1708	3117015	AZCC 1708	Contig	7615593	62.5	1	7615593	-0.581339	-1.349	retain_candidate	primary_contiguity_candidate	synteny_candidate	pending	pending	
CANON_01242	GCF_036924715.1	GCA_036924715.1	paired		GCF_036924715.1	current	GCF_036924715.1	REFSEQ	current	current_refseq_preferred	Bradyrhizobium sp. AZCC 1721	3117016	AZCC 1721	Contig	7154877	62.5	1	7154877	-0.941999	-1.349	retain_candidate	primary_contiguity_candidate	synteny_candidate	pending	pending	
CANON_01243	GCF_036924735.1	GCA_036924735.1	paired		GCF_036924735.1	current	GCF_036924735.1	REFSEQ	current	current_refseq_preferred	Bradyrhizobium sp. AZCC 1588	3117018	AZCC 1588	Contig	7414024	62.5	1	7414024	-0.739132	-1.349	retain_candidate	primary_contiguity_candidate	synteny_candidate	pending	pending	
CANON_01244	GCF_036924745.1	GCA_036924745.1	paired		GCF_036924745.1	current	GCF_036924745.1	REFSEQ	current	current_refseq_preferred	Bradyrhizobium sp. AZCC 1693	3117029	AZCC 1693	Contig	7609345	62.5	1	7609345	-0.58623	-1.349	retain_candidate	primary_contiguity_candidate	synteny_candidate	pending	pending	
CANON_01245	GCF_036924765.1	GCA_036924765.1	paired		GCF_036924765.1	current	GCF_036924765.1	REFSEQ	current	current_refseq_preferred	Bradyrhizobium sp. AZCC 1678	3117030	AZCC 1678	Contig	7946813	62.5	1	7946813	-0.322052	-1.349	retain_candidate	primary_contiguity_candidate	synteny_candidate	pending	pending	
CANON_01246	GCF_036924775.1	GCA_036924775.1	paired		GCF_036924775.1	current	GCF_036924775.1	REFSEQ	current	current_refseq_preferred	Bradyrhizobium sp. AZCC 1620	3117023	AZCC 1620	Contig	7146314	62.5	1	7146314	-0.948702	-1.349	retain_candidate	primary_contiguity_candidate	synteny_candidate	pending	pending	
CANON_01247	GCF_036924845.1	GCA_036924845.1	paired		GCF_036924845.1	current	GCF_036924845.1	REFSEQ	current	current_refseq_preferred	Bradyrhizobium sp. AZCC 1614	3117017	AZCC 1614	Contig	7411329	62.5	1	7411329	-0.741242	-1.349	retain_candidate	primary_contiguity_candidate	synteny_candidate	pending	pending	
CANON_01248	GCF_036936725.1	GCA_036936725.1	paired		GCF_036936725.1	current	GCF_036936725.1	REFSEQ	current	current_refseq_preferred	Bradyrhizobium elkanii	29448	SEMIA 587	Contig	9766534	63.5	9	2407836	1.102469	0.0	retain_candidate	primary_contiguity_candidate	synteny_candidate	pending	pending	
CANON_01249	GCF_036936745.1	GCA_036936745.1	paired		GCF_036936745.1	current	GCF_036936745.1	REFSEQ	current	current_refseq_preferred	Bradyrhizobium diazoefficiens	1355477	USDA 136	Contig	9142773	64	1	9142773	0.614174	0.6745	retain_candidate	primary_contiguity_candidate	synteny_candidate	pending	pending	
CANON_01250	GCF_036936785.1	GCA_036936785.1	paired		GCF_036936785.1	current	GCF_036936785.1	REFSEQ	current	current_refseq_preferred	Bradyrhizobium elkanii	29448	SEMIA 5019	Contig	9673075	63.5	2	9364972	1.029307	0.0	retain_candidate	primary_contiguity_candidate	synteny_candidate	pending	pending	
CANON_01251		GCA_037201505.1	unpaired		GCA_037201505.1	current	GCA_037201505.1	GENBANK	current	current_genbank_singleton	Bradyrhizobium sp.	376		Contig	4908249	61	23	406212	-2.700713	-3.3725	retain_candidate	primary_contiguity_candidate	synteny_candidate	pending	pending	
CANON_01252	GCF_037216975.1	GCA_037216975.1	paired		GCF_037216975.1	current	GCF_037216975.1	REFSEQ	current	current_refseq_preferred	Bradyrhizobium septentrionale	1404411	5S5	Complete Genome	9674290	63.5	3	9359600	1.030258	0.0	retain_candidate	primary_contiguity_candidate	synteny_candidate	pending	pending	
CANON_01253	GCF_037217215.1	GCA_037217215.1	paired		GCF_037217215.1	current	GCF_037217215.1	REFSEQ	current	current_refseq_preferred	Bradyrhizobium septentrionale	1404411	28S5	Complete Genome	9500470	63.5	3	9210000	0.894188	0.0	retain_candidate	primary_contiguity_candidate	synteny_candidate	pending	pending	
CANON_01254	GCF_037217225.1	GCA_037217225.1	paired		GCF_037217225.1	current	GCF_037217225.1	REFSEQ	current	current_refseq_preferred	Bradyrhizobium sp. 27S5	3139728	27S5	Complete Genome	9426838	63.5	3	9132336	0.836547	0.0	retain_candidate	primary_contiguity_candidate	synteny_candidate	pending	pending	
CANON_01255	GCF_037623475.1	GCA_037623475.1	paired		GCF_037623475.1	current	GCF_037623475.1	REFSEQ	current	current_refseq_preferred	Bradyrhizobium japonicum	375	GW140	Contig	9564502	63.5	311	492354	0.944314	0.0	retain_candidate	primary_contiguity_candidate	presence_absence_only	pending	pending	synteny_fragmented
CANON_01256	GCF_037623515.1	GCA_037623515.1	paired		GCF_037623515.1	current	GCF_037623515.1	REFSEQ	current	current_refseq_preferred	Bradyrhizobium japonicum	375	532C	Contig	9173131	63.5	160	508602	0.637939	0.0	retain_candidate	primary_contiguity_candidate	synteny_candidate	pending	pending	
CANON_01257	GCF_037623595.1	GCA_037623595.1	paired		GCF_037623595.1	current	GCF_037623595.1	REFSEQ	current	current_refseq_preferred	Bradyrhizobium diazoefficiens	1355477	R1-9	Contig	9066556	64	288	211978	0.55451	0.6745	retain_candidate	primary_contiguity_candidate	presence_absence_only	pending	pending	synteny_fragmented
CANON_01258	GCF_037623615.1	GCA_037623615.1	paired		GCF_037623615.1	current	GCF_037623615.1	REFSEQ	current	current_refseq_preferred	Bradyrhizobium diazoefficiens	1355477	GW50	Contig	9046371	64	233	282553	0.538708	0.6745	retain_candidate	primary_contiguity_candidate	presence_absence_only	pending	pending	synteny_fragmented
CANON_01259	GCF_037806365.1	GCA_037806365.1	paired		GCF_037806365.1	current	GCF_037806365.1	REFSEQ	current	current_refseq_preferred	Bradyrhizobium symbiodeficiens	1404367	A7	Complete Genome	6993568	64.5	1	6993568	-1.068275	1.349	retain_candidate	primary_contiguity_candidate	synteny_candidate	pending	pending	
CANON_01260	GCF_037814245.1	GCA_037814245.1	paired		GCF_037814245.1	current	GCF_037814245.1	REFSEQ	current	current_refseq_preferred	Bradyrhizobium symbiodeficiens	1404367	A9	Complete Genome	6778600	64.5	1	6778600	-1.236558	1.349	retain_candidate	primary_contiguity_candidate	synteny_candidate	pending	pending	
CANON_01261	GCF_037997155.1	GCA_037997155.1	paired		GCF_037997155.1	current	GCF_037997155.1	REFSEQ	current	current_refseq_preferred	Bradyrhizobium ottawaense	931866	OO86	Complete Genome	8978882	63.5	2	8608740	0.485876	0.0	retain_candidate	primary_contiguity_candidate	synteny_candidate	pending	pending	
CANON_01262	GCF_038085055.1	GCA_038085055.1	paired		GCF_038085055.1	current	GCF_038085055.1	REFSEQ	current	current_refseq_preferred	Bradyrhizobium sp. ISRA442	2866197	ISRA442	Contig	8646185	63	83	349565	0.225433	-0.6745	retain_candidate	primary_contiguity_candidate	synteny_candidate	pending	pending	
CANON_01263	GCF_038449185.1	GCA_038449185.1	paired		GCF_038449185.1	current	GCF_038449185.1	REFSEQ	current	current_refseq_preferred	Bradyrhizobium ottawaense	931866	OO100	Complete Genome	8973456	63.5	2	8611648	0.481629	0.0	retain_candidate	primary_contiguity_candidate	synteny_candidate	pending	pending	
CANON_01264	GCF_038449195.1	GCA_038449195.1	paired		GCF_038449195.1	current	GCF_038449195.1	REFSEQ	current	current_refseq_preferred	Bradyrhizobium ottawaense	931866	OM27	Complete Genome	8956997	63.5	2	8595668	0.468744	0.0	retain_candidate	primary_contiguity_candidate	synteny_candidate	pending	pending	
CANON_01265	GCF_038729565.1	GCA_038729565.1	paired		GCF_038729565.1	current	GCF_038729565.1	REFSEQ	current	current_refseq_preferred	Bradyrhizobium sp. NL2	3082951	NL2	Complete Genome	9207815	63.5	1	9207815	0.66509	0.0	retain_candidate	primary_contiguity_candidate	synteny_candidate	pending	pending	
CANON_01266	GCF_038957035.1	GCA_038957035.1	paired		GCF_038957035.1	current	GCF_038957035.1	REFSEQ	current	current_refseq_preferred	Bradyrhizobium sp. B097	3140244	B097	Complete Genome	9252481	64	1	9252481	0.700056	0.6745	retain_candidate	primary_contiguity_candidate	synteny_candidate	pending	pending	
CANON_01267	GCF_038963755.1	GCA_038963755.1	paired		GCF_038963755.1	current	GCF_038963755.1	REFSEQ	current	current_refseq_preferred	Bradyrhizobium sp. B024	3140247	B024	Complete Genome	9319788	64	1	9319788	0.752746	0.6745	retain_candidate	primary_contiguity_candidate	synteny_candidate	pending	pending	
CANON_01268	GCF_038965675.1	GCA_038965675.1	paired		GCF_038965675.1	current	GCF_038965675.1	REFSEQ	current	current_refseq_preferred	Bradyrhizobium sp. B039	3140239	B039	Complete Genome	8950164	64	1	8950164	0.463395	0.6745	retain_candidate	primary_contiguity_candidate	synteny_candidate	pending	pending	
CANON_01269	GCF_038967635.1	GCA_038967635.1	paired		GCF_038967635.1	current	GCF_038967635.1	REFSEQ	current	current_refseq_preferred	Bradyrhizobium sp. B124	3140245	B124	Complete Genome	9169800	63.5	1	9169800	0.635331	0.0	retain_candidate	primary_contiguity_candidate	synteny_candidate	pending	pending	
CANON_01270	GCF_038969555.1	GCA_038969555.1	paired		GCF_038969555.1	current	GCF_038969555.1	REFSEQ	current	current_refseq_preferred	Bradyrhizobium sp. B117	3140246	B117	Complete Genome	10032509	63.5	1	10032509	1.310681	0.0	retain_candidate	primary_contiguity_candidate	synteny_candidate	pending	pending	
CANON_01271		GCA_039649085.1	unpaired		GCA_039649085.1	current	GCA_039649085.1	GENBANK	current	current_genbank_singleton	Bradyrhizobium sp.	376		Contig	5229878	65.5	728	9364	-2.448934	2.698	retain_candidate	secondary_fragmented	presence_absence_only	pending	pending	pangenome_fragmented;synteny_fragmented
CANON_01272		GCA_039649215.1	unpaired		GCA_039649215.1	current	GCA_039649215.1	GENBANK	current	current_genbank_singleton	Bradyrhizobium sp.	376		Contig	4882727	63.5	786	7051	-2.720693	0.0	retain_candidate	secondary_fragmented	presence_absence_only	pending	pending	pangenome_fragmented;synteny_fragmented
CANON_01273		GCA_039922595.1	unpaired		GCA_039922595.1	current	GCA_039922595.1	GENBANK	current	current_genbank_singleton	Bradyrhizobium sp.	376		Contig	4688207	62.5	119	56954	-2.872967	-1.349	retain_candidate	primary_contiguity_candidate	synteny_candidate	pending	pending	
CANON_01274		GCA_039922755.1	unpaired		GCA_039922755.1	current	GCA_039922755.1	GENBANK	current	current_genbank_singleton	Bradyrhizobium sp.	376		Contig	5139997	62.5	882	7261	-2.519295	-1.349	retain_candidate	secondary_fragmented	presence_absence_only	pending	pending	pangenome_fragmented;synteny_fragmented
CANON_01275		GCA_039932655.1	unpaired		GCA_039932655.1	current	GCA_039932655.1	GENBANK	current	current_genbank_singleton	Bradyrhizobium sp.	376		Contig	5224063	63	1227	5107	-2.453486	-0.6745	retain_candidate	secondary_fragmented	presence_absence_only	pending	pending	pangenome_fragmented;synteny_fragmented
CANON_01276		GCA_039935075.1	unpaired		GCA_039935075.1	current	GCA_039935075.1	GENBANK	current	current_genbank_singleton	Bradyrhizobium sp.	376		Contig	4692641	62.5	121	56954	-2.869496	-1.349	retain_candidate	primary_contiguity_candidate	synteny_candidate	pending	pending	
CANON_01277		GCA_039935515.1	unpaired		GCA_039935515.1	current	GCA_039935515.1	GENBANK	current	current_genbank_singleton	Bradyrhizobium sp.	376		Contig	4429420	63	645	7764	-3.075552	-0.6745	retain_candidate	secondary_fragmented	presence_absence_only	pending	pending	pangenome_fragmented;synteny_fragmented
CANON_01278		GCA_040004195.1	unpaired		GCA_040004195.1	current	GCA_040004195.1	GENBANK	current	current_genbank_singleton	Bradyrhizobium sp.	376		Contig	4826232	63	1137	4943	-2.764918	-0.6745	retain_candidate	secondary_fragmented	presence_absence_only	pending	pending	pangenome_fragmented;synteny_fragmented
CANON_01279		GCA_040348635.1	unpaired		GCA_040348635.1	current	GCA_040348635.1	GENBANK	current	current_genbank_singleton	Bradyrhizobium guangdongense	1325090		Contig	1845330	64.5	1271	1541	-5.09844	1.349	manual_review	secondary_fragmented	presence_absence_only	pending	pending	genome_size_outlier;pangenome_fragmented;synteny_fragmented
CANON_01280		GCA_040392305.1	unpaired		GCA_040392305.1	current	GCA_040392305.1	GENBANK	current	current_genbank_singleton	Bradyrhizobium sp.	376		Contig	3188964	65	418	9190	-4.046611	2.0235	manual_review	secondary_fragmented	presence_absence_only	pending	pending	genome_size_outlier;pangenome_fragmented;synteny_fragmented
CANON_01281	GCF_040446015.1	GCA_040446015.1	paired		GCF_040446015.1	current	GCF_040446015.1	REFSEQ	current	current_refseq_preferred	Bradyrhizobium sp. INPA03-11B	418598	INPA03-11B	Scaffold	8764073	64	285	57123	0.317719	0.6745	retain_candidate	primary_contiguity_candidate	presence_absence_only	pending	pending	synteny_fragmented
CANON_01282		GCA_040511085.1	unpaired		GCA_040511085.1	current	GCA_040511085.1	GENBANK	current	current_genbank_singleton	Bradyrhizobium sp.	376		Contig	4806461	64	952	4965	-2.780395	0.6745	retain_candidate	secondary_fragmented	presence_absence_only	pending	pending	pangenome_fragmented;synteny_fragmented
CANON_01283	GCF_040544105.1	GCA_040544105.1	paired		GCF_040544105.1	current	GCF_040544105.1	REFSEQ	current	current_refseq_preferred	Bradyrhizobium diazoefficiens	1355477	USDA 122SR	Contig	9138239	64	1	9138239	0.610625	0.6745	retain_candidate	primary_contiguity_candidate	synteny_candidate	pending	pending	
CANON_01284	GCF_040544145.1	GCA_040544145.1	paired		GCF_040544145.1	current	GCF_040544145.1	REFSEQ	current	current_refseq_preferred	Bradyrhizobium diazoefficiens	1355477	USDA 126	Contig	8984488	64	1	8984488	0.490265	0.6745	retain_candidate	primary_contiguity_candidate	synteny_candidate	pending	pending	
CANON_01285	GCF_040544155.1	GCA_040544155.1	paired		GCF_040544155.1	current	GCF_040544155.1	REFSEQ	current	current_refseq_preferred	Bradyrhizobium diazoefficiens	1355477	USDA 125	Contig	8918172	64	1	8918172	0.438351	0.6745	retain_candidate	primary_contiguity_candidate	synteny_candidate	pending	pending	
CANON_01286	GCF_040544185.1	GCA_040544185.1	paired		GCF_040544185.1	current	GCF_040544185.1	REFSEQ	current	current_refseq_preferred	Bradyrhizobium diazoefficiens	1355477	USDA 127b	Contig	9138052	64	1	9138052	0.610478	0.6745	retain_candidate	primary_contiguity_candidate	synteny_candidate	pending	pending	
CANON_01287	GCF_040544195.1	GCA_040544195.1	paired		GCF_040544195.1	current	GCF_040544195.1	REFSEQ	current	current_refseq_preferred	Bradyrhizobium diazoefficiens	1355477	USDA 133	Contig	9106403	64	1	9106403	0.585703	0.6745	retain_candidate	primary_contiguity_candidate	synteny_candidate	pending	pending	
CANON_01288	GCF_040544215.1	GCA_040544215.1	paired		GCF_040544215.1	current	GCF_040544215.1	REFSEQ	current	current_refseq_preferred	Bradyrhizobium diazoefficiens	1355477	USDA 140	Contig	9021424	64	1	9021424	0.519179	0.6745	retain_candidate	primary_contiguity_candidate	synteny_candidate	pending	pending	
CANON_01289	GCF_040544245.1	GCA_040544245.1	paired		GCF_040544245.1	current	GCF_040544245.1	REFSEQ	current	current_refseq_preferred	Bradyrhizobium elkanii	29448	USDA 131	Contig	9481321	63.5	2	9113225	0.879198	0.0	retain_candidate	primary_contiguity_candidate	synteny_candidate	pending	pending	
CANON_01290	GCF_040544255.1	GCA_040544255.1	paired		GCF_040544255.1	current	GCF_040544255.1	REFSEQ	current	current_refseq_preferred	Bradyrhizobium diazoefficiens	1355477	USDA 137	Contig	9109431	64	1	9109431	0.588073	0.6745	retain_candidate	primary_contiguity_candidate	synteny_candidate	pending	pending	
CANON_01291	GCF_040544285.1	GCA_040544285.1	paired		GCF_040544285.1	current	GCF_040544285.1	REFSEQ	current	current_refseq_preferred	Bradyrhizobium diazoefficiens	1355477	USDA 142	Contig	9144114	64	1	9144114	0.615224	0.6745	retain_candidate	primary_contiguity_candidate	synteny_candidate	pending	pending	
CANON_01292	GCF_040544295.1	GCA_040544295.1	paired		GCF_040544295.1	current	GCF_040544295.1	REFSEQ	current	current_refseq_preferred	Bradyrhizobium ottawaense	931866	USDA 149	Contig	8594607	63.5	1	8594607	0.185056	0.0	retain_candidate	primary_contiguity_candidate	synteny_candidate	pending	pending	
CANON_01293	GCF_040544305.1	GCA_040544305.1	paired		GCF_040544305.1	current	GCF_040544305.1	REFSEQ	current	current_refseq_preferred	Bradyrhizobium diazoefficiens	1355477	USDA 141	Contig	9505917	64	2	9251428	0.898452	0.6745	retain_candidate	primary_contiguity_candidate	synteny_candidate	pending	pending	
CANON_01294	GCF_040544315.1	GCA_040544315.1	paired		GCF_040544315.1	current	GCF_040544315.1	REFSEQ	current	current_refseq_preferred	Bradyrhizobium ottawaense	931866	USDA 154	Contig	8557939	64	1	8557939	0.156352	0.6745	retain_candidate	primary_contiguity_candidate	synteny_candidate	pending	pending	
CANON_01295	GCF_040546575.1	GCA_040546575.1	paired		GCF_040546575.1	current	GCF_040546575.1	REFSEQ	current	current_refseq_preferred	Bradyrhizobium sp. OAE829	2663807	OAE829	Contig	8418455	62	1	8418455	0.04716	-2.0235	retain_candidate	primary_contiguity_candidate	synteny_candidate	pending	pending	
CANON_01296	GCF_040546885.1	GCA_040546885.1	paired		GCF_040546885.1	current	GCF_040546885.1	REFSEQ	current	current_refseq_preferred	Bradyrhizobium sp. S3.2.6	3156428	S3.2.6	Contig	7915132	63.5	72	244961	-0.346853	0.0	retain_candidate	primary_contiguity_candidate	synteny_candidate	pending	pending	
CANON_01297	GCF_040546905.1	GCA_040546905.1	paired		GCF_040546905.1	current	GCF_040546905.1	REFSEQ	current	current_refseq_preferred	Bradyrhizobium sp. S3.3.6	3156429	S3.3.6	Contig	7987968	63.5	34	469413	-0.289835	0.0	retain_candidate	primary_contiguity_candidate	synteny_candidate	pending	pending	
CANON_01298	GCF_040546925.1	GCA_040546925.1	paired		GCF_040546925.1	current	GCF_040546925.1	REFSEQ	current	current_refseq_preferred	Bradyrhizobium sp. S3.2.12	3156387	S3.2.12	Contig	9704911	63.5	96	318994	1.054229	0.0	retain_candidate	primary_contiguity_candidate	synteny_candidate	pending	pending	
CANON_01299	GCF_040546935.1	GCA_040546935.1	paired		GCF_040546935.1	current	GCF_040546935.1	REFSEQ	current	current_refseq_preferred	Bradyrhizobium sp. S3.5.5	3156430	S3.5.5	Contig	9135765	64	67	286054	0.608688	0.6745	retain_candidate	primary_contiguity_candidate	synteny_candidate	pending	pending	
CANON_01300	GCF_040546985.1	GCA_040546985.1	paired		GCF_040546985.1	current	GCF_040546985.1	REFSEQ	current	current_refseq_preferred	Bradyrhizobium sp. S3.9.1	3156431	S3.9.1	Contig	9955613	63.5	88	363053	1.250485	0.0	retain_candidate	primary_contiguity_candidate	synteny_candidate	pending	pending	
CANON_01301	GCF_040547035.1	GCA_040547035.1	paired		GCF_040547035.1	current	GCF_040547035.1	REFSEQ	current	current_refseq_preferred	Bradyrhizobium sp. S3.9.2	3156432	S3.9.2	Contig	9745859	63.5	100	292112	1.086284	0.0	retain_candidate	primary_contiguity_candidate	synteny_candidate	pending	pending	
CANON_01302	GCF_040547635.1	GCA_040547635.1	paired		GCF_040547635.1	current	GCF_040547635.1	REFSEQ	current	current_refseq_preferred	Bradyrhizobium sp. JR19.8	3156370	JR19.8	Contig	10015038	63.5	87	319646	1.297004	0.0	retain_candidate	primary_contiguity_candidate	synteny_candidate	pending	pending	
CANON_01303	GCF_040547655.1	GCA_040547655.1	paired		GCF_040547655.1	current	GCF_040547655.1	REFSEQ	current	current_refseq_preferred	Bradyrhizobium sp. RT7a	3156382	RT7a	Contig	9032984	64	58	524621	0.528229	0.6745	retain_candidate	primary_contiguity_candidate	synteny_candidate	pending	pending	
CANON_01304	GCF_040547675.1	GCA_040547675.1	paired		GCF_040547675.1	current	GCF_040547675.1	REFSEQ	current	current_refseq_preferred	Bradyrhizobium sp. RT6a	3156381	RT6a	Contig	8203142	63	32	803855	-0.121392	-0.6745	retain_candidate	primary_contiguity_candidate	synteny_candidate	pending	pending	
CANON_01305	GCF_040547695.1	GCA_040547695.1	paired		GCF_040547695.1	current	GCF_040547695.1	REFSEQ	current	current_refseq_preferred	Bradyrhizobium sp. JR4.3	3156373	JR4.3	Contig	8801166	63	98	209167	0.346756	-0.6745	retain_candidate	primary_contiguity_candidate	synteny_candidate	pending	pending	
CANON_01306	GCF_040547725.1	GCA_040547725.1	paired		GCF_040547725.1	current	GCF_040547725.1	REFSEQ	current	current_refseq_preferred	Bradyrhizobium sp. LA2.1	3156376	LA2.1	Contig	9928132	63.5	89	260214	1.228972	0.0	retain_candidate	primary_contiguity_candidate	synteny_candidate	pending	pending	
CANON_01307	GCF_040547735.1	GCA_040547735.1	paired		GCF_040547735.1	current	GCF_040547735.1	REFSEQ	current	current_refseq_preferred	Bradyrhizobium sp. JR7.2	3156375	JR7.2	Contig	9571747	63.5	82	305283	0.949985	0.0	retain_candidate	primary_contiguity_candidate	synteny_candidate	pending	pending	
CANON_01308	GCF_040547745.1	GCA_040547745.1	paired		GCF_040547745.1	current	GCF_040547745.1	REFSEQ	current	current_refseq_preferred	Bradyrhizobium sp. JR5.3	3156374	JR5.3	Contig	8965014	63	101	208003	0.47502	-0.6745	retain_candidate	primary_contiguity_candidate	synteny_candidate	pending	pending	
CANON_01309	GCF_040547785.1	GCA_040547785.1	paired		GCF_040547785.1	current	GCF_040547785.1	REFSEQ	current	current_refseq_preferred	Bradyrhizobium sp. LA3.X	3156377	LA3.X	Contig	9590419	63.5	28	1016078	0.964602	0.0	retain_candidate	primary_contiguity_candidate	synteny_candidate	pending	pending	
CANON_01310	GCF_040547805.1	GCA_040547805.1	paired		GCF_040547805.1	current	GCF_040547805.1	REFSEQ	current	current_refseq_preferred	Bradyrhizobium sp. LA6.1	3156378	LA6.1	Contig	9291695	63.5	64	310013	0.730754	0.0	retain_candidate	primary_contiguity_candidate	synteny_candidate	pending	pending	
CANON_01311	GCF_040547825.1	GCA_040547825.1	paired		GCF_040547825.1	current	GCF_040547825.1	REFSEQ	current	current_refseq_preferred	Bradyrhizobium sp. LA6.12	3156319	LA6.12	Contig	9608509	63.5	31	642416	0.978763	0.0	retain_candidate	primary_contiguity_candidate	synteny_candidate	pending	pending	
CANON_01312	GCF_040547835.1	GCA_040547835.1	paired		GCF_040547835.1	current	GCF_040547835.1	REFSEQ	current	current_refseq_preferred	Bradyrhizobium sp. LA6.10	3156318	LA6.10	Contig	10242284	63.5	100	450295	1.474898	0.0	retain_candidate	primary_contiguity_candidate	synteny_candidate	pending	pending	
CANON_01313	GCF_040547865.1	GCA_040547865.1	paired		GCF_040547865.1	current	GCF_040547865.1	REFSEQ	current	current_refseq_preferred	Bradyrhizobium sp. LA6.3	3156320	LA6.3	Contig	9608746	63.5	32	609343	0.978949	0.0	retain_candidate	primary_contiguity_candidate	synteny_candidate	pending	pending	
CANON_01314	GCF_040547875.1	GCA_040547875.1	paired		GCF_040547875.1	current	GCF_040547875.1	REFSEQ	current	current_refseq_preferred	Bradyrhizobium sp. LA6.4	3156321	LA6.4	Contig	9706831	63.5	34	496138	1.055732	0.0	retain_candidate	primary_contiguity_candidate	synteny_candidate	pending	pending	
CANON_01315	GCF_040547905.1	GCA_040547905.1	paired		GCF_040547905.1	current	GCF_040547905.1	REFSEQ	current	current_refseq_preferred	Bradyrhizobium sp. LA6.7	3156322	LA6.7	Contig	9707219	63.5	36	496138	1.056036	0.0	retain_candidate	primary_contiguity_candidate	synteny_candidate	pending	pending	
CANON_01316	GCF_040547925.1	GCA_040547925.1	paired		GCF_040547925.1	current	GCF_040547925.1	REFSEQ	current	current_refseq_preferred	Bradyrhizobium sp. LB12.1	3156327	LB12.1	Contig	7878163	63	90	208860	-0.375793	-0.6745	retain_candidate	primary_contiguity_candidate	synteny_candidate	pending	pending	
CANON_01317	GCF_040547935.1	GCA_040547935.1	paired		GCF_040547935.1	current	GCF_040547935.1	REFSEQ	current	current_refseq_preferred	Bradyrhizobium sp. LA6.8	3156323	LA6.8	Contig	9590372	63.5	25	786358	0.964565	0.0	retain_candidate	primary_contiguity_candidate	synteny_candidate	pending	pending	
CANON_01318	GCF_040547965.1	GCA_040547965.1	paired		GCF_040547965.1	current	GCF_040547965.1	REFSEQ	current	current_refseq_preferred	Bradyrhizobium sp. LA7.1	3156324	LA7.1	Contig	9817913	63.5	74	384425	1.14269	0.0	retain_candidate	primary_contiguity_candidate	synteny_candidate	pending	pending	
CANON_01319	GCF_040547985.1	GCA_040547985.1	paired		GCF_040547985.1	current	GCF_040547985.1	REFSEQ	current	current_refseq_preferred	Bradyrhizobium sp. LB14.3	3156328	LB14.3	Contig	8077691	63	100	242322	-0.219598	-0.6745	retain_candidate	primary_contiguity_candidate	synteny_candidate	pending	pending	
CANON_01320	GCF_040548005.1	GCA_040548005.1	paired		GCF_040548005.1	current	GCF_040548005.1	REFSEQ	current	current_refseq_preferred	Bradyrhizobium sp. LB5.2	3156329	LB5.2	Contig	7962367	63	90	172988	-0.309876	-0.6745	retain_candidate	primary_contiguity_candidate	synteny_candidate	pending	pending	
CANON_01321	GCF_040548025.1	GCA_040548025.1	paired		GCF_040548025.1	current	GCF_040548025.1	REFSEQ	current	current_refseq_preferred	Bradyrhizobium sp. RT10b	3156331	RT10b	Contig	9301974	63.5	66	375929	0.7388	0.0	retain_candidate	primary_contiguity_candidate	synteny_candidate	pending	pending	
CANON_01322	GCF_040548035.1	GCA_040548035.1	paired		GCF_040548035.1	current	GCF_040548035.1	REFSEQ	current	current_refseq_preferred	Bradyrhizobium sp. LB8.2	3156330	LB8.2	Contig	8012592	63	82	179718	-0.270559	-0.6745	retain_candidate	primary_contiguity_candidate	synteny_candidate	pending	pending	
CANON_01323	GCF_040548065.1	GCA_040548065.1	paired		GCF_040548065.1	current	GCF_040548065.1	REFSEQ	current	current_refseq_preferred	Bradyrhizobium sp. RT3a	3156333	RT3a	Contig	9401221	63.5	64	354649	0.816493	0.0	retain_candidate	primary_contiguity_candidate	synteny_candidate	pending	pending	
CANON_01324	GCF_040548075.1	GCA_040548075.1	paired		GCF_040548075.1	current	GCF_040548075.1	REFSEQ	current	current_refseq_preferred	Bradyrhizobium sp. RT3b	3156334	RT3b	Contig	8261050	63	37	803857	-0.07606	-0.6745	retain_candidate	primary_contiguity_candidate	synteny_candidate	pending	pending	
CANON_01325	GCF_040548105.1	GCA_040548105.1	paired		GCF_040548105.1	current	GCF_040548105.1	REFSEQ	current	current_refseq_preferred	Bradyrhizobium sp. RT4b	3156379	RT4b	Contig	9454360	63.5	58	509840	0.858092	0.0	retain_candidate	primary_contiguity_candidate	synteny_candidate	pending	pending	
CANON_01326	GCF_040548115.1	GCA_040548115.1	paired		GCF_040548115.1	current	GCF_040548115.1	REFSEQ	current	current_refseq_preferred	Bradyrhizobium sp. RT4a	3158556	RT4a	Contig	10038562	63.5	94	293624	1.315419	0.0	retain_candidate	primary_contiguity_candidate	synteny_candidate	pending	pending	
CANON_01327	GCF_040548125.1	GCA_040548125.1	paired		GCF_040548125.1	current	GCF_040548125.1	REFSEQ	current	current_refseq_preferred	Bradyrhizobium sp. RT5a	3156380	RT5a	Contig	8228321	63	41	725989	-0.101681	-0.6745	retain_candidate	primary_contiguity_candidate	synteny_candidate	pending	pending	
CANON_01328	GCF_040548165.1	GCA_040548165.1	paired		GCF_040548165.1	current	GCF_040548165.1	REFSEQ	current	current_refseq_preferred	Bradyrhizobium sp. RT7b	3156383	RT7b	Contig	9035059	64	62	423712	0.529853	0.6745	retain_candidate	primary_contiguity_candidate	synteny_candidate	pending	pending	
CANON_01329	GCF_040548205.1	GCA_040548205.1	paired		GCF_040548205.1	current	GCF_040548205.1	REFSEQ	current	current_refseq_preferred	Bradyrhizobium sp. RT9a	3156384	RT9a	Contig	9784707	63.5	99	259203	1.116695	0.0	retain_candidate	primary_contiguity_candidate	synteny_candidate	pending	pending	
CANON_01330	GCF_040548215.1	GCA_040548215.1	paired		GCF_040548215.1	current	GCF_040548215.1	REFSEQ	current	current_refseq_preferred	Bradyrhizobium sp. RT9b	3156385	RT9b	Contig	9632195	63.5	69	330647	0.997305	0.0	retain_candidate	primary_contiguity_candidate	synteny_candidate	pending	pending	
CANON_01331	GCF_040548225.1	GCA_040548225.1	paired		GCF_040548225.1	current	GCF_040548225.1	REFSEQ	current	current_refseq_preferred	Bradyrhizobium sp. S3.12.5	3156386	S3.12.5	Contig	7964738	63.5	64	277759	-0.30802	0.0	retain_candidate	primary_contiguity_candidate	synteny_candidate	pending	pending	
CANON_01332	GCF_040548265.1	GCA_040548265.1	paired		GCF_040548265.1	current	GCF_040548265.1	REFSEQ	current	current_refseq_preferred	Bradyrhizobium sp. F1.13.3	3156351	F1.13.3	Contig	9113783	63	74	374589	0.59148	-0.6745	retain_candidate	primary_contiguity_candidate	synteny_candidate	pending	pending	
CANON_01333	GCF_040548275.1	GCA_040548275.1	paired		GCF_040548275.1	current	GCF_040548275.1	REFSEQ	current	current_refseq_preferred	Bradyrhizobium sp. F1.1.1	3156350	F1.1.1	Contig	8568796	63	84	371354	0.164851	-0.6745	retain_candidate	primary_contiguity_candidate	synteny_candidate	pending	pending	
CANON_01334	GCF_040548305.1	GCA_040548305.1	paired		GCF_040548305.1	current	GCF_040548305.1	REFSEQ	current	current_refseq_preferred	Bradyrhizobium sp. F1.2.1	3156352	F1.2.1	Contig	8601059	63	89	329311	0.190107	-0.6745	retain_candidate	primary_contiguity_candidate	synteny_candidate	pending	pending	
CANON_01335	GCF_040548315.1	GCA_040548315.1	paired		GCF_040548315.1	current	GCF_040548315.1	REFSEQ	current	current_refseq_preferred	Bradyrhizobium sp. F1.2.2	3156353	F1.2.2	Contig	8602579	63	79	371354	0.191297	-0.6745	retain_candidate	primary_contiguity_candidate	synteny_candidate	pending	pending	
CANON_01336	GCF_040548325.1	GCA_040548325.1	paired		GCF_040548325.1	current	GCF_040548325.1	REFSEQ	current	current_refseq_preferred	Bradyrhizobium sp. F1.2.6	3156354	F1.2.6	Contig	8599779	63	85	273423	0.189105	-0.6745	retain_candidate	primary_contiguity_candidate	synteny_candidate	pending	pending	
CANON_01337	GCF_040548365.1	GCA_040548365.1	paired		GCF_040548365.1	current	GCF_040548365.1	REFSEQ	current	current_refseq_preferred	Bradyrhizobium sp. F1.2.8	3156355	F1.2.8	Contig	8602333	63	82	329311	0.191105	-0.6745	retain_candidate	primary_contiguity_candidate	synteny_candidate	pending	pending	
CANON_01338	GCF_040548375.1	GCA_040548375.1	paired		GCF_040548375.1	current	GCF_040548375.1	REFSEQ	current	current_refseq_preferred	Bradyrhizobium sp. F1.4.3	3156356	F1.4.3	Contig	7869783	63.5	49	282485	-0.382353	0.0	retain_candidate	primary_contiguity_candidate	synteny_candidate	pending	pending	
CANON_01339	GCF_040548405.1	GCA_040548405.1	paired		GCF_040548405.1	current	GCF_040548405.1	REFSEQ	current	current_refseq_preferred	Bradyrhizobium sp. GM2.2	3156358	GM2.2	Contig	8347125	63	91	297512	-0.008678	-0.6745	retain_candidate	primary_contiguity_candidate	synteny_candidate	pending	pending	
CANON_01340	GCF_040548415.1	GCA_040548415.1	paired		GCF_040548415.1	current	GCF_040548415.1	REFSEQ	current	current_refseq_preferred	Bradyrhizobium sp. F1.6.2	3156357	F1.6.2	Contig	8603075	63	82	452989	0.191685	-0.6745	retain_candidate	primary_contiguity_candidate	synteny_candidate	pending	pending	
CANON_01341	GCF_040548425.1	GCA_040548425.1	paired		GCF_040548425.1	current	GCF_040548425.1	REFSEQ	current	current_refseq_preferred	Bradyrhizobium sp. i1.15.2	3156362	i1.15.2	Contig	8302647	63	91	228868	-0.043497	-0.6745	retain_candidate	primary_contiguity_candidate	synteny_candidate	pending	pending	
CANON_01342	GCF_040548435.1	GCA_040548435.1	paired		GCF_040548435.1	current	GCF_040548435.1	REFSEQ	current	current_refseq_preferred	Bradyrhizobium sp. I1.8.5	3156365	I1.8.5	Contig	9362176	63.5	69	547445	0.785928	0.0	retain_candidate	primary_contiguity_candidate	synteny_candidate	pending	pending	
CANON_01343	GCF_040548445.1	GCA_040548445.1	paired		GCF_040548445.1	current	GCF_040548445.1	REFSEQ	current	current_refseq_preferred	Bradyrhizobium sp. I1.7.5	3156363	I1.7.5	Contig	9802711	63.5	104	275359	1.130789	0.0	retain_candidate	primary_contiguity_candidate	synteny_candidate	pending	pending	
CANON_01344	GCF_040548505.1	GCA_040548505.1	paired		GCF_040548505.1	current	GCF_040548505.1	REFSEQ	current	current_refseq_preferred	Bradyrhizobium sp. JR1.7	3156368	JR1.7	Contig	8965941	63	99	228494	0.475746	-0.6745	retain_candidate	primary_contiguity_candidate	synteny_candidate	pending	pending	
CANON_01345	GCF_040548515.1	GCA_040548515.1	paired		GCF_040548515.1	current	GCF_040548515.1	REFSEQ	current	current_refseq_preferred	Bradyrhizobium sp. JR18.2	3156369	JR18.2	Contig	9446081	63.5	62	298120	0.851611	0.0	retain_candidate	primary_contiguity_candidate	synteny_candidate	pending	pending	
CANON_01346	GCF_040548525.1	GCA_040548525.1	paired		GCF_040548525.1	current	GCF_040548525.1	REFSEQ	current	current_refseq_preferred	Bradyrhizobium sp. JR3.12	3156371	JR3.12	Contig	8903709	63	104	228494	0.427029	-0.6745	retain_candidate	primary_contiguity_candidate	synteny_candidate	pending	pending	
CANON_01347	GCF_040548535.1	GCA_040548535.1	paired		GCF_040548535.1	current	GCF_040548535.1	REFSEQ	current	current_refseq_preferred	Bradyrhizobium sp. JR1.5	3156367	JR1.5	Contig	8804134	63	100	209167	0.349079	-0.6745	retain_candidate	primary_contiguity_candidate	synteny_candidate	pending	pending	
CANON_01348	GCF_040548545.1	GCA_040548545.1	paired		GCF_040548545.1	current	GCF_040548545.1	REFSEQ	current	current_refseq_preferred	Bradyrhizobium sp. JR1.1	3156366	JR1.1	Contig	8801034	63	103	208910	0.346652	-0.6745	retain_candidate	primary_contiguity_candidate	synteny_candidate	pending	pending	
CANON_01349	GCF_040548605.1	GCA_040548605.1	paired		GCF_040548605.1	current	GCF_040548605.1	REFSEQ	current	current_refseq_preferred	Bradyrhizobium sp. JR4.1	3156372	JR4.1	Contig	8785755	63	83	251730	0.334692	-0.6745	retain_candidate	primary_contiguity_candidate	synteny_candidate	pending	pending	
CANON_01350	GCF_040549355.1	GCA_040549355.1	paired		GCF_040549355.1	current	GCF_040549355.1	REFSEQ	current	current_refseq_preferred	Bradyrhizobium sp. LA8.1	3156325	LA8.1	Contig	9590747	63.5	26	786358	0.964859	0.0	retain_candidate	primary_contiguity_candidate	synteny_candidate	pending	pending	
CANON_01351	GCF_040549385.1	GCA_040549385.1	paired		GCF_040549385.1	current	GCF_040549385.1	REFSEQ	current	current_refseq_preferred	Bradyrhizobium sp. LB11.1	3156326	LB11.1	Contig	7653939	63	63	459388	-0.551321	-0.6745	retain_candidate	primary_contiguity_candidate	synteny_candidate	pending	pending	
CANON_01352	GCF_040549445.1	GCA_040549445.1	paired		GCF_040549445.1	current	GCF_040549445.1	REFSEQ	current	current_refseq_preferred	Bradyrhizobium sp. RT11b	3156332	RT11b	Contig	9402094	63.5	70	412168	0.817177	0.0	retain_candidate	primary_contiguity_candidate	synteny_candidate	pending	pending	
CANON_01353	GCF_040549505.1	GCA_040549505.1	paired		GCF_040549505.1	current	GCF_040549505.1	REFSEQ	current	current_refseq_preferred	Bradyrhizobium elkanii	29448	USDA 121	Contig	9525877	63.5	2	9228813	0.914077	0.0	retain_candidate	primary_contiguity_candidate	synteny_candidate	pending	pending	
CANON_01354	GCF_040549545.1	GCA_040549545.1	paired		GCF_040549545.1	current	GCF_040549545.1	REFSEQ	current	current_refseq_preferred	Bradyrhizobium japonicum	375	USDA 138	Contig	9226674	63.5	1	9226674	0.679854	0.0	retain_candidate	primary_contiguity_candidate	synteny_candidate	pending	pending	
CANON_01355	GCF_040549565.1	GCA_040549565.1	paired		GCF_040549565.1	current	GCF_040549565.1	REFSEQ	current	current_refseq_preferred	Bradyrhizobium japonicum	375	USDA 159	Contig	9715304	63.5	1	9715304	1.062365	0.0	retain_candidate	primary_contiguity_candidate	synteny_candidate	pending	pending	
CANON_01356	GCF_040549585.1	GCA_040549585.1	paired		GCF_040549585.1	current	GCF_040549585.1	REFSEQ	current	current_refseq_preferred	Bradyrhizobium japonicum	375	USDA 160	Contig	10359791	63.5	2	9951932	1.566885	0.0	retain_candidate	primary_contiguity_candidate	synteny_candidate	pending	pending	
CANON_01357	GCF_040549605.1	GCA_040549605.1	paired		GCF_040549605.1	current	GCF_040549605.1	REFSEQ	current	current_refseq_preferred	Bradyrhizobium japonicum	375	USDA 161	Contig	9777291	63.5	1	9777291	1.11089	0.0	retain_candidate	primary_contiguity_candidate	synteny_candidate	pending	pending	
CANON_01358	GCF_040549625.1	GCA_040549625.1	paired		GCF_040549625.1	current	GCF_040549625.1	REFSEQ	current	current_refseq_preferred	Bradyrhizobium ottawaense	931866	USDA 180	Contig	8525901	64	1	8525901	0.131272	0.6745	retain_candidate	primary_contiguity_candidate	synteny_candidate	pending	pending	
CANON_01359	GCF_040549645.1	GCA_040549645.1	paired		GCF_040549645.1	current	GCF_040549645.1	REFSEQ	current	current_refseq_preferred	Bradyrhizobium japonicum	375	USDA 174	Contig	9987729	63.5	2	9418146	1.275626	0.0	retain_candidate	primary_contiguity_candidate	synteny_candidate	pending	pending	
CANON_01360	GCF_040549665.1	GCA_040549665.1	paired		GCF_040549665.1	current	GCF_040549665.1	REFSEQ	current	current_refseq_preferred	Bradyrhizobium ottawaense	931866	USDA 181	Contig	8582162	64	1	8582162	0.175314	0.6745	retain_candidate	primary_contiguity_candidate	synteny_candidate	pending	pending	
CANON_01361	GCF_040939785.1	GCA_040939785.1	paired		GCF_040939785.1	current	GCF_040939785.1	REFSEQ	current	current_refseq_preferred	Bradyrhizobium lupini	136996	LLZ14	Complete Genome	7826318	63.5	1	7826318	-0.416379	0.0	retain_candidate	primary_contiguity_candidate	synteny_candidate	pending	pending	
CANON_01362	GCF_041200145.1	GCA_041200145.1	paired		GCF_041200145.1	current	GCF_041200145.1	REFSEQ	current	current_refseq_preferred	Bradyrhizobium zaerense	3239388	LLZ17	Complete Genome	7803520	63	1	7803520	-0.434225	-0.6745	retain_candidate	primary_contiguity_candidate	synteny_candidate	pending	pending	
CANON_01363	GCF_041260235.1	GCA_041260235.1	paired		GCF_041260235.1	current	GCF_041260235.1	REFSEQ	current	current_refseq_preferred	Bradyrhizobium elkanii	29448	USDA 271	Contig	9872305	63.5	3	9560958	1.185269	0.0	retain_candidate	primary_contiguity_candidate	synteny_candidate	pending	pending	
CANON_01364	GCF_041260255.1	GCA_041260255.1	paired		GCF_041260255.1	current	GCF_041260255.1	REFSEQ	current	current_refseq_preferred	Bradyrhizobium yuanmingense	108015	USDA 333	Contig	8433329	63.5	2	8171167	0.058804	0.0	retain_candidate	primary_contiguity_candidate	synteny_candidate	pending	pending	
CANON_01365	GCF_041260275.1	GCA_041260275.1	paired		GCF_041260275.1	current	GCF_041260275.1	REFSEQ	current	current_refseq_preferred	Bradyrhizobium elkanii	29448	USDA 312	Contig	9590647	63.5	2	9292986	0.964781	0.0	retain_candidate	primary_contiguity_candidate	synteny_candidate	pending	pending	
CANON_01366	GCF_041260305.1	GCA_041260305.1	paired		GCF_041260305.1	current	GCF_041260305.1	REFSEQ	current	current_refseq_preferred	Bradyrhizobium elkanii	29448	USDA 238	Contig	9892621	63.5	3	9493799	1.201173	0.0	retain_candidate	primary_contiguity_candidate	synteny_candidate	pending	pending	
CANON_01367	GCF_041260325.1	GCA_041260325.1	paired		GCF_041260325.1	current	GCF_041260325.1	REFSEQ	current	current_refseq_preferred	Bradyrhizobium ottawaense	931866	USDA 307	Contig	8428657	64	1	8428657	0.055147	0.6745	retain_candidate	primary_contiguity_candidate	synteny_candidate	pending	pending	
CANON_01368	GCF_041260385.1	GCA_041260385.1	paired		GCF_041260385.1	current	GCF_041260385.1	REFSEQ	current	current_refseq_preferred	Bradyrhizobium yuanmingense	108015	USDA 230	Contig	7863313	64	1	7863313	-0.387418	0.6745	retain_candidate	primary_contiguity_candidate	synteny_candidate	pending	pending	
CANON_01369	GCF_041260405.1	GCA_041260405.1	paired		GCF_041260405.1	current	GCF_041260405.1	REFSEQ	current	current_refseq_preferred	Bradyrhizobium japonicum	375	USDA 168	Contig	11225964	63	6	9657706	2.244946	-0.6745	retain_candidate	primary_contiguity_candidate	synteny_candidate	pending	pending	
CANON_01370	GCF_041260425.1	GCA_041260425.1	paired		GCF_041260425.1	current	GCF_041260425.1	REFSEQ	current	current_refseq_preferred	Bradyrhizobium elkanii	29448	USDA 414	Contig	9836467	63.5	4	9114566	1.157214	0.0	retain_candidate	primary_contiguity_candidate	synteny_candidate	pending	pending	
CANON_01371	GCF_041260445.1	GCA_041260445.1	paired		GCF_041260445.1	current	GCF_041260445.1	REFSEQ	current	current_refseq_preferred	Bradyrhizobium ottawaense	931866	USDA 288	Contig	8676934	63.5	2	8419383	0.249504	0.0	retain_candidate	primary_contiguity_candidate	synteny_candidate	pending	pending	
CANON_01372	GCF_041260465.1	GCA_041260465.1	paired		GCF_041260465.1	current	GCF_041260465.1	REFSEQ	current	current_refseq_preferred	Bradyrhizobium diazoefficiens	1355477	USDA 318	Contig	9098904	64	1	9098904	0.579832	0.6745	retain_candidate	primary_contiguity_candidate	synteny_candidate	pending	pending	
CANON_01373	GCF_041260485.1	GCA_041260485.1	paired		GCF_041260485.1	current	GCF_041260485.1	REFSEQ	current	current_refseq_preferred	Bradyrhizobium ottawaense	931866	USDA 287	Contig	8826066	63.5	2	8415337	0.366248	0.0	retain_candidate	primary_contiguity_candidate	synteny_candidate	pending	pending	
CANON_01374	GCF_041260525.1	GCA_041260525.1	paired		GCF_041260525.1	current	GCF_041260525.1	REFSEQ	current	current_refseq_preferred	Bradyrhizobium japonicum	375	USDA 162	Contig	11725478	63	5	10814619	2.635978	-0.6745	retain_candidate	primary_contiguity_candidate	synteny_candidate	pending	pending	
CANON_01375	GCF_041260565.1	GCA_041260565.1	paired		GCF_041260565.1	current	GCF_041260565.1	REFSEQ	current	current_refseq_preferred	Bradyrhizobium diazoefficiens	1355477	USDA 314	Contig	9504095	64	2	9249606	0.897026	0.6745	retain_candidate	primary_contiguity_candidate	synteny_candidate	pending	pending	
CANON_01376	GCF_041260605.1	GCA_041260605.1	paired		GCF_041260605.1	current	GCF_041260605.1	REFSEQ	current	current_refseq_preferred	Bradyrhizobium yuanmingense	108015	USDA 237	Contig	8455540	63.5	2	8102851	0.076191	0.0	retain_candidate	primary_contiguity_candidate	synteny_candidate	pending	pending	
CANON_01377	GCF_041260645.1	GCA_041260645.1	paired		GCF_041260645.1	current	GCF_041260645.1	REFSEQ	current	current_refseq_preferred	Bradyrhizobium elkanii	29448	USDA 260	Contig	9895073	63.5	3	9496254	1.203093	0.0	retain_candidate	primary_contiguity_candidate	synteny_candidate	pending	pending	
CANON_01378	GCF_041260705.1	GCA_041260705.1	paired		GCF_041260705.1	current	GCF_041260705.1	REFSEQ	current	current_refseq_preferred	Bradyrhizobium elkanii	29448	USDA 272	Contig	9917063	63.5	4	9366378	1.220307	0.0	retain_candidate	primary_contiguity_candidate	synteny_candidate	pending	pending	
CANON_01379	GCF_041260725.1	GCA_041260725.1	paired		GCF_041260725.1	current	GCF_041260725.1	REFSEQ	current	current_refseq_preferred	Bradyrhizobium elkanii	29448	USDA 275	Contig	9869151	63.5	3	9375107	1.1828	0.0	retain_candidate	primary_contiguity_candidate	synteny_candidate	pending	pending	
CANON_01380	GCF_041260765.1	GCA_041260765.1	paired		GCF_041260765.1	current	GCF_041260765.1	REFSEQ	current	current_refseq_preferred	Bradyrhizobium elkanii	29448	USDA 421	Contig	9749810	63.5	3	9273925	1.089377	0.0	retain_candidate	primary_contiguity_candidate	synteny_candidate	pending	pending	
CANON_01381	GCF_041260805.1	GCA_041260805.1	paired		GCF_041260805.1	current	GCF_041260805.1	REFSEQ	current	current_refseq_preferred	Bradyrhizobium diazoefficiens	1355477	USDA 303	Contig	9348859	64	1	9348859	0.775503	0.6745	retain_candidate	primary_contiguity_candidate	synteny_candidate	pending	pending	
CANON_01382	GCF_041260825.1	GCA_041260825.1	paired		GCF_041260825.1	current	GCF_041260825.1	REFSEQ	current	current_refseq_preferred	Bradyrhizobium yuanmingense	108015	USDA 248	Contig	7967717	64	1	7967717	-0.305688	0.6745	retain_candidate	primary_contiguity_candidate	synteny_candidate	pending	pending	
CANON_01383	GCF_041260845.1	GCA_041260845.1	paired		GCF_041260845.1	current	GCF_041260845.1	REFSEQ	current	current_refseq_preferred	Bradyrhizobium diazoefficiens	1355477	USDA 278	Contig	8890061	64	1	8890061	0.416345	0.6745	retain_candidate	primary_contiguity_candidate	synteny_candidate	pending	pending	
CANON_01384		GCA_041260865.1	unpaired		GCA_041260865.1	current	GCA_041260865.1	GENBANK	current	current_genbank_singleton	Bradyrhizobium diazoefficiens	1355477	USDA 250	Contig	10387854	63.5	9	9520102	1.588853	0.0	retain_candidate	primary_contiguity_candidate	synteny_candidate	pending	pending	
CANON_01385	GCF_041260885.1	GCA_041260885.1	paired		GCF_041260885.1	current	GCF_041260885.1	REFSEQ	current	current_refseq_preferred	Bradyrhizobium japonicum	375	USDA 323	Contig	11664439	63	4	10856969	2.588195	-0.6745	retain_candidate	primary_contiguity_candidate	synteny_candidate	pending	pending	
CANON_01386	GCF_041260905.1	GCA_041260905.1	paired		GCF_041260905.1	current	GCF_041260905.1	REFSEQ	current	current_refseq_preferred	Bradyrhizobium ottawaense	931866	USDA 289	Contig	8831481	63.5	2	8420750	0.370487	0.0	retain_candidate	primary_contiguity_candidate	synteny_candidate	pending	pending	
CANON_01387	GCF_041260915.1	GCA_041260915.1	paired		GCF_041260915.1	current	GCF_041260915.1	REFSEQ	current	current_refseq_preferred	Bradyrhizobium diazoefficiens	1355477	USDA 325	Contig	9111287	64	1	9111287	0.589526	0.6745	retain_candidate	primary_contiguity_candidate	synteny_candidate	pending	pending	
CANON_01388	GCF_041260945.1	GCA_041260945.1	paired		GCF_041260945.1	current	GCF_041260945.1	REFSEQ	current	current_refseq_preferred	Bradyrhizobium elkanii	29448	USDA 310	Contig	9729526	63.5	2	9432944	1.073498	0.0	retain_candidate	primary_contiguity_candidate	synteny_candidate	pending	pending	
CANON_01389	GCF_041260965.1	GCA_041260965.1	paired		GCF_041260965.1	current	GCF_041260965.1	REFSEQ	current	current_refseq_preferred	Bradyrhizobium ottawaense	931866	USDA 152	Contig	8908546	63.5	3	8446768	0.430815	0.0	retain_candidate	primary_contiguity_candidate	synteny_candidate	pending	pending	
CANON_01390	GCF_041261005.1	GCA_041261005.1	paired		GCF_041261005.1	current	GCF_041261005.1	REFSEQ	current	current_refseq_preferred	Bradyrhizobium japonicum	375	USDA 164	Contig	11377889	63	5	9947902	2.363877	-0.6745	retain_candidate	primary_contiguity_candidate	synteny_candidate	pending	pending	
CANON_01391	GCF_041261045.1	GCA_041261045.1	paired		GCF_041261045.1	current	GCF_041261045.1	REFSEQ	current	current_refseq_preferred	Bradyrhizobium elkanii	29448	USDA 269	Contig	9526870	63.5	2	9253897	0.914854	0.0	retain_candidate	primary_contiguity_candidate	synteny_candidate	pending	pending	
CANON_01392	GCF_041261065.1	GCA_041261065.1	paired		GCF_041261065.1	current	GCF_041261065.1	REFSEQ	current	current_refseq_preferred	Bradyrhizobium japonicum	375	USDA 322	Contig	10360835	63.5	2	9865288	1.567702	0.0	retain_candidate	primary_contiguity_candidate	synteny_candidate	pending	pending	
CANON_01393	GCF_041261105.1	GCA_041261105.1	paired		GCF_041261105.1	current	GCF_041261105.1	REFSEQ	current	current_refseq_preferred	Bradyrhizobium ottawaense	931866	USDA 292	Contig	8833422	63.5	2	8422693	0.372007	0.0	retain_candidate	primary_contiguity_candidate	synteny_candidate	pending	pending	
CANON_01394		GCA_041261125.1	unpaired		GCA_041261125.1	current	GCA_041261125.1	GENBANK	current	current_genbank_singleton	Bradyrhizobium diazoefficiens	1355477	USDA 110	Contig	10535673	63.5	5	9773325	1.70457	0.0	retain_candidate	primary_contiguity_candidate	synteny_candidate	pending	pending	
CANON_01395	GCF_041261145.1	GCA_041261145.1	paired		GCF_041261145.1	current	GCF_041261145.1	REFSEQ	current	current_refseq_preferred	Bradyrhizobium ottawaense	931866	USDA 234	Contig	8501767	64	2	7129616	0.112379	0.6745	retain_candidate	primary_contiguity_candidate	synteny_candidate	pending	pending	
CANON_01396	GCF_041261165.1	GCA_041261165.1	paired		GCF_041261165.1	current	GCF_041261165.1	REFSEQ	current	current_refseq_preferred	Bradyrhizobium diazoefficiens	1355477	USDA 279	Contig	9143280	64	1	9143280	0.614571	0.6745	retain_candidate	primary_contiguity_candidate	synteny_candidate	pending	pending	
CANON_01397	GCF_041261245.1	GCA_041261245.1	paired		GCF_041261245.1	current	GCF_041261245.1	REFSEQ	current	current_refseq_preferred	Bradyrhizobium elkanii	29448	USDA 415	Contig	9914123	63.5	2	9618424	1.218005	0.0	retain_candidate	primary_contiguity_candidate	synteny_candidate	pending	pending	
CANON_01398	GCF_041261285.1	GCA_041261285.1	paired		GCF_041261285.1	current	GCF_041261285.1	REFSEQ	current	current_refseq_preferred	Bradyrhizobium japonicum	375	USDA 178	Contig	11288092	63	7	9794003	2.293581	-0.6745	retain_candidate	primary_contiguity_candidate	synteny_candidate	pending	pending	
CANON_01399	GCF_041261325.1	GCA_041261325.1	paired		GCF_041261325.1	current	GCF_041261325.1	REFSEQ	current	current_refseq_preferred	Bradyrhizobium yuanmingense	108015	USDA 224	Contig	8411447	63.5	2	8242601	0.041674	0.0	retain_candidate	primary_contiguity_candidate	synteny_candidate	pending	pending	
CANON_01400	GCF_041261345.1	GCA_041261345.1	paired		GCF_041261345.1	current	GCF_041261345.1	REFSEQ	current	current_refseq_preferred	Bradyrhizobium elkanii	29448	USDA 420	Contig	9944818	63.5	3	9452723	1.242034	0.0	retain_candidate	primary_contiguity_candidate	synteny_candidate	pending	pending	
CANON_01401	GCF_041261365.1	GCA_041261365.1	paired		GCF_041261365.1	current	GCF_041261365.1	REFSEQ	current	current_refseq_preferred	Bradyrhizobium ottawaense	931866	USDA 306	Contig	8431064	64	1	8431064	0.057031	0.6745	retain_candidate	primary_contiguity_candidate	synteny_candidate	pending	pending	
CANON_01402	GCF_041261425.1	GCA_041261425.1	paired		GCF_041261425.1	current	GCF_041261425.1	REFSEQ	current	current_refseq_preferred	Bradyrhizobium elkanii	29448	USDA 270	Contig	9866265	63.5	2	9567212	1.180541	0.0	retain_candidate	primary_contiguity_candidate	synteny_candidate	pending	pending	
CANON_01403	GCF_041261485.1	GCA_041261485.1	paired		GCF_041261485.1	current	GCF_041261485.1	REFSEQ	current	current_refseq_preferred	Bradyrhizobium diazoefficiens	1355477	USDA 262	Contig	9141632	64	1	9141632	0.613281	0.6745	retain_candidate	primary_contiguity_candidate	synteny_candidate	pending	pending	
CANON_01404	GCF_041261505.1	GCA_041261505.1	paired		GCF_041261505.1	current	GCF_041261505.1	REFSEQ	current	current_refseq_preferred	Bradyrhizobium japonicum	375	USDA 163	Contig	11736370	63	5	7309709	2.644504	-0.6745	retain_candidate	primary_contiguity_candidate	synteny_candidate	pending	pending	
CANON_01405	GCF_041261525.1	GCA_041261525.1	paired		GCF_041261525.1	current	GCF_041261525.1	REFSEQ	current	current_refseq_preferred	Bradyrhizobium japonicum	375	USDA 165	Contig	11253107	63	4	10712589	2.266194	-0.6745	retain_candidate	primary_contiguity_candidate	synteny_candidate	pending	pending	
CANON_01406	GCF_041261545.1	GCA_041261545.1	paired		GCF_041261545.1	current	GCF_041261545.1	REFSEQ	current	current_refseq_preferred	Bradyrhizobium japonicum	375	USDA 175	Contig	11647823	63	5	10619699	2.575187	-0.6745	retain_candidate	primary_contiguity_candidate	synteny_candidate	pending	pending	
CANON_01407	GCF_041261585.1	GCA_041261585.1	paired		GCF_041261585.1	current	GCF_041261585.1	REFSEQ	current	current_refseq_preferred	Bradyrhizobium elkanii	29448	USDA 334	Contig	9700130	63.5	6	6217216	1.050486	0.0	retain_candidate	primary_contiguity_candidate	synteny_candidate	pending	pending	
CANON_01408	GCF_041261605.1	GCA_041261605.1	paired		GCF_041261605.1	current	GCF_041261605.1	REFSEQ	current	current_refseq_preferred	Bradyrhizobium japonicum	375	USDA 170	Contig	11126906	63	8	2934245	2.167401	-0.6745	retain_candidate	primary_contiguity_candidate	synteny_candidate	pending	pending	
CANON_01409	GCF_041261625.1	GCA_041261625.1	paired		GCF_041261625.1	current	GCF_041261625.1	REFSEQ	current	current_refseq_preferred	Bradyrhizobium japonicum	375	USDA 176	Contig	11644275	63	5	10616160	2.57241	-0.6745	retain_candidate	primary_contiguity_candidate	synteny_candidate	pending	pending	
CANON_01410	GCF_041261705.1	GCA_041261705.1	paired		GCF_041261705.1	current	GCF_041261705.1	REFSEQ	current	current_refseq_preferred	Bradyrhizobium ottawaense	931866	USDA 304	Contig	8896748	63.5	3	8434964	0.42158	0.0	retain_candidate	primary_contiguity_candidate	synteny_candidate	pending	pending	
CANON_01411	GCF_041261765.1	GCA_041261765.1	paired		GCF_041261765.1	current	GCF_041261765.1	REFSEQ	current	current_refseq_preferred	Bradyrhizobium ottawaense	931866	USDA 235	Contig	8585275	64	1	8585275	0.177751	0.6745	retain_candidate	primary_contiguity_candidate	synteny_candidate	pending	pending	
CANON_01412	GCF_041261785.1	GCA_041261785.1	paired		GCF_041261785.1	current	GCF_041261785.1	REFSEQ	current	current_refseq_preferred	Bradyrhizobium sp. USDA 313	3156307	USDA 313	Contig	7955144	64	1	7955144	-0.315531	0.6745	retain_candidate	primary_contiguity_candidate	synteny_candidate	pending	pending	
CANON_01413	GCF_041261805.1	GCA_041261805.1	paired		GCF_041261805.1	current	GCF_041261805.1	REFSEQ	current	current_refseq_preferred	Bradyrhizobium ottawaense	931866	USDA 286	Contig	8830528	63.5	2	8419798	0.369741	0.0	retain_candidate	primary_contiguity_candidate	synteny_candidate	pending	pending	
CANON_01414	GCF_041261825.1	GCA_041261825.1	paired		GCF_041261825.1	current	GCF_041261825.1	REFSEQ	current	current_refseq_preferred	Bradyrhizobium japonicum	375	USDA 219	Contig	11773018	63	6	10729943	2.673193	-0.6745	retain_candidate	primary_contiguity_candidate	synteny_candidate	pending	pending	
CANON_01415	GCF_041261865.1	GCA_041261865.1	paired		GCF_041261865.1	current	GCF_041261865.1	REFSEQ	current	current_refseq_preferred	Bradyrhizobium japonicum	375	USDA 167	Contig	11005000	63.5	4	10523574	2.07197	0.0	retain_candidate	primary_contiguity_candidate	synteny_candidate	pending	pending	
CANON_01416	GCF_041261885.1	GCA_041261885.1	paired		GCF_041261885.1	current	GCF_041261885.1	REFSEQ	current	current_refseq_preferred	Bradyrhizobium japonicum	375	USDA 247	Contig	11614453	63	5	9553904	2.549065	-0.6745	retain_candidate	primary_contiguity_candidate	synteny_candidate	pending	pending	
CANON_01417	GCF_041261905.1	GCA_041261905.1	paired		GCF_041261905.1	current	GCF_041261905.1	REFSEQ	current	current_refseq_preferred	Bradyrhizobium yuanmingense	108015	USDA 274	Contig	6972809	64.5	2	6930236	-1.084526	1.349	retain_candidate	primary_contiguity_candidate	synteny_candidate	pending	pending	
CANON_01418	GCF_041261925.1	GCA_041261925.1	paired		GCF_041261925.1	current	GCF_041261925.1	REFSEQ	current	current_refseq_preferred	Bradyrhizobium ottawaense	931866	USDA 305	Contig	8900405	63.5	3	8438608	0.424443	0.0	retain_candidate	primary_contiguity_candidate	synteny_candidate	pending	pending	
CANON_01419	GCF_041261945.1	GCA_041261945.1	paired		GCF_041261945.1	current	GCF_041261945.1	REFSEQ	current	current_refseq_preferred	Bradyrhizobium ottawaense	931866	USDA 233	Contig	8402463	64	1	8402463	0.034642	0.6745	retain_candidate	primary_contiguity_candidate	synteny_candidate	pending	pending	
CANON_01420	GCF_041261965.1	GCA_041261965.1	paired		GCF_041261965.1	current	GCF_041261965.1	REFSEQ	current	current_refseq_preferred	Bradyrhizobium yuanmingense	108015	USDA 332	Contig	8454531	63.5	2	8119729	0.075402	0.0	retain_candidate	primary_contiguity_candidate	synteny_candidate	pending	pending	
CANON_01421	GCF_041261985.1	GCA_041261985.1	paired		GCF_041261985.1	current	GCF_041261985.1	REFSEQ	current	current_refseq_preferred	Bradyrhizobium japonicum	375	USDA 296	Contig	11627351	63	5	10535668	2.559161	-0.6745	retain_candidate	primary_contiguity_candidate	synteny_candidate	pending	pending	
CANON_01422	GCF_041262005.1	GCA_041262005.1	paired		GCF_041262005.1	current	GCF_041262005.1	REFSEQ	current	current_refseq_preferred	Bradyrhizobium yuanmingense	108015	USDA 222	Contig	8501718	63.5	2	8151861	0.112341	0.0	retain_candidate	primary_contiguity_candidate	synteny_candidate	pending	pending	
CANON_01423	GCF_041262045.1	GCA_041262045.1	paired		GCF_041262045.1	current	GCF_041262045.1	REFSEQ	current	current_refseq_preferred	Bradyrhizobium elkanii	29448	USDA 259	Contig	9893301	63.5	3	9494485	1.201705	0.0	retain_candidate	primary_contiguity_candidate	synteny_candidate	pending	pending	
CANON_01424	GCF_041262065.1	GCA_041262065.1	paired		GCF_041262065.1	current	GCF_041262065.1	REFSEQ	current	current_refseq_preferred	Bradyrhizobium sp. USDA 327	3156308	USDA 327	Contig	8175291	64	1	8175291	-0.143194	0.6745	retain_candidate	primary_contiguity_candidate	synteny_candidate	pending	pending	
CANON_01425	GCF_041262105.1	GCA_041262105.1	paired		GCF_041262105.1	current	GCF_041262105.1	REFSEQ	current	current_refseq_preferred	Bradyrhizobium ottawaense	931866	USDA 290	Contig	8706273	63.5	3	7608563	0.272471	0.0	retain_candidate	primary_contiguity_candidate	synteny_candidate	pending	pending	
CANON_01426	GCF_041262205.1	GCA_041262205.1	paired		GCF_041262205.1	current	GCF_041262205.1	REFSEQ	current	current_refseq_preferred	Bradyrhizobium sp. USDA 329	3156310	USDA 329	Contig	8240916	64	6	8175939	-0.091821	0.6745	retain_candidate	primary_contiguity_candidate	synteny_candidate	pending	pending	
CANON_01427	GCF_041262225.1	GCA_041262225.1	paired		GCF_041262225.1	current	GCF_041262225.1	REFSEQ	current	current_refseq_preferred	Bradyrhizobium elkanii	29448	USDA 227	Contig	9470854	64	2	9171661	0.871004	0.6745	retain_candidate	primary_contiguity_candidate	synteny_candidate	pending	pending	
CANON_01428	GCF_041262245.1	GCA_041262245.1	paired		GCF_041262245.1	current	GCF_041262245.1	REFSEQ	current	current_refseq_preferred	Bradyrhizobium elkanii	29448	USDA 331	Contig	9868698	63.5	3	9374946	1.182446	0.0	retain_candidate	primary_contiguity_candidate	synteny_candidate	pending	pending	
CANON_01429	GCF_041262285.1	GCA_041262285.1	paired		GCF_041262285.1	current	GCF_041262285.1	REFSEQ	current	current_refseq_preferred	Bradyrhizobium ottawaense	931866	USDA 301	Contig	8830250	63.5	2	8419521	0.369523	0.0	retain_candidate	primary_contiguity_candidate	synteny_candidate	pending	pending	
CANON_01430	GCF_041262325.1	GCA_041262325.1	paired		GCF_041262325.1	current	GCF_041262325.1	REFSEQ	current	current_refseq_preferred	Bradyrhizobium elkanii	29448	USDA 309	Contig	9631122	63.5	2	9333666	0.996465	0.0	retain_candidate	primary_contiguity_candidate	synteny_candidate	pending	pending	
CANON_01431	GCF_041262425.1	GCA_041262425.1	paired		GCF_041262425.1	current	GCF_041262425.1	REFSEQ	current	current_refseq_preferred	Bradyrhizobium ottawaense	931866	USDA 297	Contig	8831622	63.5	2	8420894	0.370598	0.0	retain_candidate	primary_contiguity_candidate	synteny_candidate	pending	pending	
CANON_01432	GCF_041262445.1	GCA_041262445.1	paired		GCF_041262445.1	current	GCF_041262445.1	REFSEQ	current	current_refseq_preferred	Bradyrhizobium elkanii	29448	USDA 416	Contig	9609409	63.5	2	9310507	0.979468	0.0	retain_candidate	primary_contiguity_candidate	synteny_candidate	pending	pending	
CANON_01433	GCF_041262465.1	GCA_041262465.1	paired		GCF_041262465.1	current	GCF_041262465.1	REFSEQ	current	current_refseq_preferred	Bradyrhizobium ottawaense	931866	USDA 294	Contig	8833463	63.5	2	8422726	0.372039	0.0	retain_candidate	primary_contiguity_candidate	synteny_candidate	pending	pending	
CANON_01434	GCF_041262545.1	GCA_041262545.1	paired		GCF_041262545.1	current	GCF_041262545.1	REFSEQ	current	current_refseq_preferred	Bradyrhizobium yuanmingense	108015	USDA 229	Contig	7743104	64	1	7743104	-0.481521	0.6745	retain_candidate	primary_contiguity_candidate	synteny_candidate	pending	pending	
CANON_01435	GCF_041262625.1	GCA_041262625.1	paired		GCF_041262625.1	current	GCF_041262625.1	REFSEQ	current	current_refseq_preferred	Bradyrhizobium sp. USDA 328	3156309	USDA 328	Contig	8175491	64	1	8175491	-0.143038	0.6745	retain_candidate	primary_contiguity_candidate	synteny_candidate	pending	pending	
CANON_01436	GCF_041262685.1	GCA_041262685.1	paired		GCF_041262685.1	current	GCF_041262685.1	REFSEQ	current	current_refseq_preferred	Bradyrhizobium diazoefficiens	1355477	USDA 316	Contig	9182376	64	1	9182376	0.645176	0.6745	retain_candidate	primary_contiguity_candidate	synteny_candidate	pending	pending	
CANON_01437	GCF_041357615.1	GCA_041357615.1	paired		GCF_041357615.1	current	GCF_041357615.1	REFSEQ	current	current_refseq_preferred	Bradyrhizobium sp. DN5	3056950	DN5	Contig	8455695	63	128	313285	0.076313	-0.6745	retain_candidate	primary_contiguity_candidate	synteny_candidate	pending	pending	
CANON_01438	GCF_041357655.1	GCA_041357655.1	paired		GCF_041357655.1	current	GCF_041357655.1	REFSEQ	current	current_refseq_preferred	Bradyrhizobium sp. DN3	3697510	DN3	Contig	8454736	63	121	229046	0.075562	-0.6745	retain_candidate	primary_contiguity_candidate	synteny_candidate	pending	pending	
CANON_01439		GCA_041479115.1	unpaired		GCA_041479115.1	current	GCA_041479115.1	GENBANK	current	current_genbank_singleton	Bradyrhizobium sp.	376		Contig	5389715	63.5	490	14609	-2.32381	0.0	retain_candidate	secondary_fragmented	presence_absence_only	pending	pending	pangenome_fragmented;synteny_fragmented
CANON_01440		GCA_041490045.1	unpaired		GCA_041490045.1	current	GCA_041490045.1	GENBANK	current	current_genbank_singleton	Bradyrhizobium sp.	376		Contig	5315703	63.5	355	20895	-2.381748	0.0	retain_candidate	primary_contiguity_candidate	presence_absence_only	pending	pending	synteny_fragmented
CANON_01441		GCA_041495185.1	unpaired		GCA_041495185.1	current	GCA_041495185.1	GENBANK	current	current_genbank_singleton	Bradyrhizobium sp.	376		Contig	3871640	61.5	658	6720	-3.512196	-2.698	manual_review	secondary_fragmented	presence_absence_only	pending	pending	genome_size_outlier;pangenome_fragmented;synteny_fragmented
CANON_01442		GCA_041498605.1	unpaired		GCA_041498605.1	current	GCA_041498605.1	GENBANK	current	current_genbank_singleton	Bradyrhizobium sp.	376		Contig	2396117	62.5	758	3188	-4.667271	-1.349	manual_review	secondary_fragmented	presence_absence_only	pending	pending	genome_size_outlier;pangenome_fragmented;synteny_fragmented
CANON_01443	GCF_041694395.1	GCA_041694395.1	paired		GCF_041694395.1	current	GCF_041694395.1	REFSEQ	current	current_refseq_preferred	Bradyrhizobium sp.	376		Contig	7585344	64.5	78	190170	-0.605019	1.349	retain_candidate	primary_contiguity_candidate	synteny_candidate	pending	pending	
CANON_01444	GCF_041855845.1	GCA_041855845.1	paired		GCF_041855845.1	current	GCF_041855845.1	REFSEQ	current	current_refseq_preferred	Bradyrhizobium sp.	376		Contig	8747604	64	38	458667	0.304826	0.6745	retain_candidate	primary_contiguity_candidate	synteny_candidate	pending	pending	
CANON_01445	GCF_041950565.1	GCA_041950565.1	paired		GCF_041950565.1	current	GCF_041950565.1	REFSEQ	current	current_refseq_preferred	Bradyrhizobium sp. 8-10B	3344579	8-10B	Complete Genome	9665148	63.5	3	9144422	1.023102	0.0	retain_candidate	primary_contiguity_candidate	synteny_candidate	pending	pending	
CANON_01446		GCA_041987565.1	unpaired		GCA_041987565.1	current	GCA_041987565.1	GENBANK	current	current_genbank_singleton	Bradyrhizobium sp. MAG21	3697512		Scaffold	4401169	64.5	579	14399	-3.097668	1.349	retain_candidate	secondary_fragmented	presence_absence_only	pending	pending	pangenome_fragmented;synteny_fragmented
CANON_01447	GCF_042019905.1	GCA_042019905.1	paired		GCF_042019905.1	current	GCF_042019905.1	REFSEQ	current	current_refseq_preferred	Bradyrhizobium dasycarpae	3341829	RDT46	Complete Genome	6966653	65	1	6966653	-1.089345	2.0235	retain_candidate	primary_contiguity_candidate	synteny_candidate	pending	pending	
CANON_01448	GCF_042076515.1	GCA_042076515.1	paired		GCF_042076515.1	current	GCF_042076515.1	REFSEQ	current	current_refseq_preferred	Bradyrhizobium sp. A5	3133696	A5	Complete Genome	7079060	64.5	1	7079060	-1.00135	1.349	retain_candidate	primary_contiguity_candidate	synteny_candidate	pending	pending	
CANON_01449	GCF_042077125.1	GCA_042077125.1	paired		GCF_042077125.1	current	GCF_042077125.1	REFSEQ	current	current_refseq_preferred	Bradyrhizobium sp. A11	3133974	A11	Complete Genome	6904408	65	1	6904408	-1.138072	2.0235	retain_candidate	primary_contiguity_candidate	synteny_candidate	pending	pending	
CANON_01450	GCF_042137995.2	GCA_042137995.2	paired		GCF_042137995.2	current	GCF_042137995.2	REFSEQ	current	current_refseq_preferred	Bradyrhizobium japonicum	375	ACCC 15027	Complete Genome	10022850	63.5	3	9460647	1.303119	0.0	retain_candidate	primary_contiguity_candidate	synteny_candidate	pending	pending	
CANON_01451	GCF_042257955.1	GCA_042257955.1	paired		GCF_042257955.1	current	GCF_042257955.1	REFSEQ	current	current_refseq_preferred	Bradyrhizobium sp. B025	3344829	B025	Complete Genome	8925637	64	1	8925637	0.444195	0.6745	retain_candidate	primary_contiguity_candidate	synteny_candidate	pending	pending	
CANON_01452	GCF_042258325.1	GCA_042258325.1	paired		GCF_042258325.1	current	GCF_042258325.1	REFSEQ	current	current_refseq_preferred	Bradyrhizobium sp. Pha-3	208375	Pha-3	Complete Genome	9382088	63.5	1	9382088	0.801516	0.0	retain_candidate	primary_contiguity_candidate	synteny_candidate	pending	pending	
CANON_01453	GCF_042258615.1	GCA_042258615.1	paired		GCF_042258615.1	current	GCF_042258615.1	REFSEQ	current	current_refseq_preferred	Bradyrhizobium sp. Pha-3	208375	Pha-3	Complete Genome	9280508	63.5	1	9280508	0.721996	0.0	retain_candidate	primary_contiguity_candidate	synteny_candidate	pending	pending	
CANON_01454	GCF_042258825.1	GCA_042258825.1	paired		GCF_042258825.1	current	GCF_042258825.1	REFSEQ	current	current_refseq_preferred	Bradyrhizobium sp. vgs-9	208389	Vgs-9	Complete Genome	9955165	63.5	3	9270506	1.250134	0.0	retain_candidate	primary_contiguity_candidate	synteny_candidate	pending	pending	
CANON_01455	GCF_042258955.1	GCA_042258955.1	paired		GCF_042258955.1	current	GCF_042258955.1	REFSEQ	current	current_refseq_preferred	Bradyrhizobium sp. ma5	3344828	ma5	Complete Genome	9101011	63.5	1	9101011	0.581482	0.0	retain_candidate	primary_contiguity_candidate	synteny_candidate	pending	pending	
CANON_01456	GCF_042263385.1	GCA_042263385.1	paired		GCF_042263385.1	current	GCF_042263385.1	REFSEQ	current	current_refseq_preferred	Bradyrhizobium tunisiense	3278709	1AS20L	Contig	7716925	64	26	1149130	-0.502014	0.6745	retain_candidate	primary_contiguity_candidate	synteny_candidate	pending	pending	
CANON_01457	GCF_042263425.1	GCA_042263425.1	paired		GCF_042263425.1	current	GCF_042263425.1	REFSEQ	current	current_refseq_preferred	Bradyrhizobium tunisiense	3278709	1AS5L	Contig	8266930	63.5	60	512106	-0.071457	0.0	retain_candidate	primary_contiguity_candidate	synteny_candidate	pending	pending	
CANON_01458	GCF_042263485.1	GCA_042263485.1	paired		GCF_042263485.1	current	GCF_042263485.1	REFSEQ	current	current_refseq_preferred	Bradyrhizobium tunisiense	3278709	1AS2L	Contig	7928546	64	49	853907	-0.336352	0.6745	retain_candidate	primary_contiguity_candidate	synteny_candidate	pending	pending	
CANON_01459	GCF_042430365.1	GCA_042430365.1	paired		GCF_042430365.1	current	GCF_042430365.1	REFSEQ	current	current_refseq_preferred	Bradyrhizobium erythrophlei	1437360	CGMCC 1.13002	Scaffold	9470608	63.5	359	67636	0.870811	0.0	retain_candidate	primary_contiguity_candidate	presence_absence_only	pending	pending	synteny_fragmented
CANON_01460	GCF_042653585.1	GCA_042653585.1	paired		GCF_042653585.1	current	GCF_042653585.1	REFSEQ	current	current_refseq_preferred	Bradyrhizobium sp. GCM10023182	3252637	WYCCWR 12774	Scaffold	8804215	63	88	447803	0.349143	-0.6745	retain_candidate	primary_contiguity_candidate	synteny_candidate	pending	pending	
CANON_01461	GCF_042653645.1	GCA_042653645.1	paired		GCF_042653645.1	current	GCF_042653645.1	REFSEQ	current	current_refseq_preferred	Bradyrhizobium sp. GCM10023181	3252636	WYCCWR 12678	Scaffold	9038162	63	83	593972	0.532282	-0.6745	retain_candidate	primary_contiguity_candidate	synteny_candidate	pending	pending	
CANON_01462	GCF_042653665.1	GCA_042653665.1	paired		GCF_042653665.1	current	GCF_042653665.1	REFSEQ	current	current_refseq_preferred	Bradyrhizobium zhengyangense	2911009	WYCCWR 13023	Scaffold	9004494	63	120	227891	0.505926	-0.6745	retain_candidate	primary_contiguity_candidate	synteny_candidate	pending	pending	
CANON_01463	GCF_042657625.1	GCA_042657625.1	paired		GCF_042657625.1	current	GCF_042657625.1	REFSEQ	current	current_refseq_preferred	Bradyrhizobium oligotrophicum	44255	CCUG 57401	Scaffold	8216310	65	36	1171646	-0.111084	2.0235	retain_candidate	primary_contiguity_candidate	synteny_candidate	pending	pending	
CANON_01464	GCF_042666195.1	GCA_042666195.1	paired		GCF_042666195.1	current	GCF_042666195.1	REFSEQ	current	current_refseq_preferred	Bradyrhizobium sp. GCM10028915	3273385	CAR10	Scaffold	8041755	63	107	279113	-0.247729	-0.6745	retain_candidate	primary_contiguity_candidate	synteny_candidate	pending	pending	
CANON_01465	GCF_042675425.1	GCA_042675425.1	paired		GCF_042675425.1	current	GCF_042675425.1	REFSEQ	current	current_refseq_preferred	Bradyrhizobium sp. GCM10027634	3273383	WYCCWR 12677	Scaffold	7772398	63.5	76	396099	-0.458589	0.0	retain_candidate	primary_contiguity_candidate	synteny_candidate	pending	pending	
CANON_01466	GCF_042675485.1	GCA_042675485.1	paired		GCF_042675485.1	current	GCF_042675485.1	REFSEQ	current	current_refseq_preferred	Bradyrhizobium sp. GCM10027635	3273384	WYCCWR 13022	Scaffold	8176869	63.5	61	365924	-0.141959	0.0	retain_candidate	primary_contiguity_candidate	synteny_candidate	pending	pending	
CANON_01467	GCF_042691665.1	GCA_042691665.1	paired		GCF_042691665.1	current	GCF_042691665.1	REFSEQ	current	current_refseq_preferred	Bradyrhizobium lupini	136996	BA2	Complete Genome	8467455	63	2	7971975	0.085519	-0.6745	retain_candidate	primary_contiguity_candidate	synteny_candidate	pending	pending	
CANON_01468		GCA_043099345.1	unpaired		GCA_043099345.1	current	GCA_043099345.1	GENBANK	current	current_genbank_singleton	Bradyrhizobium sp. TZ2	3350099	TZ2	Complete Genome	7954720	61.5	1	7954720	-0.315862	-2.698	retain_candidate	primary_contiguity_candidate	synteny_candidate	pending	pending	
CANON_01469	GCF_043203335.1	GCA_043203335.1	paired		GCF_043203335.1	current	GCF_043203335.1	REFSEQ	current	current_refseq_preferred	Bradyrhizobium sp. RDI18	3367400	RDI18	Contig	8864934	62	9	7032965	0.396675	-2.0235	retain_candidate	primary_contiguity_candidate	synteny_candidate	pending	pending	
CANON_01470	GCF_043638955.1	GCA_043638955.1	paired		GCF_043638955.1	current	GCF_043638955.1	REFSEQ	current	current_refseq_preferred	Bradyrhizobium sp. 31Argb	3141247	31Argb	Scaffold	8963397	63	722	25817	0.473754	-0.6745	retain_candidate	secondary_fragmented	presence_absence_only	pending	pending	pangenome_fragmented;synteny_fragmented
CANON_01471		GCA_043722155.1	unpaired		GCA_043722155.1	current	GCA_043722155.1	GENBANK	current	current_genbank_singleton	Bradyrhizobium sp.	376		Contig	5550502	63	1015	6976	-2.197942	-0.6745	retain_candidate	secondary_fragmented	presence_absence_only	pending	pending	pangenome_fragmented;synteny_fragmented
CANON_01472		GCA_043758695.1	unpaired		GCA_043758695.1	current	GCA_043758695.1	GENBANK	current	current_genbank_singleton	Bradyrhizobium sp.	376		Contig	4801697	62.5	455	14492	-2.784125	-1.349	retain_candidate	secondary_fragmented	presence_absence_only	pending	pending	pangenome_fragmented;synteny_fragmented
CANON_01473		GCA_043779925.1	unpaired		GCA_043779925.1	current	GCA_043779925.1	GENBANK	current	current_genbank_singleton	Bradyrhizobium sp.	376		Contig	3519672	65.5	1056	3732	-3.787725	2.698	manual_review	secondary_fragmented	presence_absence_only	pending	pending	genome_size_outlier;pangenome_fragmented;synteny_fragmented
CANON_01474		GCA_043782775.1	unpaired		GCA_043782775.1	current	GCA_043782775.1	GENBANK	current	current_genbank_singleton	Bradyrhizobium sp.	376		Contig	3416393	68	1106	3293	-3.868574	6.0705	manual_review	secondary_fragmented	presence_absence_only	pending	pending	gc_percent_outlier;genome_size_outlier;pangenome_fragmented;synteny_fragmented
CANON_01475		GCA_043783805.1	unpaired		GCA_043783805.1	current	GCA_043783805.1	GENBANK	current	current_genbank_singleton	Bradyrhizobium sp.	376		Contig	5581342	62	909	6943	-2.1738	-2.0235	retain_candidate	secondary_fragmented	presence_absence_only	pending	pending	pangenome_fragmented;synteny_fragmented
CANON_01476	GCF_044570075.1	GCA_044570075.1	paired		GCF_044570075.1	current	GCF_044570075.1	REFSEQ	current	current_refseq_preferred	Bradyrhizobium sp. YCK136	3351346		Complete Genome	10088753	63.5	3	9772342	1.35471	0.0	retain_candidate	primary_contiguity_candidate	synteny_candidate	pending	pending	
CANON_01477		GCA_044772375.2	unpaired		GCA_044772375.2	current	GCA_044772375.2	GENBANK	current	current_genbank_singleton	Bradyrhizobium sp. RDT10	3367744	RDT10	Complete Genome	8987948	62	1	8987948	0.492973	-2.0235	retain_candidate	primary_contiguity_candidate	synteny_candidate	pending	pending	
CANON_01478	GCF_044908355.1	GCA_044908355.1	paired		GCF_044908355.1	current	GCF_044908355.1	REFSEQ	current	current_refseq_preferred	Bradyrhizobium sp. USDA 336	3156311	USDA 336	Contig	8357222	63.5	2	8203493	-0.000774	0.0	retain_candidate	primary_contiguity_candidate	synteny_candidate	pending	pending	
CANON_01479	GCF_044908525.1	GCA_044908525.1	paired		GCF_044908525.1	current	GCF_044908525.1	REFSEQ	current	current_refseq_preferred	Bradyrhizobium japonicum	375	USDA 239	Contig	9582763	63.5	1	9582763	0.958609	0.0	retain_candidate	primary_contiguity_candidate	synteny_candidate	pending	pending	
CANON_01480	GCF_044909005.1	GCA_044909005.1	paired		GCF_044909005.1	current	GCF_044909005.1	REFSEQ	current	current_refseq_preferred	Bradyrhizobium sp. USDA 223	3156306	USDA 223	Contig	7909328	64	1	7909328	-0.351396	0.6745	retain_candidate	primary_contiguity_candidate	synteny_candidate	pending	pending	
CANON_01481	GCF_044909045.1	GCA_044909045.1	paired		GCF_044909045.1	current	GCF_044909045.1	REFSEQ	current	current_refseq_preferred	Bradyrhizobium elkanii	29448	USDA 419	Contig	9697339	63.5	2	9402277	1.048302	0.0	retain_candidate	primary_contiguity_candidate	synteny_candidate	pending	pending	
CANON_01482	GCF_044909155.1	GCA_044909155.1	paired		GCF_044909155.1	current	GCF_044909155.1	REFSEQ	current	current_refseq_preferred	Bradyrhizobium japonicum	375	USDA 240	Contig	10145342	63	1	10145342	1.399009	-0.6745	retain_candidate	primary_contiguity_candidate	synteny_candidate	pending	pending	
CANON_01483	GCF_044909175.1	GCA_044909175.1	paired		GCF_044909175.1	current	GCF_044909175.1	REFSEQ	current	current_refseq_preferred	Bradyrhizobium japonicum	375	USDA 258	Contig	9488644	63.5	1	9488644	0.88493	0.0	retain_candidate	primary_contiguity_candidate	synteny_candidate	pending	pending	
CANON_01484	GCF_044909195.1	GCA_044909195.1	paired		GCF_044909195.1	current	GCF_044909195.1	REFSEQ	current	current_refseq_preferred	Bradyrhizobium ottawaense	931866	USDA 308	Contig	8902183	63.5	3	8440404	0.425834	0.0	retain_candidate	primary_contiguity_candidate	synteny_candidate	pending	pending	
CANON_01485	GCF_044909275.1	GCA_044909275.1	paired		GCF_044909275.1	current	GCF_044909275.1	REFSEQ	current	current_refseq_preferred	Bradyrhizobium elkanii	29448	USDA 252	Contig	9892473	63.5	3	9493654	1.201057	0.0	retain_candidate	primary_contiguity_candidate	synteny_candidate	pending	pending	
CANON_01486	GCF_044909355.1	GCA_044909355.1	paired		GCF_044909355.1	current	GCF_044909355.1	REFSEQ	current	current_refseq_preferred	Bradyrhizobium diazoefficiens	1355477	USDA 136	Contig	9139312	64	2	9127687	0.611465	0.6745	retain_candidate	primary_contiguity_candidate	synteny_candidate	pending	pending	
CANON_01487	GCF_044909375.1	GCA_044909375.1	paired		GCF_044909375.1	current	GCF_044909375.1	REFSEQ	current	current_refseq_preferred	Bradyrhizobium diazoefficiens	1355477	USDA 132	Contig	9170193	64	4	9135518	0.635639	0.6745	retain_candidate	primary_contiguity_candidate	synteny_candidate	pending	pending	
CANON_01488	GCF_044909395.1	GCA_044909395.1	paired		GCF_044909395.1	current	GCF_044909395.1	REFSEQ	current	current_refseq_preferred	Bradyrhizobium diazoefficiens	1355477	USDA 129	Contig	10507108	63.5	6	6563561	1.682208	0.0	retain_candidate	primary_contiguity_candidate	synteny_candidate	pending	pending	
CANON_01489		GCA_044909415.1	unpaired		GCA_044909415.1	current	GCA_044909415.1	GENBANK	current	current_genbank_singleton	Bradyrhizobium diazoefficiens	1355477	USDA 139	Contig	10505022	63.5	6	6562729	1.680575	0.0	retain_candidate	primary_contiguity_candidate	synteny_candidate	pending	pending	
CANON_01490	GCF_044909435.1	GCA_044909435.1	paired		GCF_044909435.1	current	GCF_044909435.1	REFSEQ	current	current_refseq_preferred	Bradyrhizobium japonicum	375	USDA 277	Contig	9628305	63.5	1	9628305	0.99426	0.0	retain_candidate	primary_contiguity_candidate	synteny_candidate	pending	pending	
CANON_01491	GCF_044909455.1	GCA_044909455.1	paired		GCF_044909455.1	current	GCF_044909455.1	REFSEQ	current	current_refseq_preferred	Bradyrhizobium daqingense	993502	USDA 221	Contig	8044973	63.5	1	8044973	-0.24521	0.0	retain_candidate	primary_contiguity_candidate	synteny_candidate	pending	pending	
CANON_01492	GCF_044909475.1	GCA_044909475.1	paired		GCF_044909475.1	current	GCF_044909475.1	REFSEQ	current	current_refseq_preferred	Bradyrhizobium diazoefficiens	1355477	USDA 143	Contig	9142065	64	1	9142065	0.61362	0.6745	retain_candidate	primary_contiguity_candidate	synteny_candidate	pending	pending	
CANON_01493	GCF_044909495.1	GCA_044909495.1	paired		GCF_044909495.1	current	GCF_044909495.1	REFSEQ	current	current_refseq_preferred	Bradyrhizobium ottawaense	931866	USDA 256	Contig	8975968	63.5	3	8515904	0.483595	0.0	retain_candidate	primary_contiguity_candidate	synteny_candidate	pending	pending	
CANON_01494	GCF_044909505.1	GCA_044909505.1	paired		GCF_044909505.1	current	GCF_044909505.1	REFSEQ	current	current_refseq_preferred	Bradyrhizobium ottawaense	931866	USDA 236	Contig	8452002	64	2	5200422	0.073422	0.6745	retain_candidate	primary_contiguity_candidate	synteny_candidate	pending	pending	
CANON_01495	GCF_044909535.1	GCA_044909535.1	paired		GCF_044909535.1	current	GCF_044909535.1	REFSEQ	current	current_refseq_preferred	Bradyrhizobium ottawaense	931866	USDA 177	Contig	8843141	63.5	5	8446819	0.379615	0.0	retain_candidate	primary_contiguity_candidate	synteny_candidate	pending	pending	
CANON_01496	GCF_044909555.1	GCA_044909555.1	paired		GCF_044909555.1	current	GCF_044909555.1	REFSEQ	current	current_refseq_preferred	Bradyrhizobium ottawaense	931866	USDA 232	Contig	8903148	63.5	3	8458593	0.42659	0.0	retain_candidate	primary_contiguity_candidate	synteny_candidate	pending	pending	
CANON_01497	GCF_044909575.1	GCA_044909575.1	paired		GCF_044909575.1	current	GCF_044909575.1	REFSEQ	current	current_refseq_preferred	Bradyrhizobium ottawaense	931866	USDA 253	Contig	8391659	64	2	8366913	0.026184	0.6745	retain_candidate	primary_contiguity_candidate	synteny_candidate	pending	pending	
CANON_01498	GCF_044909595.1	GCA_044909595.1	paired		GCF_044909595.1	current	GCF_044909595.1	REFSEQ	current	current_refseq_preferred	Bradyrhizobium niftali	2560055	USDA 320	Contig	9583831	63.5	1	9583831	0.959445	0.0	retain_candidate	primary_contiguity_candidate	synteny_candidate	pending	pending	
CANON_01499	GCF_044909635.1	GCA_044909635.1	paired		GCF_044909635.1	current	GCF_044909635.1	REFSEQ	current	current_refseq_preferred	Bradyrhizobium diazoefficiens	1355477	USDA 145	Contig	9178640	64	1	9178640	0.642252	0.6745	retain_candidate	primary_contiguity_candidate	synteny_candidate	pending	pending	
CANON_01500	GCF_044909675.1	GCA_044909675.1	paired		GCF_044909675.1	current	GCF_044909675.1	REFSEQ	current	current_refseq_preferred	Bradyrhizobium ottawaense	931866	USDA 254	Contig	8390967	64	1	8390967	0.025642	0.6745	retain_candidate	primary_contiguity_candidate	synteny_candidate	pending	pending	
CANON_01501	GCF_044909735.1	GCA_044909735.1	paired		GCF_044909735.1	current	GCF_044909735.1	REFSEQ	current	current_refseq_preferred	Bradyrhizobium elkanii	29448	USDA 144	Contig	9861903	63.5	2	9562839	1.177126	0.0	retain_candidate	primary_contiguity_candidate	synteny_candidate	pending	pending	
CANON_01502	GCF_045571415.1	GCA_045571415.1	paired		GCF_045571415.1	current	GCF_045571415.1	REFSEQ	current	current_refseq_preferred	Bradyrhizobium sp. LMG 9283	592064	LMG 9283	Complete Genome	8811495	63	1	8811495	0.354842	-0.6745	retain_candidate	primary_contiguity_candidate	synteny_candidate	pending	pending	
CANON_01503	GCF_045571435.1	GCA_045571435.1	paired		GCF_045571435.1	current	GCF_045571435.1	REFSEQ	current	current_refseq_preferred	Bradyrhizobium sp. STM 3562	578924	STM 3562	Complete Genome	8479314	62.5	1	8479314	0.094802	-1.349	retain_candidate	primary_contiguity_candidate	synteny_candidate	pending	pending	
CANON_01504	GCF_045571445.1	GCA_045571445.1	paired		GCF_045571445.1	current	GCF_045571445.1	REFSEQ	current	current_refseq_preferred	Bradyrhizobium sp. STM 3566	578928	STM 3566	Complete Genome	8115526	63.5	2	7845384	-0.18998	0.0	retain_candidate	primary_contiguity_candidate	synteny_candidate	pending	pending	
CANON_01505	GCF_045571455.1	GCA_045571455.1	paired		GCF_045571455.1	current	GCF_045571455.1	REFSEQ	current	current_refseq_preferred	Bradyrhizobium sp. STM 3561	578923	STM 3561	Complete Genome	8673602	63	2	8347373	0.246896	-0.6745	retain_candidate	primary_contiguity_candidate	synteny_candidate	pending	pending	
CANON_01506	GCF_045571465.1	GCA_045571465.1	paired		GCF_045571465.1	current	GCF_045571465.1	REFSEQ	current	current_refseq_preferred	Bradyrhizobium sp. STM 3557	578920	STM 3557	Complete Genome	7928314	63.5	2	7888747	-0.336534	0.0	retain_candidate	primary_contiguity_candidate	synteny_candidate	pending	pending	
CANON_01507	GCF_045571475.1	GCA_045571475.1	paired		GCF_045571475.1	current	GCF_045571475.1	REFSEQ	current	current_refseq_preferred	Bradyrhizobium sp. ORS 86	1685970	ORS 86	Complete Genome	7816174	63.5	2	7708738	-0.42432	0.0	retain_candidate	primary_contiguity_candidate	synteny_candidate	pending	pending	
CANON_01508	GCF_045571485.1	GCA_045571485.1	paired		GCF_045571485.1	current	GCF_045571485.1	REFSEQ	current	current_refseq_preferred	Bradyrhizobium sp. ORS 111	1685958	ORS 111	Complete Genome	8139617	63.5	2	8028262	-0.171121	0.0	retain_candidate	primary_contiguity_candidate	synteny_candidate	pending	pending	
CANON_01509	GCF_045571495.1	GCA_045571495.1	paired		GCF_045571495.1	current	GCF_045571495.1	REFSEQ	current	current_refseq_preferred	Bradyrhizobium centrosematis	1300039	LMG 29515	Complete Genome	7598687	64	1	7598687	-0.594574	0.6745	retain_candidate	primary_contiguity_candidate	synteny_candidate	pending	pending	
CANON_01510		GCA_045811565.1	unpaired		GCA_045811565.1	current	GCA_045811565.1	GENBANK	current	current_genbank_singleton	Bradyrhizobium sp.	376		Contig	3842767	62.5	516	9307	-3.534798	-1.349	manual_review	secondary_fragmented	presence_absence_only	pending	pending	genome_size_outlier;pangenome_fragmented;synteny_fragmented
CANON_01511		GCA_045811605.1	unpaired		GCA_045811605.1	current	GCA_045811605.1	GENBANK	current	current_genbank_singleton	Bradyrhizobium canariense	255045		Contig	4926806	64.5	748	7761	-2.686186	1.349	retain_candidate	secondary_fragmented	presence_absence_only	pending	pending	pangenome_fragmented;synteny_fragmented
CANON_01512		GCA_045811625.1	unpaired		GCA_045811625.1	current	GCA_045811625.1	GENBANK	current	current_genbank_singleton	Bradyrhizobium sp.	376		Contig	5024840	62.5	820	6931	-2.609443	-1.349	retain_candidate	secondary_fragmented	presence_absence_only	pending	pending	pangenome_fragmented;synteny_fragmented
CANON_01513		GCA_045811645.1	unpaired		GCA_045811645.1	current	GCA_045811645.1	GENBANK	current	current_genbank_singleton	Bradyrhizobium sp.	376		Contig	3971598	60.5	764	5543	-3.433946	-4.047	manual_review	secondary_fragmented	presence_absence_only	pending	pending	gc_percent_outlier;pangenome_fragmented;synteny_fragmented
CANON_01514		GCA_045811665.1	unpaired		GCA_045811665.1	current	GCA_045811665.1	GENBANK	current	current_genbank_singleton	Bradyrhizobium sp.	376		Contig	4794592	61	226	36036	-2.789687	-3.3725	retain_candidate	primary_contiguity_candidate	presence_absence_only	pending	pending	synteny_fragmented
CANON_01515		GCA_045811685.1	unpaired		GCA_045811685.1	current	GCA_045811685.1	GENBANK	current	current_genbank_singleton	Bradyrhizobium sp.	376		Contig	3708644	61	717	5565	-3.639793	-3.3725	manual_review	secondary_fragmented	presence_absence_only	pending	pending	genome_size_outlier;pangenome_fragmented;synteny_fragmented
CANON_01516	GCF_046197085.1	GCA_046197085.1	paired		GCF_046197085.1	current	GCF_046197085.1	REFSEQ	current	current_refseq_preferred	Bradyrhizobium zaerense	3239388	RDM4	Complete Genome	8408410	63	2	8193764	0.039297	-0.6745	retain_candidate	primary_contiguity_candidate	synteny_candidate	pending	pending	
CANON_01517	GCF_046299935.1	GCA_046299935.1	paired		GCF_046299935.1	current	GCF_046299935.1	REFSEQ	current	current_refseq_preferred	Bradyrhizobium sp.	376		Contig	8546064	64.5	210	68228	0.147056	1.349	retain_candidate	primary_contiguity_candidate	presence_absence_only	pending	pending	synteny_fragmented
CANON_01518	GCF_046300275.1	GCA_046300275.1	paired		GCF_046300275.1	current	GCF_046300275.1	REFSEQ	current	current_refseq_preferred	Bradyrhizobium sp.	376		Contig	8582596	64.5	300	64183	0.175654	1.349	retain_candidate	primary_contiguity_candidate	presence_absence_only	pending	pending	synteny_fragmented
CANON_01519	GCF_046301035.1	GCA_046301035.1	paired		GCF_046301035.1	current	GCF_046301035.1	REFSEQ	current	current_refseq_preferred	Bradyrhizobium sp.	376		Contig	8557556	64.5	376	39794	0.156052	1.349	retain_candidate	primary_contiguity_candidate	presence_absence_only	pending	pending	synteny_fragmented
CANON_01520	GCF_046301235.1	GCA_046301235.1	paired		GCF_046301235.1	current	GCF_046301235.1	REFSEQ	current	current_refseq_preferred	Bradyrhizobium sp.	376		Contig	7864893	64.5	244	56086	-0.386181	1.349	retain_candidate	primary_contiguity_candidate	presence_absence_only	pending	pending	synteny_fragmented
CANON_01521	GCF_046301655.1	GCA_046301655.1	paired		GCF_046301655.1	current	GCF_046301655.1	REFSEQ	current	current_refseq_preferred	Bradyrhizobium sp.	376		Contig	7863766	64.5	343	36402	-0.387063	1.349	retain_candidate	primary_contiguity_candidate	presence_absence_only	pending	pending	synteny_fragmented
CANON_01522	GCF_046301675.1	GCA_046301675.1	paired		GCF_046301675.1	current	GCF_046301675.1	REFSEQ	current	current_refseq_preferred	Bradyrhizobium sp.	376		Contig	7930086	64.5	455	31323	-0.335147	1.349	retain_candidate	primary_contiguity_candidate	presence_absence_only	pending	pending	synteny_fragmented
CANON_01523	GCF_046302195.1	GCA_046302195.1	paired		GCF_046302195.1	current	GCF_046302195.1	REFSEQ	current	current_refseq_preferred	Bradyrhizobium sp.	376		Contig	7774891	64.5	472	24295	-0.456637	1.349	retain_candidate	primary_contiguity_candidate	presence_absence_only	pending	pending	synteny_fragmented
CANON_01524	GCF_046303255.1	GCA_046303255.1	paired		GCF_046303255.1	current	GCF_046303255.1	REFSEQ	current	current_refseq_preferred	Bradyrhizobium sp.	376		Contig	8616187	64.5	1054	14855	0.20195	1.349	retain_candidate	secondary_fragmented	presence_absence_only	pending	pending	pangenome_fragmented;synteny_fragmented
CANON_01525	GCF_046303755.1	GCA_046303755.1	paired		GCF_046303755.1	current	GCF_046303755.1	REFSEQ	current	current_refseq_preferred	Bradyrhizobium sp.	376		Contig	7865589	64.5	809	15738	-0.385636	1.349	retain_candidate	secondary_fragmented	presence_absence_only	pending	pending	pangenome_fragmented;synteny_fragmented
CANON_01526	GCF_046304255.1	GCA_046304255.1	paired		GCF_046304255.1	current	GCF_046304255.1	REFSEQ	current	current_refseq_preferred	Bradyrhizobium sp.	376		Contig	8493112	64.5	1773	8219	0.105604	1.349	retain_candidate	secondary_fragmented	presence_absence_only	pending	pending	pangenome_fragmented;synteny_fragmented
CANON_01527	GCF_046304575.1	GCA_046304575.1	paired		GCF_046304575.1	current	GCF_046304575.1	REFSEQ	current	current_refseq_preferred	Bradyrhizobium sp.	376		Contig	8321667	64.5	1430	8710	-0.028608	1.349	retain_candidate	secondary_fragmented	presence_absence_only	pending	pending	pangenome_fragmented;synteny_fragmented
CANON_01528	GCF_046304655.1	GCA_046304655.1	paired		GCF_046304655.1	current	GCF_046304655.1	REFSEQ	current	current_refseq_preferred	Bradyrhizobium sp.	376		Contig	8475832	64.5	873	15036	0.092077	1.349	retain_candidate	secondary_fragmented	presence_absence_only	pending	pending	pangenome_fragmented;synteny_fragmented
CANON_01529		GCA_046305135.1	unpaired		GCA_046305135.1	current	GCA_046305135.1	GENBANK	current	current_genbank_singleton	Bradyrhizobium sp.	376		Contig	7661264	64.5	3431	3477	-0.545587	1.349	retain_candidate	secondary_fragmented	presence_absence_only	pending	pending	pangenome_fragmented;synteny_fragmented
CANON_01530	GCF_046305335.1	GCA_046305335.1	paired		GCF_046305335.1	current	GCF_046305335.1	REFSEQ	current	current_refseq_preferred	Bradyrhizobium sp.	376		Contig	7822135	64.5	1007	12132	-0.419653	1.349	retain_candidate	secondary_fragmented	presence_absence_only	pending	pending	pangenome_fragmented;synteny_fragmented
CANON_01531	GCF_046305495.1	GCA_046305495.1	paired		GCF_046305495.1	current	GCF_046305495.1	REFSEQ	current	current_refseq_preferred	Bradyrhizobium sp.	376		Contig	8058192	64.5	1736	6380	-0.234862	1.349	retain_candidate	secondary_fragmented	presence_absence_only	pending	pending	pangenome_fragmented;synteny_fragmented
CANON_01532		GCA_046349015.1	unpaired		GCA_046349015.1	current	GCA_046349015.1	GENBANK	current	current_genbank_singleton	Bradyrhizobium sp.	376		Contig	5017081	63.5	40	376903	-2.615517	0.0	retain_candidate	primary_contiguity_candidate	synteny_candidate	pending	pending	
CANON_01533		GCA_046590305.1	unpaired		GCA_046590305.1	current	GCA_046590305.1	GENBANK	current	current_genbank_singleton	Bradyrhizobium sp.	376		Contig	3842260	63.5	446	11194	-3.535195	0.0	manual_review	secondary_fragmented	presence_absence_only	pending	pending	genome_size_outlier;pangenome_fragmented;synteny_fragmented
CANON_01534	GCF_046603655.1	GCA_046603655.1	paired		GCF_046603655.1	current	GCF_046603655.1	REFSEQ	current	current_refseq_preferred	Bradyrhizobium japonicum	375	DSM 3014	Complete Genome	9209352	63.5	1	9209352	0.666294	0.0	retain_candidate	primary_contiguity_candidate	synteny_candidate	pending	pending	
CANON_01535	GCF_046718885.1	GCA_046718885.1	paired		GCF_046718885.1	current	GCF_046718885.1	REFSEQ	current	current_refseq_preferred	Bradyrhizobium sp. UFLA01-814	3023480	UFLA01-814	Scaffold	9111381	64	391	41570	0.5896	0.6745	retain_candidate	primary_contiguity_candidate	presence_absence_only	pending	pending	synteny_fragmented
CANON_01536	GCF_047605465.1	GCA_047605465.1	paired		GCF_047605465.1	current	GCF_047605465.1	REFSEQ	current	current_refseq_preferred	Bradyrhizobium sp.	376		Contig	7542497	64.5	130	99414	-0.638561	1.349	retain_candidate	primary_contiguity_candidate	synteny_candidate	pending	pending	
CANON_01537	GCF_047620845.1	GCA_047620845.1	paired		GCF_047620845.1	current	GCF_047620845.1	REFSEQ	current	current_refseq_preferred	Bradyrhizobium sp.	376		Contig	7251805	64.5	82	147705	-0.866121	1.349	retain_candidate	primary_contiguity_candidate	synteny_candidate	pending	pending	
CANON_01538		GCA_047621665.1	unpaired		GCA_047621665.1	current	GCA_047621665.1	GENBANK	current	current_genbank_singleton	Bradyrhizobium sp.	376		Contig	4000296	57.5	126	52099	-3.411481	-8.094	manual_review	primary_contiguity_candidate	synteny_candidate	pending	pending	gc_percent_outlier
CANON_01539	GCF_047948265.1	GCA_047948265.1	paired		GCF_047948265.1	current	GCF_047948265.1	REFSEQ	current	current_refseq_preferred	Bradyrhizobium diazoefficiens	1355477	Bd1	Complete Genome	9009469	64	1	9009469	0.50982	0.6745	retain_candidate	primary_contiguity_candidate	synteny_candidate	pending	pending	
CANON_01540		GCA_048799545.1	unpaired		GCA_048799545.1	current	GCA_048799545.1	GENBANK	current	current_genbank_singleton	Bradyrhizobium sp. gl3	3402872	gl3	Contig	8565249	63	2	6391528	0.162074	-0.6745	retain_candidate	primary_contiguity_candidate	synteny_candidate	pending	pending	
CANON_01541	GCF_048833685.1	GCA_048833685.1	paired		GCF_048833685.1	current	GCF_048833685.1	REFSEQ	current	current_refseq_preferred	Bradyrhizobium japonicum	375	B101	Complete Genome	10500313	63.5	5	9439532	1.676889	0.0	retain_candidate	primary_contiguity_candidate	synteny_candidate	pending	pending	
CANON_01542	GCF_049075665.1	GCA_049075665.1	paired		GCF_049075665.1	current	GCF_049075665.1	REFSEQ	current	current_refseq_preferred	Bradyrhizobium sp. B120	3410088	B120	Complete Genome	9121706	64	1	9121706	0.597682	0.6745	retain_candidate	primary_contiguity_candidate	synteny_candidate	pending	pending	
CANON_01543		GCA_049278635.1	unpaired		GCA_049278635.1	current	GCA_049278635.1	GENBANK	current	current_genbank_singleton	Bradyrhizobium sp.	376		Contig	5106620	61.5	744	10181	-2.545424	-2.698	retain_candidate	secondary_fragmented	presence_absence_only	pending	pending	pangenome_fragmented;synteny_fragmented
CANON_01544		GCA_049280675.1	unpaired		GCA_049280675.1	current	GCA_049280675.1	GENBANK	current	current_genbank_singleton	Bradyrhizobium sp.	376		Contig	5156805	61	935	7977	-2.506138	-3.3725	retain_candidate	secondary_fragmented	presence_absence_only	pending	pending	pangenome_fragmented;synteny_fragmented
CANON_01545		GCA_049280775.1	unpaired		GCA_049280775.1	current	GCA_049280775.1	GENBANK	current	current_genbank_singleton	Bradyrhizobium sp.	376		Contig	4774051	61.5	859	7299	-2.805767	-2.698	retain_candidate	secondary_fragmented	presence_absence_only	pending	pending	pangenome_fragmented;synteny_fragmented
CANON_01546	GCF_049285155.1	GCA_049285155.1	paired		GCF_049285155.1	current	GCF_049285155.1	REFSEQ	current	current_refseq_preferred	Bradyrhizobium sp.	376		Contig	7825927	61	689	21752	-0.416685	-3.3725	retain_candidate	secondary_fragmented	presence_absence_only	pending	pending	pangenome_fragmented;synteny_fragmented
CANON_01547		GCA_049286845.1	unpaired		GCA_049286845.1	current	GCA_049286845.1	GENBANK	current	current_genbank_singleton	Bradyrhizobium sp.	376		Contig	5933568	63	992	8195	-1.898069	-0.6745	retain_candidate	secondary_fragmented	presence_absence_only	pending	pending	pangenome_fragmented;synteny_fragmented
CANON_01548	GCF_049288435.1	GCA_049288435.1	paired		GCF_049288435.1	current	GCF_049288435.1	REFSEQ	current	current_refseq_preferred	Bradyrhizobium sp.	376		Contig	5193564	61.5	649	12363	-2.477362	-2.698	retain_candidate	secondary_fragmented	presence_absence_only	pending	pending	pangenome_fragmented;synteny_fragmented
CANON_01549	GCF_049323055.1	GCA_049323055.1	paired		GCF_049323055.1	current	GCF_049323055.1	REFSEQ	current	current_refseq_preferred	Bradyrhizobium sp.	376		Scaffold	6934171	64	105	126713	-1.114773	0.6745	retain_candidate	primary_contiguity_candidate	synteny_candidate	pending	pending	
CANON_01550		GCA_049509335.1	unpaired		GCA_049509335.1	current	GCA_049509335.1	GENBANK	current	current_genbank_singleton	Bradyrhizobium sp.	376		Contig	5426592	61	190	66305	-2.294942	-3.3725	retain_candidate	primary_contiguity_candidate	synteny_candidate	pending	pending	
CANON_01551	GCF_049512235.1	GCA_049512235.1	paired		GCF_049512235.1	current	GCF_049512235.1	REFSEQ	current	current_refseq_preferred	Bradyrhizobium sp.	376		Contig	7201163	62.5	752	13649	-0.905765	-1.349	retain_candidate	secondary_fragmented	presence_absence_only	pending	pending	pangenome_fragmented;synteny_fragmented
CANON_01552	GCF_049519115.1	GCA_049519115.1	paired		GCF_049519115.1	current	GCF_049519115.1	REFSEQ	current	current_refseq_preferred	Bradyrhizobium sp.	376		Contig	7707757	60.5	192	110512	-0.509191	-4.047	manual_review	primary_contiguity_candidate	synteny_candidate	pending	pending	gc_percent_outlier
CANON_01553	GCF_049577825.1	GCA_049577825.1	paired		GCF_049577825.1	current	GCF_049577825.1	REFSEQ	current	current_refseq_preferred	Bradyrhizobium sp.	376		Contig	5278546	61	407	22247	-2.410836	-3.3725	retain_candidate	primary_contiguity_candidate	presence_absence_only	pending	pending	synteny_fragmented
CANON_01554	GCF_049580085.1	GCA_049580085.1	paired		GCF_049580085.1	current	GCF_049580085.1	REFSEQ	current	current_refseq_preferred	Bradyrhizobium sp.	376		Contig	5107882	61.5	673	12553	-2.544436	-2.698	retain_candidate	secondary_fragmented	presence_absence_only	pending	pending	pangenome_fragmented;synteny_fragmented
CANON_01555		GCA_049581005.1	unpaired		GCA_049581005.1	current	GCA_049581005.1	GENBANK	current	current_genbank_singleton	Bradyrhizobium sp.	376		Contig	5323173	61	582	17441	-2.375901	-3.3725	retain_candidate	secondary_fragmented	presence_absence_only	pending	pending	pangenome_fragmented;synteny_fragmented
CANON_01556	GCF_049581145.1	GCA_049581145.1	paired		GCF_049581145.1	current	GCF_049581145.1	REFSEQ	current	current_refseq_preferred	Bradyrhizobium sp.	376		Contig	8194726	63.5	1341	8983	-0.12798	0.0	retain_candidate	secondary_fragmented	presence_absence_only	pending	pending	pangenome_fragmented;synteny_fragmented
CANON_01557		GCA_049582165.1	unpaired		GCA_049582165.1	current	GCA_049582165.1	GENBANK	current	current_genbank_singleton	Bradyrhizobium sp.	376		Contig	5140293	61	682	10990	-2.519064	-3.3725	retain_candidate	secondary_fragmented	presence_absence_only	pending	pending	pangenome_fragmented;synteny_fragmented
CANON_01558		GCA_049582465.1	unpaired		GCA_049582465.1	current	GCA_049582465.1	GENBANK	current	current_genbank_singleton	Bradyrhizobium sp.	376		Contig	6273607	63.5	1405	5558	-1.631878	0.0	retain_candidate	secondary_fragmented	presence_absence_only	pending	pending	pangenome_fragmented;synteny_fragmented
CANON_01559		GCA_049583995.1	unpaired		GCA_049583995.1	current	GCA_049583995.1	GENBANK	current	current_genbank_singleton	Bradyrhizobium sp.	376		Contig	5019805	61.5	635	13229	-2.613385	-2.698	retain_candidate	secondary_fragmented	presence_absence_only	pending	pending	pangenome_fragmented;synteny_fragmented
CANON_01560	GCF_049586575.1	GCA_049586575.1	paired		GCF_049586575.1	current	GCF_049586575.1	REFSEQ	current	current_refseq_preferred	Bradyrhizobium sp.	376		Contig	5512584	61	802	10456	-2.227625	-3.3725	retain_candidate	secondary_fragmented	presence_absence_only	pending	pending	pangenome_fragmented;synteny_fragmented
CANON_01561		GCA_049587575.1	unpaired		GCA_049587575.1	current	GCA_049587575.1	GENBANK	current	current_genbank_singleton	Bradyrhizobium sp.	376		Contig	4757943	63	1076	5539	-2.818376	-0.6745	retain_candidate	secondary_fragmented	presence_absence_only	pending	pending	pangenome_fragmented;synteny_fragmented
CANON_01562		GCA_049588595.1	unpaired		GCA_049588595.1	current	GCA_049588595.1	GENBANK	current	current_genbank_singleton	Bradyrhizobium sp.	376		Contig	5135276	61	757	10482	-2.522991	-3.3725	retain_candidate	secondary_fragmented	presence_absence_only	pending	pending	pangenome_fragmented;synteny_fragmented
CANON_01563	GCF_049589075.1	GCA_049589075.1	paired		GCF_049589075.1	current	GCF_049589075.1	REFSEQ	current	current_refseq_preferred	Bradyrhizobium sp.	376		Contig	5317895	61	545	19622	-2.380033	-3.3725	retain_candidate	secondary_fragmented	presence_absence_only	pending	pending	pangenome_fragmented;synteny_fragmented
CANON_01564		GCA_049592975.1	unpaired		GCA_049592975.1	current	GCA_049592975.1	GENBANK	current	current_genbank_singleton	Bradyrhizobium sp.	376		Contig	4976087	61	873	7690	-2.647608	-3.3725	retain_candidate	secondary_fragmented	presence_absence_only	pending	pending	pangenome_fragmented;synteny_fragmented
CANON_01565		GCA_049673865.1	unpaired		GCA_049673865.1	current	GCA_049673865.1	GENBANK	current	current_genbank_singleton	Bradyrhizobium sp.	376		Contig	4726601	61.5	937	6358	-2.842912	-2.698	retain_candidate	secondary_fragmented	presence_absence_only	pending	pending	pangenome_fragmented;synteny_fragmented
CANON_01566	GCF_049674045.1	GCA_049674045.1	paired		GCF_049674045.1	current	GCF_049674045.1	REFSEQ	current	current_refseq_preferred	Bradyrhizobium sp.	376		Contig	5106108	61	625	12978	-2.545824	-3.3725	retain_candidate	secondary_fragmented	presence_absence_only	pending	pending	pangenome_fragmented;synteny_fragmented
CANON_01567		GCA_049674245.1	unpaired		GCA_049674245.1	current	GCA_049674245.1	GENBANK	current	current_genbank_singleton	Bradyrhizobium sp.	376		Contig	6904279	61.5	1224	7715	-1.138173	-2.698	retain_candidate	secondary_fragmented	presence_absence_only	pending	pending	pangenome_fragmented;synteny_fragmented
CANON_01568	GCF_049674785.1	GCA_049674785.1	paired		GCF_049674785.1	current	GCF_049674785.1	REFSEQ	current	current_refseq_preferred	Bradyrhizobium sp.	376		Contig	5438470	61	439	30722	-2.285644	-3.3725	retain_candidate	primary_contiguity_candidate	presence_absence_only	pending	pending	synteny_fragmented
CANON_01569		GCA_049675985.1	unpaired		GCA_049675985.1	current	GCA_049675985.1	GENBANK	current	current_genbank_singleton	Bradyrhizobium sp.	376		Contig	4987337	61.5	920	7114	-2.638801	-2.698	retain_candidate	secondary_fragmented	presence_absence_only	pending	pending	pangenome_fragmented;synteny_fragmented
CANON_01570		GCA_049679005.1	unpaired		GCA_049679005.1	current	GCA_049679005.1	GENBANK	current	current_genbank_singleton	Bradyrhizobium sp.	376		Contig	4987533	61.5	897	7632	-2.638648	-2.698	retain_candidate	secondary_fragmented	presence_absence_only	pending	pending	pangenome_fragmented;synteny_fragmented
CANON_01571		GCA_049679685.1	unpaired		GCA_049679685.1	current	GCA_049679685.1	GENBANK	current	current_genbank_singleton	Bradyrhizobium sp.	376		Contig	5142889	61	726	10802	-2.517031	-3.3725	retain_candidate	secondary_fragmented	presence_absence_only	pending	pending	pangenome_fragmented;synteny_fragmented
CANON_01572		GCA_049680025.1	unpaired		GCA_049680025.1	current	GCA_049680025.1	GENBANK	current	current_genbank_singleton	Bradyrhizobium sp.	376		Contig	5335693	61	595	17656	-2.3661	-3.3725	retain_candidate	secondary_fragmented	presence_absence_only	pending	pending	pangenome_fragmented;synteny_fragmented
CANON_01573	GCF_049691595.1	GCA_049691595.1	paired		GCF_049691595.1	current	GCF_049691595.1	REFSEQ	current	current_refseq_preferred	Bradyrhizobium sp.	376		Contig	5191907	63.5	674	12186	-2.478659	0.0	retain_candidate	secondary_fragmented	presence_absence_only	pending	pending	pangenome_fragmented;synteny_fragmented
CANON_01574	GCF_049693255.1	GCA_049693255.1	paired		GCF_049693255.1	current	GCF_049693255.1	REFSEQ	current	current_refseq_preferred	Bradyrhizobium sp.	376		Contig	6636716	60.5	806	16576	-1.347628	-4.047	manual_review	secondary_fragmented	presence_absence_only	pending	pending	gc_percent_outlier;pangenome_fragmented;synteny_fragmented
CANON_01575	GCF_049696275.1	GCA_049696275.1	paired		GCF_049696275.1	current	GCF_049696275.1	REFSEQ	current	current_refseq_preferred	Bradyrhizobium sp.	376		Contig	5475359	62	504	18381	-2.256766	-2.0235	retain_candidate	secondary_fragmented	presence_absence_only	pending	pending	pangenome_fragmented;synteny_fragmented
CANON_01576		GCA_049697475.1	unpaired		GCA_049697475.1	current	GCA_049697475.1	GENBANK	current	current_genbank_singleton	Bradyrhizobium sp.	376		Contig	5008888	61	876	8182	-2.621931	-3.3725	retain_candidate	secondary_fragmented	presence_absence_only	pending	pending	pangenome_fragmented;synteny_fragmented
CANON_01577	GCF_049739485.1	GCA_049739485.1	paired		GCF_049739485.1	current	GCF_049739485.1	REFSEQ	current	current_refseq_preferred	Bradyrhizobium sp. USDA 326	3377726	USDA 326	Contig	7859647	64	1	7859647	-0.390288	0.6745	retain_candidate	primary_contiguity_candidate	synteny_candidate	pending	pending	
CANON_01578	GCF_049739505.1	GCA_049739505.1	paired		GCF_049739505.1	current	GCF_049739505.1	REFSEQ	current	current_refseq_preferred	Bradyrhizobium sp. USDA 241	3377725	USDA 241	Contig	9432783	63.5	9	2532733	0.841201	0.0	retain_candidate	primary_contiguity_candidate	synteny_candidate	pending	pending	
CANON_01579	GCF_049747295.1	GCA_049747295.1	paired		GCF_049747295.1	current	GCF_049747295.1	REFSEQ	current	current_refseq_preferred	Bradyrhizobium sp. SYSU BS000235	3411332	SYSU BS000235	Scaffold	5903959	59.5	9	4219422	-1.921248	-5.396	manual_review	primary_contiguity_candidate	synteny_candidate	pending	pending	gc_percent_outlier
CANON_01580	GCF_049793555.1	GCA_049793555.1	paired		GCF_049793555.1	current	GCF_049793555.1	REFSEQ	current	current_refseq_preferred	Bradyrhizobium sp.	376		Contig	5366203	61	471	27823	-2.342216	-3.3725	retain_candidate	primary_contiguity_candidate	presence_absence_only	pending	pending	synteny_fragmented
CANON_01581		GCA_049794255.1	unpaired		GCA_049794255.1	current	GCA_049794255.1	GENBANK	current	current_genbank_singleton	Bradyrhizobium sp.	376		Contig	4639851	61.5	950	6161	-2.910822	-2.698	retain_candidate	secondary_fragmented	presence_absence_only	pending	pending	pangenome_fragmented;synteny_fragmented
CANON_01582		GCA_049794375.1	unpaired		GCA_049794375.1	current	GCA_049794375.1	GENBANK	current	current_genbank_singleton	Bradyrhizobium sp.	376		Contig	6132631	61	1216	6912	-1.742238	-3.3725	retain_candidate	secondary_fragmented	presence_absence_only	pending	pending	pangenome_fragmented;synteny_fragmented
CANON_01583		GCA_049795095.1	unpaired		GCA_049795095.1	current	GCA_049795095.1	GENBANK	current	current_genbank_singleton	Bradyrhizobium sp.	376		Contig	4804970	61.5	849	7828	-2.781563	-2.698	retain_candidate	secondary_fragmented	presence_absence_only	pending	pending	pangenome_fragmented;synteny_fragmented
CANON_01584	GCF_049798335.1	GCA_049798335.1	paired		GCF_049798335.1	current	GCF_049798335.1	REFSEQ	current	current_refseq_preferred	Bradyrhizobium sp.	376		Contig	5356543	61	576	19670	-2.349778	-3.3725	retain_candidate	secondary_fragmented	presence_absence_only	pending	pending	pangenome_fragmented;synteny_fragmented
CANON_01585	GCF_049798375.1	GCA_049798375.1	paired		GCF_049798375.1	current	GCF_049798375.1	REFSEQ	current	current_refseq_preferred	Bradyrhizobium sp.	376		Contig	6028453	64	816	10604	-1.823791	0.6745	retain_candidate	secondary_fragmented	presence_absence_only	pending	pending	pangenome_fragmented;synteny_fragmented
CANON_01586		GCA_049799375.1	unpaired		GCA_049799375.1	current	GCA_049799375.1	GENBANK	current	current_genbank_singleton	Bradyrhizobium sp.	376		Contig	4939487	61.5	859	7695	-2.676259	-2.698	retain_candidate	secondary_fragmented	presence_absence_only	pending	pending	pangenome_fragmented;synteny_fragmented
CANON_01587	GCF_049800515.1	GCA_049800515.1	paired		GCF_049800515.1	current	GCF_049800515.1	REFSEQ	current	current_refseq_preferred	Bradyrhizobium sp.	376		Contig	6215997	60.5	660	17525	-1.676977	-4.047	manual_review	secondary_fragmented	presence_absence_only	pending	pending	gc_percent_outlier;pangenome_fragmented;synteny_fragmented
CANON_01588		GCA_049802835.1	unpaired		GCA_049802835.1	current	GCA_049802835.1	GENBANK	current	current_genbank_singleton	Bradyrhizobium sp.	376		Contig	8256939	64.5	1352	8923	-0.079278	1.349	retain_candidate	secondary_fragmented	presence_absence_only	pending	pending	pangenome_fragmented;synteny_fragmented
CANON_01589		GCA_049803135.1	unpaired		GCA_049803135.1	current	GCA_049803135.1	GENBANK	current	current_genbank_singleton	Bradyrhizobium sp.	376		Contig	4846032	63	859	7387	-2.749418	-0.6745	retain_candidate	secondary_fragmented	presence_absence_only	pending	pending	pangenome_fragmented;synteny_fragmented
CANON_01590	GCF_049949265.1	GCA_049949265.1	paired		GCF_049949265.1	current	GCF_049949265.1	REFSEQ	current	current_refseq_preferred	Bradyrhizobium genosp. P	83641	BDV5111	Complete Genome	9941418	62.5	1	9941418	1.239373	-1.349	retain_candidate	primary_contiguity_candidate	synteny_candidate	pending	pending	
CANON_01591	GCF_049949275.1	GCA_049949275.1	paired		GCF_049949275.1	current	GCF_049949275.1	REFSEQ	current	current_refseq_preferred	Bradyrhizobium genosp. A	83626	BDV5028	Complete Genome	8387507	63	1	8387507	0.022934	-0.6745	retain_candidate	primary_contiguity_candidate	synteny_candidate	pending	pending	
CANON_01592	GCF_049949285.1	GCA_049949285.1	paired		GCF_049949285.1	current	GCF_049949285.1	REFSEQ	current	current_refseq_preferred	Bradyrhizobium ganzhouense	1179767	JCM19881	Complete Genome	8909570	63	1	8909570	0.431617	-0.6745	retain_candidate	primary_contiguity_candidate	synteny_candidate	pending	pending	
CANON_01593	GCF_049993385.1	GCA_049993385.1	paired		GCF_049993385.1	current	GCF_049993385.1	REFSEQ	current	current_refseq_preferred	Bradyrhizobium sp. McL0616	3415674	McL0616	Complete Genome	8636646	63	1	8636646	0.217966	-0.6745	retain_candidate	primary_contiguity_candidate	synteny_candidate	pending	pending	
CANON_01594	GCF_049993905.1	GCA_049993905.1	paired		GCF_049993905.1	current	GCF_049993905.1	REFSEQ	current	current_refseq_preferred	Bradyrhizobium sp. McL0615	3415673	McL0615	Complete Genome	8847784	62	1	8847784	0.38325	-2.0235	retain_candidate	primary_contiguity_candidate	synteny_candidate	pending	pending	
CANON_01595	GCF_050014615.1	GCA_050014615.1	paired		GCF_050014615.1	current	GCF_050014615.1	REFSEQ	current	current_refseq_preferred	Bradyrhizobium sp.	376		Contig	6022905	62.5	361	26327	-1.828134	-1.349	retain_candidate	primary_contiguity_candidate	presence_absence_only	pending	pending	synteny_fragmented
CANON_01596	GCF_050182585.1	GCA_050182585.1	paired		GCF_050182585.1	current	GCF_050182585.1	REFSEQ	current	current_refseq_preferred	Bradyrhizobium sp.	376		Scaffold	6229262	63.5	114	130950	-1.666593	0.0	retain_candidate	primary_contiguity_candidate	synteny_candidate	pending	pending	
CANON_01597	GCF_050247095.1	GCA_050247095.1	paired		GCF_050247095.1	current	GCF_050247095.1	REFSEQ	current	current_refseq_preferred	Bradyrhizobium sp.	376		Scaffold	6187033	63.5	109	130693	-1.69965	0.0	retain_candidate	primary_contiguity_candidate	synteny_candidate	pending	pending	
CANON_01598	GCF_050435105.1	GCA_050435105.1	paired		GCF_050435105.1	current	GCF_050435105.1	REFSEQ	current	current_refseq_preferred	Bradyrhizobium sp. i1.12.3	3156359	i1.12.3	Contig	8166816	63.5	74	320228	-0.149829	0.0	retain_candidate	primary_contiguity_candidate	synteny_candidate	pending	pending	
CANON_01599	GCF_050435145.1	GCA_050435145.1	paired		GCF_050435145.1	current	GCF_050435145.1	REFSEQ	current	current_refseq_preferred	Bradyrhizobium sp. i1.8.4	3156364	i1.8.4	Contig	8169134	63.5	82	352548	-0.148014	0.0	retain_candidate	primary_contiguity_candidate	synteny_candidate	pending	pending	
CANON_01600	GCF_050435465.1	GCA_050435465.1	paired		GCF_050435465.1	current	GCF_050435465.1	REFSEQ	current	current_refseq_preferred	Bradyrhizobium sp. i1.14.1	3156360	i1.14.1	Contig	8166720	63.5	79	259582	-0.149904	0.0	retain_candidate	primary_contiguity_candidate	synteny_candidate	pending	pending	
CANON_01601	GCF_050435485.1	GCA_050435485.1	paired		GCF_050435485.1	current	GCF_050435485.1	REFSEQ	current	current_refseq_preferred	Bradyrhizobium elkanii	29448	USDA 225	Contig	9761609	63.5	2	9510390	1.098614	0.0	retain_candidate	primary_contiguity_candidate	synteny_candidate	pending	pending	
CANON_01602	GCF_050435825.1	GCA_050435825.1	paired		GCF_050435825.1	current	GCF_050435825.1	REFSEQ	current	current_refseq_preferred	Bradyrhizobium sp. I1.14.4	3156361	I1.14.4	Contig	8169952	63.5	72	280314	-0.147374	0.0	retain_candidate	primary_contiguity_candidate	synteny_candidate	pending	pending	
CANON_01603		GCA_050563515.1	unpaired		GCA_050563515.1	current	GCA_050563515.1	GENBANK	current	current_genbank_singleton	Bradyrhizobium guangxiense	1325115	CCBAU 53363	Complete Genome	7474197	64.5	2	7225559	-0.692027	1.349	retain_candidate	primary_contiguity_candidate	synteny_candidate	pending	pending	
CANON_01604		GCA_050597465.1	unpaired		GCA_050597465.1	current	GCA_050597465.1	GENBANK	current	current_genbank_singleton	Bradyrhizobium japonicum	375	RZ300	Complete Genome	9199961	63.5	1	9199961	0.658942	0.0	retain_candidate	primary_contiguity_candidate	synteny_candidate	pending	pending	
CANON_01605	GCF_050613225.1	GCA_050613225.1	paired		GCF_050613225.1	current	GCF_050613225.1	REFSEQ	current	current_refseq_preferred	Bradyrhizobium pachyrhizi	280333	Pa5	Complete Genome	8930561	64	1	8930561	0.448049	0.6745	retain_candidate	primary_contiguity_candidate	synteny_candidate	pending	pending	
CANON_01606	GCF_050632175.1	GCA_050632175.1	paired		GCF_050632175.1	current	GCF_050632175.1	REFSEQ	current	current_refseq_preferred	Bradyrhizobium betae	244734	P42	Complete Genome	7127334	64	1	7127334	-0.96356	0.6745	retain_candidate	primary_contiguity_candidate	synteny_candidate	pending	pending	
CANON_01607	GCF_050641875.1	GCA_050641875.1	paired		GCF_050641875.1	suppressed	GCA_050641875.1	GENBANK	current	fallback_current_genbank	Bradyrhizobium oligotrophicum S58	1245469	E20	Complete Genome	7223848	65.5	2	7173964	-0.888007	2.698	retain_candidate	primary_contiguity_candidate	synteny_candidate	pending	pending	suppressed_or_unavailable_refseq_fallback
CANON_01608		GCA_050725935.1	unpaired		GCA_050725935.1	current	GCA_050725935.1	GENBANK	current	current_genbank_singleton	Bradyrhizobium sp.	376		Contig	2833120	64.5	1138	2731	-4.325174	1.349	manual_review	secondary_fragmented	presence_absence_only	pending	pending	genome_size_outlier;pangenome_fragmented;synteny_fragmented
CANON_01609		GCA_050725975.1	unpaired		GCA_050725975.1	current	GCA_050725975.1	GENBANK	current	current_genbank_singleton	Bradyrhizobium sp.	376		Contig	4040913	63.5	660	7845	-3.379685	0.0	retain_candidate	secondary_fragmented	presence_absence_only	pending	pending	pangenome_fragmented;synteny_fragmented
CANON_01610		GCA_050725995.1	unpaired		GCA_050725995.1	current	GCA_050725995.1	GENBANK	current	current_genbank_singleton	Bradyrhizobium sp.	376		Scaffold	3700417	63	1363	4404	-3.646233	-0.6745	manual_review	secondary_fragmented	presence_absence_only	pending	pending	genome_size_outlier;pangenome_fragmented;synteny_fragmented
CANON_01611		GCA_050726015.1	unpaired		GCA_050726015.1	current	GCA_050726015.1	GENBANK	current	current_genbank_singleton	Bradyrhizobium sp.	376		Contig	3883145	62.5	2134	1878	-3.503189	-1.349	manual_review	secondary_fragmented	presence_absence_only	pending	pending	genome_size_outlier;pangenome_fragmented;synteny_fragmented
CANON_01612		GCA_050726035.1	unpaired		GCA_050726035.1	current	GCA_050726035.1	GENBANK	current	current_genbank_singleton	Bradyrhizobium sp.	376		Contig	2937845	63.5	1012	3028	-4.243193	0.0	manual_review	secondary_fragmented	presence_absence_only	pending	pending	genome_size_outlier;pangenome_fragmented;synteny_fragmented
CANON_01613		GCA_050726075.1	unpaired		GCA_050726075.1	current	GCA_050726075.1	GENBANK	current	current_genbank_singleton	Bradyrhizobium sp.	376		Contig	4364650	63.5	2722	1578	-3.126256	0.0	retain_candidate	secondary_fragmented	presence_absence_only	pending	pending	pangenome_fragmented;synteny_fragmented
CANON_01614		GCA_050726095.1	unpaired		GCA_050726095.1	current	GCA_050726095.1	GENBANK	current	current_genbank_singleton	Bradyrhizobium sp.	376		Scaffold	2803957	63.5	896	3378	-4.348004	0.0	manual_review	secondary_fragmented	presence_absence_only	pending	pending	genome_size_outlier;pangenome_fragmented;synteny_fragmented
CANON_01615		GCA_050726135.1	unpaired		GCA_050726135.1	current	GCA_050726135.1	GENBANK	current	current_genbank_singleton	Bradyrhizobium sp.	376		Scaffold	4154943	62.5	1942	2361	-3.290419	-1.349	retain_candidate	secondary_fragmented	presence_absence_only	pending	pending	pangenome_fragmented;synteny_fragmented
CANON_01616		GCA_050726155.1	unpaired		GCA_050726155.1	current	GCA_050726155.1	GENBANK	current	current_genbank_singleton	Bradyrhizobium sp.	376		Contig	7138430	62.5	849	10131	-0.954874	-1.349	retain_candidate	secondary_fragmented	presence_absence_only	pending	pending	pangenome_fragmented;synteny_fragmented
CANON_01617	GCF_051167555.1	GCA_051167555.1	paired		GCF_051167555.1	current	GCF_051167555.1	REFSEQ	current	current_refseq_preferred	Bradyrhizobium sp. HKCCYLS3077	3420761	HKCCYLS3077	Contig	7762057	65.5	21	908511	-0.466684	2.698	retain_candidate	primary_contiguity_candidate	synteny_candidate	pending	pending	
CANON_01618	GCF_051167575.1	GCA_051167575.1	paired		GCF_051167575.1	current	GCF_051167575.1	REFSEQ	current	current_refseq_preferred	Bradyrhizobium sp. HKCCYLS3070	3420749	HKCCYLS3070	Contig	7337776	65.5	28	525961	-0.798821	2.698	retain_candidate	primary_contiguity_candidate	synteny_candidate	pending	pending	
CANON_01619	GCF_051167595.1	GCA_051167595.1	paired		GCF_051167595.1	current	GCF_051167595.1	REFSEQ	current	current_refseq_preferred	Bradyrhizobium oligotrophicum	44255	HKCCYLS3027	Contig	7064413	66	25	474750	-1.012816	3.3725	retain_candidate	primary_contiguity_candidate	synteny_candidate	pending	pending	
CANON_01620	GCF_051167615.1	GCA_051167615.1	paired		GCF_051167615.1	current	GCF_051167615.1	REFSEQ	current	current_refseq_preferred	Bradyrhizobium sp. HKCCYLS3013	3420735	HKCCYLS3013	Contig	7127248	66	43	296438	-0.963627	3.3725	retain_candidate	primary_contiguity_candidate	synteny_candidate	pending	pending	
CANON_01621	GCF_051167635.1	GCA_051167635.1	paired		GCF_051167635.1	current	GCF_051167635.1	REFSEQ	current	current_refseq_preferred	Bradyrhizobium sp. HKCCYLS2058	3420737	HKCCYLS2058	Contig	7181593	66	42	392752	-0.921085	3.3725	retain_candidate	primary_contiguity_candidate	synteny_candidate	pending	pending	
CANON_01622	GCF_051167655.1	GCA_051167655.1	paired		GCF_051167655.1	current	GCF_051167655.1	REFSEQ	current	current_refseq_preferred	Bradyrhizobium sp. HKCCYLS2038	3420764	HKCCYLS2038	Contig	8148047	65	30	879700	-0.164521	2.0235	retain_candidate	primary_contiguity_candidate	synteny_candidate	pending	pending	
CANON_01623	GCF_051167675.1	GCA_051167675.1	paired		GCF_051167675.1	current	GCF_051167675.1	REFSEQ	current	current_refseq_preferred	Bradyrhizobium sp. HKCCYLS2033	3420739	HKCCYLS2033	Contig	7089637	66	38	421847	-0.99307	3.3725	retain_candidate	primary_contiguity_candidate	synteny_candidate	pending	pending	
CANON_01624	GCF_051167695.1	GCA_051167695.1	paired		GCF_051167695.1	current	GCF_051167695.1	REFSEQ	current	current_refseq_preferred	Bradyrhizobium oligotrophicum	44255	HKCCYLS1075	Contig	7336279	65.5	34	461146	-0.799993	2.698	retain_candidate	primary_contiguity_candidate	synteny_candidate	pending	pending	
CANON_01625	GCF_051167715.1	GCA_051167715.1	paired		GCF_051167715.1	current	GCF_051167715.1	REFSEQ	current	current_refseq_preferred	Bradyrhizobium sp. HKCCYLS20291	3420766	HKCCYLS20291	Contig	8069542	65	35	388059	-0.225977	2.0235	retain_candidate	primary_contiguity_candidate	synteny_candidate	pending	pending	
CANON_01626	GCF_051167735.1	GCA_051167735.1	paired		GCF_051167735.1	current	GCF_051167735.1	REFSEQ	current	current_refseq_preferred	Bradyrhizobium oligotrophicum	44255	HKCCYLS1054	Contig	7124595	66	36	338413	-0.965704	3.3725	retain_candidate	primary_contiguity_candidate	synteny_candidate	pending	pending	
CANON_01627	GCF_051167755.1	GCA_051167755.1	paired		GCF_051167755.1	current	GCF_051167755.1	REFSEQ	current	current_refseq_preferred	Bradyrhizobium sp. HKCCYLS1049	3420755	HKCCYLS1049	Contig	7254996	65.5	28	481963	-0.863623	2.698	retain_candidate	primary_contiguity_candidate	synteny_candidate	pending	pending	
CANON_01628	GCF_051167775.1	GCA_051167775.1	paired		GCF_051167775.1	current	GCF_051167775.1	REFSEQ	current	current_refseq_preferred	Bradyrhizobium oligotrophicum	44255	HKCCYLS1047	Contig	7022168	66	33	416888	-1.045887	3.3725	retain_candidate	primary_contiguity_candidate	synteny_candidate	pending	pending	
CANON_01629	GCF_051167795.1	GCA_051167795.1	paired		GCF_051167795.1	current	GCF_051167795.1	REFSEQ	current	current_refseq_preferred	Bradyrhizobium sp. HKCCYLS1011	3420733	HKCCYLS1011	Contig	8623057	63.5	30	768244	0.207328	0.0	retain_candidate	primary_contiguity_candidate	synteny_candidate	pending	pending	
CANON_01630	GCF_051167815.1	GCA_051167815.1	paired		GCF_051167815.1	current	GCF_051167815.1	REFSEQ	current	current_refseq_preferred	Bradyrhizobium oligotrophicum	44255	HKCCYLRH3234	Contig	7315812	65.5	40	390284	-0.816015	2.698	retain_candidate	primary_contiguity_candidate	synteny_candidate	pending	pending	
CANON_01631	GCF_051167835.1	GCA_051167835.1	paired		GCF_051167835.1	current	GCF_051167835.1	REFSEQ	current	current_refseq_preferred	Bradyrhizobium oligotrophicum	44255	HKCCYLRH3147	Contig	7117023	66	57	198857	-0.971632	3.3725	retain_candidate	primary_contiguity_candidate	synteny_candidate	pending	pending	
CANON_01632	GCF_051167855.1	GCA_051167855.1	paired		GCF_051167855.1	current	GCF_051167855.1	REFSEQ	current	current_refseq_preferred	Bradyrhizobium sp. HKCCYLRH3099	3420762	HKCCYLRH3099	Contig	7656658	65.5	40	260463	-0.549193	2.698	retain_candidate	primary_contiguity_candidate	synteny_candidate	pending	pending	
CANON_01633	GCF_051167875.1	GCA_051167875.1	paired		GCF_051167875.1	current	GCF_051167875.1	REFSEQ	current	current_refseq_preferred	Bradyrhizobium sp. HKCCYLRH3097	3420752	HKCCYLRH3097	Contig	7081453	65.5	27	448355	-0.999477	2.698	retain_candidate	primary_contiguity_candidate	synteny_candidate	pending	pending	
CANON_01634	GCF_051167895.1	GCA_051167895.1	paired		GCF_051167895.1	current	GCF_051167895.1	REFSEQ	current	current_refseq_preferred	Bradyrhizobium sp. HKCCYLRH3095	3420765	HKCCYLRH3095	Contig	8045458	65.5	39	641745	-0.244831	2.698	retain_candidate	primary_contiguity_candidate	synteny_candidate	pending	pending	
CANON_01635	GCF_051167915.1	GCA_051167915.1	paired		GCF_051167915.1	current	GCF_051167915.1	REFSEQ	current	current_refseq_preferred	Bradyrhizobium oligotrophicum	44255	HKCCYLRH3089	Contig	7565484	65.5	30	628565	-0.620566	2.698	retain_candidate	primary_contiguity_candidate	synteny_candidate	pending	pending	
CANON_01636	GCF_051167935.1	GCA_051167935.1	paired		GCF_051167935.1	current	GCF_051167935.1	REFSEQ	current	current_refseq_preferred	Bradyrhizobium sp. HKCCYLRH3083	3420740	HKCCYLRH3083	Contig	7071812	66	34	435517	-1.007024	3.3725	retain_candidate	primary_contiguity_candidate	synteny_candidate	pending	pending	
CANON_01637	GCF_051167955.1	GCA_051167955.1	paired		GCF_051167955.1	current	GCF_051167955.1	REFSEQ	current	current_refseq_preferred	Bradyrhizobium oligotrophicum	44255	HKCCYLRH3078	Contig	7336341	65.5	32	492618	-0.799944	2.698	retain_candidate	primary_contiguity_candidate	synteny_candidate	pending	pending	
CANON_01638	GCF_051167975.1	GCA_051167975.1	paired		GCF_051167975.1	current	GCF_051167975.1	REFSEQ	current	current_refseq_preferred	Bradyrhizobium oligotrophicum	44255	HKCCYLRH3074	Contig	7146242	66	34	430922	-0.948758	3.3725	retain_candidate	primary_contiguity_candidate	synteny_candidate	pending	pending	
CANON_01639	GCF_051167995.1	GCA_051167995.1	paired		GCF_051167995.1	current	GCF_051167995.1	REFSEQ	current	current_refseq_preferred	Bradyrhizobium sp. HKCCYLRH3073	3420736	HKCCYLRH3073	Contig	7186818	66	36	379606	-0.916995	3.3725	retain_candidate	primary_contiguity_candidate	synteny_candidate	pending	pending	
CANON_01640	GCF_051168015.1	GCA_051168015.1	paired		GCF_051168015.1	current	GCF_051168015.1	REFSEQ	current	current_refseq_preferred	Bradyrhizobium sp. HKCCYLRH3061	3420734	HKCCYLRH3061	Contig	7156617	66	44	264778	-0.940637	3.3725	retain_candidate	primary_contiguity_candidate	synteny_candidate	pending	pending	
CANON_01641	GCF_051168035.1	GCA_051168035.1	paired		GCF_051168035.1	current	GCF_051168035.1	REFSEQ	current	current_refseq_preferred	Bradyrhizobium sp. HKCCYLRH3059	3420745	HKCCYLRH3059	Contig	7099400	65.5	24	576953	-0.985428	2.698	retain_candidate	primary_contiguity_candidate	synteny_candidate	pending	pending	
CANON_01642	GCF_051168055.1	GCA_051168055.1	paired		GCF_051168055.1	current	GCF_051168055.1	REFSEQ	current	current_refseq_preferred	Bradyrhizobium oligotrophicum	44255	HKCCYLRH3019	Contig	7310430	65.5	41	430907	-0.820228	2.698	retain_candidate	primary_contiguity_candidate	synteny_candidate	pending	pending	
CANON_01643	GCF_051168075.1	GCA_051168075.1	paired		GCF_051168075.1	current	GCF_051168075.1	REFSEQ	current	current_refseq_preferred	Bradyrhizobium sp. HKCCYLRH3005	3420748	HKCCYLRH3005	Contig	7337178	65.5	34	492618	-0.799289	2.698	retain_candidate	primary_contiguity_candidate	synteny_candidate	pending	pending	
CANON_01644	GCF_051168095.1	GCA_051168095.1	paired		GCF_051168095.1	current	GCF_051168095.1	REFSEQ	current	current_refseq_preferred	Bradyrhizobium oligotrophicum	44255	HKCCYLRH30022	Contig	7067937	66	27	402467	-1.010058	3.3725	retain_candidate	primary_contiguity_candidate	synteny_candidate	pending	pending	
CANON_01645	GCF_051168115.1	GCA_051168115.1	paired		GCF_051168115.1	current	GCF_051168115.1	REFSEQ	current	current_refseq_preferred	Bradyrhizobium oligotrophicum	44255	HKCCYLRH30041	Contig	7070293	66	42	338992	-1.008213	3.3725	retain_candidate	primary_contiguity_candidate	synteny_candidate	pending	pending	
CANON_01646	GCF_051168135.1	GCA_051168135.1	paired		GCF_051168135.1	current	GCF_051168135.1	REFSEQ	current	current_refseq_preferred	Bradyrhizobium sp. HKCCYLRH2060	3420743	HKCCYLRH2060	Contig	7193300	66	38	302948	-0.91192	3.3725	retain_candidate	primary_contiguity_candidate	synteny_candidate	pending	pending	
CANON_01647	GCF_051168155.1	GCA_051168155.1	paired		GCF_051168155.1	current	GCF_051168155.1	REFSEQ	current	current_refseq_preferred	Bradyrhizobium sp. HKCCYLRH2057	3420763	HKCCYLRH2057	Contig	7637804	65.5	46	259959	-0.563952	2.698	retain_candidate	primary_contiguity_candidate	synteny_candidate	pending	pending	
CANON_01648	GCF_051168175.1	GCA_051168175.1	paired		GCF_051168175.1	current	GCF_051168175.1	REFSEQ	current	current_refseq_preferred	Bradyrhizobium sp. HKCCYLRH2047	3420741	HKCCYLRH2047	Contig	7072365	66	33	445499	-1.006591	3.3725	retain_candidate	primary_contiguity_candidate	synteny_candidate	pending	pending	
CANON_01649	GCF_051168195.1	GCA_051168195.1	paired		GCF_051168195.1	current	GCF_051168195.1	REFSEQ	current	current_refseq_preferred	Bradyrhizobium oligotrophicum	44255	HKCCYLRH2033	Contig	7146750	66	34	480044	-0.948361	3.3725	retain_candidate	primary_contiguity_candidate	synteny_candidate	pending	pending	
CANON_01650	GCF_051168215.1	GCA_051168215.1	paired		GCF_051168215.1	current	GCF_051168215.1	REFSEQ	current	current_refseq_preferred	Bradyrhizobium sp. HKCCYLRH2015	3420742	HKCCYLRH2015	Contig	7358307	65.5	27	493930	-0.782749	2.698	retain_candidate	primary_contiguity_candidate	synteny_candidate	pending	pending	
CANON_01651	GCF_051168235.1	GCA_051168235.1	paired		GCF_051168235.1	current	GCF_051168235.1	REFSEQ	current	current_refseq_preferred	Bradyrhizobium sp. HKCCYLRH1144	3420758	HKCCYLRH1144	Contig	7254321	65.5	23	638412	-0.864152	2.698	retain_candidate	primary_contiguity_candidate	synteny_candidate	pending	pending	
CANON_01652	GCF_051168255.1	GCA_051168255.1	paired		GCF_051168255.1	current	GCF_051168255.1	REFSEQ	current	current_refseq_preferred	Bradyrhizobium sp. HKCCYLRH1074	3420754	HKCCYLRH1074	Contig	7254260	65.5	28	514229	-0.864199	2.698	retain_candidate	primary_contiguity_candidate	synteny_candidate	pending	pending	
CANON_01653	GCF_051168275.1	GCA_051168275.1	paired		GCF_051168275.1	current	GCF_051168275.1	REFSEQ	current	current_refseq_preferred	Bradyrhizobium sp. HKCCYLRH1073	3420759	HKCCYLRH1073	Contig	7255149	65.5	24	638412	-0.863503	2.698	retain_candidate	primary_contiguity_candidate	synteny_candidate	pending	pending	
CANON_01654	GCF_051168295.1	GCA_051168295.1	paired		GCF_051168295.1	current	GCF_051168295.1	REFSEQ	current	current_refseq_preferred	Bradyrhizobium sp. HKCCYLRH1065	3420753	HKCCYLRH1065	Contig	7322217	65.5	29	519485	-0.811001	2.698	retain_candidate	primary_contiguity_candidate	synteny_candidate	pending	pending	
CANON_01655	GCF_051168315.1	GCA_051168315.1	paired		GCF_051168315.1	current	GCF_051168315.1	REFSEQ	current	current_refseq_preferred	Bradyrhizobium oligotrophicum	44255	HKCCYLRH1072	Contig	7180398	66	47	420620	-0.92202	3.3725	retain_candidate	primary_contiguity_candidate	synteny_candidate	pending	pending	
CANON_01656	GCF_051168335.1	GCA_051168335.1	paired		GCF_051168335.1	current	GCF_051168335.1	REFSEQ	current	current_refseq_preferred	Bradyrhizobium sp. HKCCYLRH1062	3420750	HKCCYLRH1062	Contig	7352496	65.5	40	510373	-0.787298	2.698	retain_candidate	primary_contiguity_candidate	synteny_candidate	pending	pending	
CANON_01657	GCF_051168355.1	GCA_051168355.1	paired		GCF_051168355.1	current	GCF_051168355.1	REFSEQ	current	current_refseq_preferred	Bradyrhizobium sp. HKCCYLRH1043	3420756	HKCCYLRH1043	Contig	7255051	65.5	31	483154	-0.86358	2.698	retain_candidate	primary_contiguity_candidate	synteny_candidate	pending	pending	
CANON_01658	GCF_051168375.1	GCA_051168375.1	paired		GCF_051168375.1	current	GCF_051168375.1	REFSEQ	current	current_refseq_preferred	Bradyrhizobium sp. HKCCYLRH1034	3420751	HKCCYLRH1034	Contig	7352081	65.5	33	510370	-0.787623	2.698	retain_candidate	primary_contiguity_candidate	synteny_candidate	pending	pending	
CANON_01659	GCF_051168395.1	GCA_051168395.1	paired		GCF_051168395.1	current	GCF_051168395.1	REFSEQ	current	current_refseq_preferred	Bradyrhizobium sp. HKCCYLRH1030	3420744	HKCCYLRH1030	Contig	7497467	65.5	31	572783	-0.673811	2.698	retain_candidate	primary_contiguity_candidate	synteny_candidate	pending	pending	
CANON_01660	GCF_051168415.1	GCA_051168415.1	paired		GCF_051168415.1	current	GCF_051168415.1	REFSEQ	current	current_refseq_preferred	Bradyrhizobium sp. HKCCYLRH1032	3420757	HKCCYLRH1032	Contig	7259415	65.5	29	638412	-0.860164	2.698	retain_candidate	primary_contiguity_candidate	synteny_candidate	pending	pending	
CANON_01661	GCF_051168435.1	GCA_051168435.1	paired		GCF_051168435.1	current	GCF_051168435.1	REFSEQ	current	current_refseq_preferred	Bradyrhizobium sp. HKCCYLR20261	3420760	HKCCYLR20261	Contig	7799153	65.5	43	549174	-0.437644	2.698	retain_candidate	primary_contiguity_candidate	synteny_candidate	pending	pending	
CANON_01662	GCF_051168455.1	GCA_051168455.1	paired		GCF_051168455.1	current	GCF_051168455.1	REFSEQ	current	current_refseq_preferred	Bradyrhizobium sp. HKCCYLR1051	3420738	HKCCYLR1051	Contig	7245768	66	39	393769	-0.870847	3.3725	retain_candidate	primary_contiguity_candidate	synteny_candidate	pending	pending	
CANON_01663	GCF_051168475.1	GCA_051168475.1	paired		GCF_051168475.1	current	GCF_051168475.1	REFSEQ	current	current_refseq_preferred	Bradyrhizobium oligotrophicum	44255	HKCCYLR1033	Contig	8058016	65.5	194	92968	-0.235	2.698	retain_candidate	primary_contiguity_candidate	synteny_candidate	pending	pending	
CANON_01664	GCF_051168495.1	GCA_051168495.1	paired		GCF_051168495.1	current	GCF_051168495.1	REFSEQ	current	current_refseq_preferred	Bradyrhizobium oligotrophicum	44255	HKCCYLR10402	Contig	8045726	65.5	59	324526	-0.244621	2.698	retain_candidate	primary_contiguity_candidate	synteny_candidate	pending	pending	
CANON_01665	GCF_051168515.1	GCA_051168515.1	paired		GCF_051168515.1	current	GCF_051168515.1	REFSEQ	current	current_refseq_preferred	Bradyrhizobium viridifuturi	1654716	HKCCYLR1029	Contig	7153861	65.5	33	419666	-0.942794	2.698	retain_candidate	primary_contiguity_candidate	synteny_candidate	pending	pending	
CANON_01666	GCF_051168535.1	GCA_051168535.1	paired		GCF_051168535.1	current	GCF_051168535.1	REFSEQ	current	current_refseq_preferred	Bradyrhizobium viridifuturi	1654716	HKCCYLR1028	Contig	7156380	65.5	38	419666	-0.940822	2.698	retain_candidate	primary_contiguity_candidate	synteny_candidate	pending	pending	
CANON_01667	GCF_051168555.1	GCA_051168555.1	paired		GCF_051168555.1	current	GCF_051168555.1	REFSEQ	current	current_refseq_preferred	Bradyrhizobium sp. HKCCYLR1023	3420746	HKCCYLR1023	Contig	7159288	65.5	34	419666	-0.938546	2.698	retain_candidate	primary_contiguity_candidate	synteny_candidate	pending	pending	
CANON_01668	GCF_051168575.1	GCA_051168575.1	paired		GCF_051168575.1	current	GCF_051168575.1	REFSEQ	current	current_refseq_preferred	Bradyrhizobium oligotrophicum	44255	HKCCYLR1018	Contig	8046811	65.5	70	222864	-0.243771	2.698	retain_candidate	primary_contiguity_candidate	synteny_candidate	pending	pending	
CANON_01669	GCF_051168595.1	GCA_051168595.1	paired		GCF_051168595.1	current	GCF_051168595.1	REFSEQ	current	current_refseq_preferred	Bradyrhizobium sp. HKCCYLR1022	3420747	HKCCYLR1022	Contig	7158672	65.5	36	408695	-0.939028	2.698	retain_candidate	primary_contiguity_candidate	synteny_candidate	pending	pending	
CANON_01670	GCF_051168615.1	GCA_051168615.1	paired		GCF_051168615.1	current	GCF_051168615.1	REFSEQ	current	current_refseq_preferred	Bradyrhizobium oligotrophicum	44255	HKCCYLR10142	Contig	8068952	65.5	267	60785	-0.226439	2.698	retain_candidate	primary_contiguity_candidate	presence_absence_only	pending	pending	synteny_fragmented
CANON_01671	GCF_051168635.1	GCA_051168635.1	paired		GCF_051168635.1	current	GCF_051168635.1	REFSEQ	current	current_refseq_preferred	Bradyrhizobium oligotrophicum	44255	HKCCYLR1013	Contig	7334749	65.5	33	514654	-0.801191	2.698	retain_candidate	primary_contiguity_candidate	synteny_candidate	pending	pending	
CANON_01672	GCF_051411095.1	GCA_051411095.1	paired		GCF_051411095.1	current	GCF_051411095.1	REFSEQ	current	current_refseq_preferred	Bradyrhizobium sp. 1050_B9_N1_2	3238688	1050_B9_N1_2	Contig	9122251	63.5	6	8984645	0.598109	0.0	retain_candidate	primary_contiguity_candidate	synteny_candidate	pending	pending	
CANON_01673	GCF_051547665.1	GCA_051547665.1	paired		GCF_051547665.1	current	GCF_051547665.1	REFSEQ	current	current_refseq_preferred	Bradyrhizobium sp. BR 1433	3447967	BR 1433	Contig	8658699	64	2	8654120	0.235229	0.6745	retain_candidate	primary_contiguity_candidate	synteny_candidate	pending	pending	
CANON_01674	GCF_051547705.1	GCA_051547705.1	paired		GCF_051547705.1	current	GCF_051547705.1	REFSEQ	current	current_refseq_preferred	Bradyrhizobium sp. BR 1432	3447966	BR 1432	Contig	9386197	63	7	8496748	0.804732	-0.6745	retain_candidate	primary_contiguity_candidate	synteny_candidate	pending	pending	
CANON_01675		GCA_051658985.1	unpaired		GCA_051658985.1	current	GCA_051658985.1	GENBANK	current	current_genbank_singleton	Bradyrhizobium sp.	376		Contig	4523131	65	258	25982	-3.002193	2.0235	retain_candidate	primary_contiguity_candidate	presence_absence_only	pending	pending	synteny_fragmented
CANON_01676	GCF_051710265.1	GCA_051710265.1	paired		GCF_051710265.1	current	GCF_051710265.1	REFSEQ	current	current_refseq_preferred	Bradyrhizobium sp. U531	3053458	U531	Contig	8304324	64.5	52	639688	-0.042184	1.349	retain_candidate	primary_contiguity_candidate	synteny_candidate	pending	pending	
CANON_01677	GCF_051810765.1	GCA_051810765.1	paired		GCF_051810765.1	current	GCF_051810765.1	REFSEQ	current	current_refseq_preferred	Bradyrhizobium sp. 604_D8_N2_3	3240370	604_D8_N2_3	Contig	9708622	63.5	2	9305757	1.057134	0.0	retain_candidate	primary_contiguity_candidate	synteny_candidate	pending	pending	
CANON_01678	GCF_051810785.1	GCA_051810785.1	paired		GCF_051810785.1	current	GCF_051810785.1	REFSEQ	current	current_refseq_preferred	Bradyrhizobium sp. 956_D2_N1_5	3240376	956_D2_N1_5	Contig	9235669	63.5	2	6122751	0.686895	0.0	retain_candidate	primary_contiguity_candidate	synteny_candidate	pending	pending	
CANON_01679	GCF_051853005.1	GCA_051853005.1	paired		GCF_051853005.1	current	GCF_051853005.1	REFSEQ	current	current_refseq_preferred	Bradyrhizobium sp. SMVTL-02	3395917	DASA03120	Complete Genome	8401813	63.5	1	8401813	0.034133	0.0	retain_candidate	primary_contiguity_candidate	synteny_candidate	pending	pending	
CANON_01680	GCF_051853015.1	GCA_051853015.1	paired		GCF_051853015.1	current	GCF_051853015.1	REFSEQ	current	current_refseq_preferred	Bradyrhizobium sp. BLXBL-03	3395916	DASA03076	Complete Genome	8425892	63	1	8425892	0.052982	-0.6745	retain_candidate	primary_contiguity_candidate	synteny_candidate	pending	pending	
CANON_01681	GCF_051853025.1	GCA_051853025.1	paired		GCF_051853025.1	current	GCF_051853025.1	REFSEQ	current	current_refseq_preferred	Bradyrhizobium sp. BLXBL-01	3395915	DASA03068	Complete Genome	8248309	64	1	8248309	-0.086034	0.6745	retain_candidate	primary_contiguity_candidate	synteny_candidate	pending	pending	
CANON_01682	GCF_051853035.1	GCA_051853035.1	paired		GCF_051853035.1	current	GCF_051853035.1	REFSEQ	current	current_refseq_preferred	Bradyrhizobium sp. SPXBL-04	3395914	DASA03030	Complete Genome	8655749	63	1	8655749	0.23292	-0.6745	retain_candidate	primary_contiguity_candidate	synteny_candidate	pending	pending	
CANON_01683	GCF_051853045.1	GCA_051853045.1	paired		GCF_051853045.1	current	GCF_051853045.1	REFSEQ	current	current_refseq_preferred	Bradyrhizobium sp. SPXBL-03	3395913	DASA03007	Complete Genome	8656962	63	1	8656962	0.233869	-0.6745	retain_candidate	primary_contiguity_candidate	synteny_candidate	pending	pending	
CANON_01684	GCF_051853065.1	GCA_051853065.1	paired		GCF_051853065.1	current	GCF_051853065.1	REFSEQ	current	current_refseq_preferred	Bradyrhizobium sp. SPXBL-02	3395912	DASA03005	Complete Genome	8215472	64	1	8215472	-0.11174	0.6745	retain_candidate	primary_contiguity_candidate	synteny_candidate	pending	pending	
CANON_01685	GCF_051861855.1	GCA_051861855.1	paired		GCF_051861855.1	current	GCF_051861855.1	REFSEQ	current	current_refseq_preferred	Bradyrhizobium sp. PMVTL-01	3434999	PMVTL-01	Complete Genome	9213755	63.5	2	8506302	0.66974	0.0	retain_candidate	primary_contiguity_candidate	synteny_candidate	pending	pending	
CANON_01686		GCA_051890675.1	unpaired		GCA_051890675.1	current	GCA_051890675.1	GENBANK	current	current_genbank_singleton	Bradyrhizobium sp.	376		Scaffold	5865409	65	1540	4456	-1.951425	2.0235	retain_candidate	secondary_fragmented	presence_absence_only	pending	pending	pangenome_fragmented;synteny_fragmented
CANON_01687	GCF_051917485.1	GCA_051917485.2	paired		GCF_051917485.1	current	GCF_051917485.1	REFSEQ	current	current_refseq_preferred	Bradyrhizobium sp. RDM12	3450174	RDM12	Complete Genome	8168916	63	1	8168916	-0.148185	-0.6745	retain_candidate	primary_contiguity_candidate	synteny_candidate	pending	pending	
CANON_01688	GCF_052043945.1	GCA_052043945.1	paired		GCF_052043945.1	current	GCF_052043945.1	REFSEQ	current	current_refseq_preferred	Bradyrhizobium sp. PUT101	3447427	PUT101	Complete Genome	7452230	64	1	7452230	-0.709224	0.6745	retain_candidate	primary_contiguity_candidate	synteny_candidate	pending	pending	
CANON_01689		GCA_052047415.1	unpaired		GCA_052047415.1	current	GCA_052047415.1	GENBANK	current	current_genbank_singleton	Bradyrhizobium sp. 13971	3420407	13971	Contig	8749736	64	11	3158741	0.306495	0.6745	retain_candidate	primary_contiguity_candidate	synteny_candidate	pending	pending	
CANON_01690		GCA_052050015.1	unpaired		GCA_052050015.1	current	GCA_052050015.1	GENBANK	current	current_genbank_singleton	Bradyrhizobium sp. 10926	3420406	10926	Contig	10015892	62.5	6	9378305	1.297673	-1.349	retain_candidate	primary_contiguity_candidate	synteny_candidate	pending	pending	
CANON_01691	GCF_052075915.1	GCA_052075915.1	paired		GCF_052075915.1	current	GCF_052075915.1	REFSEQ	current	current_refseq_preferred	Bradyrhizobium sp. 1200_D9_N1_1	3239013	1200_D9_N1_1	Complete Genome	9123100	64	1	9123100	0.598774	0.6745	retain_candidate	primary_contiguity_candidate	synteny_candidate	pending	pending	
CANON_01692	GCF_052075925.1	GCA_052075925.1	paired		GCF_052075925.1	current	GCF_052075925.1	REFSEQ	current	current_refseq_preferred	Bradyrhizobium sp. 1200_D9_N1_2	3239014	1200_D9_N1_2	Complete Genome	9138826	64	1	9138826	0.611084	0.6745	retain_candidate	primary_contiguity_candidate	synteny_candidate	pending	pending	
CANON_01693	GCF_052075935.1	GCA_052075935.1	paired		GCF_052075935.1	current	GCF_052075935.1	REFSEQ	current	current_refseq_preferred	Bradyrhizobium sp. 215_C5_N1_1	3240384	215_C5_N1_1	Complete Genome	8838080	64	1	8838080	0.375653	0.6745	retain_candidate	primary_contiguity_candidate	synteny_candidate	pending	pending	
CANON_01694	GCF_052075945.1	GCA_052075945.1	paired		GCF_052075945.1	current	GCF_052075945.1	REFSEQ	current	current_refseq_preferred	Bradyrhizobium sp. 215_C5_N1_2	3240381	215_C5_N1_2	Complete Genome	8838080	64	1	8838080	0.375653	0.6745	retain_candidate	primary_contiguity_candidate	synteny_candidate	pending	pending	
CANON_01695	GCF_052075955.1	GCA_052075955.1	paired		GCF_052075955.1	current	GCF_052075955.1	REFSEQ	current	current_refseq_preferred	Bradyrhizobium sp. 482_C4_N1_1	3240366	482_C4_N1_1	Complete Genome	8969389	64	1	8969389	0.478445	0.6745	retain_candidate	primary_contiguity_candidate	synteny_candidate	pending	pending	
CANON_01696	GCF_052075965.1	GCA_052075965.1	paired		GCF_052075965.1	current	GCF_052075965.1	REFSEQ	current	current_refseq_preferred	Bradyrhizobium sp. 482_C4_N1_8	3240367	482_C4_N1_8	Complete Genome	8966771	64	1	8966771	0.476395	0.6745	retain_candidate	primary_contiguity_candidate	synteny_candidate	pending	pending	
CANON_01697	GCF_052075975.1	GCA_052075975.1	paired		GCF_052075975.1	current	GCF_052075975.1	REFSEQ	current	current_refseq_preferred	Bradyrhizobium sp. 521_C7_N1_3	3240368	521_C7_N1_3	Complete Genome	10214093	63.5	1	10214093	1.452829	0.0	retain_candidate	primary_contiguity_candidate	synteny_candidate	pending	pending	
CANON_01698	GCF_052075985.1	GCA_052075985.1	paired		GCF_052075985.1	current	GCF_052075985.1	REFSEQ	current	current_refseq_preferred	Bradyrhizobium sp. 590_E5_N4_2	3240369	590_E5_N4_2	Complete Genome	9135623	64	1	9135623	0.608577	0.6745	retain_candidate	primary_contiguity_candidate	synteny_candidate	pending	pending	
CANON_01699	GCF_052075995.1	GCA_052075995.1	paired		GCF_052075995.1	current	GCF_052075995.1	REFSEQ	current	current_refseq_preferred	Bradyrhizobium sp. 613_E4_N2_2	3240371	613_E4_N2_2	Complete Genome	8954086	64	1	8954086	0.466465	0.6745	retain_candidate	primary_contiguity_candidate	synteny_candidate	pending	pending	
CANON_01700	GCF_052076005.1	GCA_052076005.1	paired		GCF_052076005.1	current	GCF_052076005.1	REFSEQ	current	current_refseq_preferred	Bradyrhizobium sp. 63_E2_N1_3	3240373	63_E2_N1_3	Complete Genome	8918488	64	1	8918488	0.438598	0.6745	retain_candidate	primary_contiguity_candidate	synteny_candidate	pending	pending	
CANON_01701	GCF_052076015.1	GCA_052076015.1	paired		GCF_052076015.1	current	GCF_052076015.1	REFSEQ	current	current_refseq_preferred	Bradyrhizobium sp. 930_D9_N1_4	3240374	930_D9_N1_4	Complete Genome	7352897	64.5	1	7352897	-0.786984	1.349	retain_candidate	primary_contiguity_candidate	synteny_candidate	pending	pending	
CANON_01702	GCF_052076025.1	GCA_052076025.1	paired		GCF_052076025.1	current	GCF_052076025.1	REFSEQ	current	current_refseq_preferred	Bradyrhizobium sp. 956_D2_N1_4	3240375	956_D2_N1_4	Complete Genome	9236448	63.5	1	9236448	0.687505	0.0	retain_candidate	primary_contiguity_candidate	synteny_candidate	pending	pending	
CANON_01703	GCF_052114925.1	GCA_052114925.1	paired		GCF_052114925.1	current	GCF_052114925.1	REFSEQ	current	current_refseq_preferred	Bradyrhizobium sp. 2TAF36	3233016	2TAF36	Contig	9301284	63.5	269	86802	0.73826	0.0	retain_candidate	primary_contiguity_candidate	presence_absence_only	pending	pending	synteny_fragmented
CANON_01704	GCF_052115025.1	GCA_052115025.1	paired		GCF_052115025.1	current	GCF_052115025.1	REFSEQ	current	current_refseq_preferred	Bradyrhizobium sp. 2TAF24	3233011	2TAF24	Contig	7119163	66.5	84	283067	-0.969957	4.047	manual_review	primary_contiguity_candidate	synteny_candidate	pending	pending	gc_percent_outlier
CANON_01705		GCA_052143915.1	unpaired		GCA_052143915.1	current	GCA_052143915.1	GENBANK	current	current_genbank_singleton	Bradyrhizobium sp.	376		Contig	6786012	62	661	14086	-1.230755	-2.0235	retain_candidate	secondary_fragmented	presence_absence_only	pending	pending	pangenome_fragmented;synteny_fragmented
CANON_01706	GCF_052180175.1	GCA_052180175.1	paired		GCF_052180175.1	current	GCF_052180175.1	REFSEQ	current	current_refseq_preferred	Bradyrhizobium ottawaense	931866	RCAM 503	Complete Genome	8530908	63.5	1	8530908	0.135191	0.0	retain_candidate	primary_contiguity_candidate	synteny_candidate	pending	pending	
CANON_01707	GCF_052389815.1	GCA_052389815.1	paired		GCF_052389815.1	current	GCF_052389815.1	REFSEQ	current	current_refseq_preferred	Bradyrhizobium sp.	376		Contig	6559271	64	261	41807	-1.408254	0.6745	retain_candidate	primary_contiguity_candidate	presence_absence_only	pending	pending	synteny_fragmented
CANON_01708	GCF_052402455.1	GCA_052402455.1	paired		GCF_052402455.1	current	GCF_052402455.1	REFSEQ	current	current_refseq_preferred	Bradyrhizobium barranii	2992140	RCAM1614	Contig	9773268	63.5	5	9330649	1.107741	0.0	retain_candidate	primary_contiguity_candidate	synteny_candidate	pending	pending	
CANON_01709	GCF_052588265.1	GCA_052588265.1	paired		GCF_052588265.1	current	GCF_052588265.1	REFSEQ	current	current_refseq_preferred	Bradyrhizobium sp. Pa8	3386552	Pa8	Complete Genome	9916745	63.5	2	9542277	1.220058	0.0	retain_candidate	primary_contiguity_candidate	synteny_candidate	pending	pending	
CANON_01710		GCA_052849615.1	unpaired		GCA_052849615.1	current	GCA_052849615.1	GENBANK	current	current_genbank_singleton	Bradyrhizobium lupini	136996	BRB03	Contig	5414898	59.5	86	146584	-2.304096	-5.396	manual_review	primary_contiguity_candidate	synteny_candidate	pending	pending	gc_percent_outlier
CANON_01711	GCF_052871955.1	GCA_052871955.1	paired		GCF_052871955.1	current	GCF_052871955.1	REFSEQ	current	current_refseq_preferred	Bradyrhizobium sp. CAR08	3377024	CAR08	Scaffold	8275631	63	93	330752	-0.064646	-0.6745	retain_candidate	primary_contiguity_candidate	synteny_candidate	pending	pending	
CANON_01712		GCA_053181705.1	unpaired		GCA_053181705.1	current	GCA_053181705.1	GENBANK	current	current_genbank_singleton	Bradyrhizobium guangxiense	1325115	CCBAU 53363	Contig	7269987	65	3	7070372	-0.851888	2.0235	retain_candidate	primary_contiguity_candidate	synteny_candidate	pending	pending	
CANON_01713		GCA_053181885.1	unpaired		GCA_053181885.1	current	GCA_053181885.1	GENBANK	current	current_genbank_singleton	Bradyrhizobium betae	244734	39S1MB	Contig	8417902	64.5	59	568201	0.046728	1.349	retain_candidate	primary_contiguity_candidate	synteny_candidate	pending	pending	
CANON_01714	GCF_053474805.1	GCA_053474805.1	paired		GCF_053474805.1	current	GCF_053474805.1	REFSEQ	current	current_refseq_preferred	Bradyrhizobium sp. WCU1	3457316	WCU1	Complete Genome	7669867	64.5	2	7537275	-0.538852	1.349	retain_candidate	primary_contiguity_candidate	synteny_candidate	pending	pending	
CANON_01715	GCF_053572325.1	GCA_053572325.1	paired		GCF_053572325.1	current	GCF_053572325.1	REFSEQ	current	current_refseq_preferred	Bradyrhizobium sp. UFLA05-112	3101749	UFLA05-112	Scaffold	8968504	62.5	239	80908	0.477752	-1.349	retain_candidate	primary_contiguity_candidate	presence_absence_only	pending	pending	synteny_fragmented
CANON_01716	GCF_053592855.1	GCA_053592855.1	paired		GCF_053592855.1	current	GCF_053592855.1	REFSEQ	current	current_refseq_preferred	Bradyrhizobium sp. T-1	3680192	T-1	Complete Genome	9219452	63	2	8237534	0.6742	-0.6745	retain_candidate	primary_contiguity_candidate	synteny_candidate	pending	pending	
CANON_01717	GCF_053628615.1	GCA_053628615.1	paired		GCF_053628615.1	current	GCF_053628615.1	REFSEQ	current	current_refseq_preferred	Bradyrhizobium diazoefficiens	1355477	USDA 342	Contig	9109727	64	1	9109727	0.588305	0.6745	retain_candidate	primary_contiguity_candidate	synteny_candidate	pending	pending	
CANON_01718	GCF_053628635.1	GCA_053628635.1	paired		GCF_053628635.1	current	GCF_053628635.1	REFSEQ	current	current_refseq_preferred	Bradyrhizobium japonicum	375	USDA 348	Contig	9209515	63.5	1	9209515	0.666421	0.0	retain_candidate	primary_contiguity_candidate	synteny_candidate	pending	pending	
CANON_01719	GCF_053628715.1	GCA_053628715.1	paired		GCF_053628715.1	current	GCF_053628715.1	REFSEQ	current	current_refseq_preferred	Bradyrhizobium japonicum	375	USDA 349	Contig	11471604	63	6	10321825	2.437239	-0.6745	retain_candidate	primary_contiguity_candidate	synteny_candidate	pending	pending	
CANON_01720	GCF_053628735.1	GCA_053628735.1	paired		GCF_053628735.1	current	GCF_053628735.1	REFSEQ	current	current_refseq_preferred	Bradyrhizobium elkanii	29448	USDA 347	Contig	9724523	63.5	2	9430109	1.069582	0.0	retain_candidate	primary_contiguity_candidate	synteny_candidate	pending	pending	
CANON_01721	GCF_053628755.1	GCA_053628755.1	paired		GCF_053628755.1	current	GCF_053628755.1	REFSEQ	current	current_refseq_preferred	Bradyrhizobium japonicum	375	USDA 338	Contig	9442060	63.5	1	9442060	0.848463	0.0	retain_candidate	primary_contiguity_candidate	synteny_candidate	pending	pending	
CANON_01722	GCF_053628975.1	GCA_053628975.1	paired		GCF_053628975.1	current	GCF_053628975.1	REFSEQ	current	current_refseq_preferred	Bradyrhizobium ottawaense	931866	USDA 381	Contig	8621121	63.5	1	8621121	0.205812	0.0	retain_candidate	primary_contiguity_candidate	synteny_candidate	pending	pending	
CANON_01723	GCF_053629035.1	GCA_053629035.1	paired		GCF_053629035.1	current	GCF_053629035.1	REFSEQ	current	current_refseq_preferred	Bradyrhizobium diazoefficiens	1355477	USDA 350	Contig	9134364	64	1	9134364	0.607591	0.6745	retain_candidate	primary_contiguity_candidate	synteny_candidate	pending	pending	
CANON_01724	GCF_053629055.1	GCA_053629055.1	paired		GCF_053629055.1	current	GCF_053629055.1	REFSEQ	current	current_refseq_preferred	Bradyrhizobium elkanii	29448	USDA 352	Contig	9270875	64	1	9270875	0.714455	0.6745	retain_candidate	primary_contiguity_candidate	synteny_candidate	pending	pending	
CANON_01725	GCF_053629075.1	GCA_053629075.1	paired		GCF_053629075.1	current	GCF_053629075.1	REFSEQ	current	current_refseq_preferred	Bradyrhizobium diazoefficiens	1355477	USDA 356	Contig	9142569	64	1	9142569	0.614014	0.6745	retain_candidate	primary_contiguity_candidate	synteny_candidate	pending	pending	
CANON_01726	GCF_053629095.1	GCA_053629095.1	paired		GCF_053629095.1	current	GCF_053629095.1	REFSEQ	current	current_refseq_preferred	Bradyrhizobium sp. USDA 372	3240379	USDA 372	Contig	7975116	64	1	7975116	-0.299896	0.6745	retain_candidate	primary_contiguity_candidate	synteny_candidate	pending	pending	
CANON_01727	GCF_053629115.1	GCA_053629115.1	paired		GCF_053629115.1	current	GCF_053629115.1	REFSEQ	current	current_refseq_preferred	Bradyrhizobium diazoefficiens	1355477	USDA 366	Contig	9322049	64	1	9322049	0.754516	0.6745	retain_candidate	primary_contiguity_candidate	synteny_candidate	pending	pending	
CANON_01728	GCF_053629155.1	GCA_053629155.1	paired		GCF_053629155.1	current	GCF_053629155.1	REFSEQ	current	current_refseq_preferred	Bradyrhizobium japonicum	375	USDA 380	Contig	11366033	63	5	8137588	2.354595	-0.6745	retain_candidate	primary_contiguity_candidate	synteny_candidate	pending	pending	
CANON_01729	GCF_053629275.1	GCA_053629275.1	paired		GCF_053629275.1	current	GCF_053629275.1	REFSEQ	current	current_refseq_preferred	Bradyrhizobium ottawaense	931866	USDA 355	Contig	8832573	63.5	2	8421844	0.371342	0.0	retain_candidate	primary_contiguity_candidate	synteny_candidate	pending	pending	
CANON_01730	GCF_053629395.1	GCA_053629395.1	paired		GCF_053629395.1	current	GCF_053629395.1	REFSEQ	current	current_refseq_preferred	Bradyrhizobium ottawaense	931866	USDA 346	Contig	8830563	63.5	2	8419833	0.369769	0.0	retain_candidate	primary_contiguity_candidate	synteny_candidate	pending	pending	
CANON_01731	GCF_053629475.1	GCA_053629475.1	paired		GCF_053629475.1	current	GCF_053629475.1	REFSEQ	current	current_refseq_preferred	Bradyrhizobium elkanii	29448	USDA 373	Contig	9524553	63.5	2	9227396	0.913041	0.0	retain_candidate	primary_contiguity_candidate	synteny_candidate	pending	pending	
CANON_01732	GCF_053629495.1	GCA_053629495.1	paired		GCF_053629495.1	current	GCF_053629495.1	REFSEQ	current	current_refseq_preferred	Bradyrhizobium sp. USDA 377	3240380	USDA 377	Contig	9385034	64	2	9264219	0.803822	0.6745	retain_candidate	primary_contiguity_candidate	synteny_candidate	pending	pending	
CANON_01733	GCF_053629615.1	GCA_053629615.1	paired		GCF_053629615.1	current	GCF_053629615.1	REFSEQ	current	current_refseq_preferred	Bradyrhizobium elkanii	29448	USDA 340	Contig	9768367	63.5	2	9473738	1.103904	0.0	retain_candidate	primary_contiguity_candidate	synteny_candidate	pending	pending	
CANON_01734	GCF_053629655.1	GCA_053629655.1	paired		GCF_053629655.1	current	GCF_053629655.1	REFSEQ	current	current_refseq_preferred	Bradyrhizobium japonicum	375	USDA 345	Contig	11664475	63	4	10857019	2.588223	-0.6745	retain_candidate	primary_contiguity_candidate	synteny_candidate	pending	pending	
CANON_01735	GCF_053629695.1	GCA_053629695.1	paired		GCF_053629695.1	current	GCF_053629695.1	REFSEQ	current	current_refseq_preferred	Bradyrhizobium japonicum	375	USDA 361	Contig	11696917	63	5	8434296	2.613619	-0.6745	retain_candidate	primary_contiguity_candidate	synteny_candidate	pending	pending	
CANON_01736	GCF_053629715.1	GCA_053629715.1	paired		GCF_053629715.1	current	GCF_053629715.1	REFSEQ	current	current_refseq_preferred	Bradyrhizobium japonicum	375	USDA 362	Contig	11633602	63	4	10826117	2.564055	-0.6745	retain_candidate	primary_contiguity_candidate	synteny_candidate	pending	pending	
CANON_01737	GCF_053629735.1	GCA_053629735.1	paired		GCF_053629735.1	current	GCF_053629735.1	REFSEQ	current	current_refseq_preferred	Bradyrhizobium elkanii	29448	USDA 351	Contig	9784582	63.5	2	9482816	1.116598	0.0	retain_candidate	primary_contiguity_candidate	synteny_candidate	pending	pending	
CANON_01738	GCF_053629755.1	GCA_053629755.1	paired		GCF_053629755.1	current	GCF_053629755.1	REFSEQ	current	current_refseq_preferred	Bradyrhizobium japonicum	375	USDA 360	Contig	11712481	63	6	10857691	2.625803	-0.6745	retain_candidate	primary_contiguity_candidate	synteny_candidate	pending	pending	
CANON_01739	GCF_053629775.1	GCA_053629775.1	paired		GCF_053629775.1	current	GCF_053629775.1	REFSEQ	current	current_refseq_preferred	Bradyrhizobium elkanii	29448	USDA 364	Contig	8953033	64	4	5846023	0.465641	0.6745	retain_candidate	primary_contiguity_candidate	synteny_candidate	pending	pending	
CANON_01740	GCF_053629815.1	GCA_053629815.1	paired		GCF_053629815.1	current	GCF_053629815.1	REFSEQ	current	current_refseq_preferred	Bradyrhizobium elkanii	29448	USDA 410	Contig	9664988	64	2	9449891	1.022976	0.6745	retain_candidate	primary_contiguity_candidate	synteny_candidate	pending	pending	
CANON_01741	GCF_053629835.1	GCA_053629835.1	paired		GCF_053629835.1	current	GCF_053629835.1	REFSEQ	current	current_refseq_preferred	Bradyrhizobium elkanii	29448	USDA 387	Contig	9528534	63.5	2	9231477	0.916157	0.0	retain_candidate	primary_contiguity_candidate	synteny_candidate	pending	pending	
CANON_01742	GCF_053669695.1	GCA_053669695.1	paired		GCF_053669695.1	current	GCF_053669695.1	REFSEQ	current	current_refseq_preferred	Bradyrhizobium guangdongense	1325090	T-2	Complete Genome	8152665	63	2	7173377	-0.160906	-0.6745	retain_candidate	primary_contiguity_candidate	synteny_candidate	pending	pending	
CANON_01743	GCF_053669755.1	GCA_053669755.1	paired		GCF_053669755.1	current	GCF_053669755.1	REFSEQ	current	current_refseq_preferred	Bradyrhizobium guangdongense	1325090	T-6	Complete Genome	7951875	63.5	2	6972587	-0.31809	0.0	retain_candidate	primary_contiguity_candidate	synteny_candidate	pending	pending	
CANON_01744	GCF_053850915.1	GCA_053850915.1	paired		GCF_053850915.1	current	GCF_053850915.1	REFSEQ	current	current_refseq_preferred	Bradyrhizobium sp. LeoA1S1	3470959	LeoA1S1	Contig	9744267	62.5	419	94567	1.085038	-1.349	retain_candidate	primary_contiguity_candidate	presence_absence_only	pending	pending	synteny_fragmented
CANON_01745	GCF_053891355.1	GCA_053891355.1	paired		GCF_053891355.1	current	GCF_053891355.1	REFSEQ	current	current_refseq_preferred	Bradyrhizobium denitrificans	2734912	SoilA	Complete Genome	8629737	64.5	2	8399321	0.212557	1.349	retain_candidate	primary_contiguity_candidate	synteny_candidate	pending	pending	
CANON_01746	GCF_054049735.1	GCA_054049735.1	paired		GCF_054049735.1	current	GCF_054049735.1	REFSEQ	current	current_refseq_preferred	Bradyrhizobium sp. P5_C12	3232649	P5_C12	Contig	8045492	64.5	151	134990	-0.244804	1.349	retain_candidate	primary_contiguity_candidate	synteny_candidate	pending	pending	
CANON_01747	GCF_054049755.1	GCA_054049755.1	paired		GCF_054049755.1	current	GCF_054049755.1	REFSEQ	current	current_refseq_preferred	Bradyrhizobium sp. P5_C11_2	3232648	P5_C11_2	Scaffold	8274162	64.5	1101	12067	-0.065796	1.349	retain_candidate	secondary_fragmented	presence_absence_only	pending	pending	pangenome_fragmented;synteny_fragmented
CANON_01748	GCF_054052185.1	GCA_054052185.1	paired		GCF_054052185.1	current	GCF_054052185.1	REFSEQ	current	current_refseq_preferred	Bradyrhizobium ottawaense	931866	RCAM0104	Contig	8553327	63.5	4	8530920	0.152741	0.0	retain_candidate	primary_contiguity_candidate	synteny_candidate	pending	pending	
CANON_01749	GCF_054053325.1	GCA_054053325.1	paired		GCF_054053325.1	current	GCF_054053325.1	REFSEQ	current	current_refseq_preferred	Bradyrhizobium sp. Lot11	3470962	Lot11	Contig	10021126	62.5	705	148374	1.30177	-1.349	retain_candidate	secondary_fragmented	presence_absence_only	pending	pending	pangenome_fragmented;synteny_fragmented
CANON_01750	GCF_054053345.1	GCA_054053345.1	paired		GCF_054053345.1	current	GCF_054053345.1	REFSEQ	current	current_refseq_preferred	Bradyrhizobium sp. Lot33	3470961	Lot33	Contig	9851919	62.5	323	151398	1.169311	-1.349	retain_candidate	primary_contiguity_candidate	presence_absence_only	pending	pending	synteny_fragmented
CANON_01751	GCF_054055655.1	GCA_054055655.1	paired		GCF_054055655.1	current	GCF_054055655.1	REFSEQ	current	current_refseq_preferred	Bradyrhizobium sp. USDA 4461	3469680	USDA 4461	Contig	8398325	64	1	8398325	0.031402	0.6745	retain_candidate	primary_contiguity_candidate	synteny_candidate	pending	pending	
CANON_01752	GCF_054055815.1	GCA_054055815.1	paired		GCF_054055815.1	current	GCF_054055815.1	REFSEQ	current	current_refseq_preferred	Bradyrhizobium sp. USDA 4503	3469644	USDA 4503	Contig	8868619	64	1	8868619	0.39956	0.6745	retain_candidate	primary_contiguity_candidate	synteny_candidate	pending	pending	
CANON_01753	GCF_054055825.1	GCA_054055825.1	paired		GCF_054055825.1	current	GCF_054055825.1	REFSEQ	current	current_refseq_preferred	Bradyrhizobium sp. USDA 4459	3469685	USDA 4459	Contig	7707705	63	2	7483088	-0.509232	-0.6745	retain_candidate	primary_contiguity_candidate	synteny_candidate	pending	pending	
CANON_01754	GCF_054055915.1	GCA_054055915.1	paired		GCF_054055915.1	current	GCF_054055915.1	REFSEQ	current	current_refseq_preferred	Bradyrhizobium sp. USDA 4516	3469687	USDA 4516	Contig	9004519	64	1	9004519	0.505945	0.6745	retain_candidate	primary_contiguity_candidate	synteny_candidate	pending	pending	
CANON_01755	GCF_054056095.1	GCA_054056095.1	paired		GCF_054056095.1	current	GCF_054056095.1	REFSEQ	current	current_refseq_preferred	Bradyrhizobium sp. USDA 4518	3469666	USDA 4518	Contig	8921775	64	1	8921775	0.441171	0.6745	retain_candidate	primary_contiguity_candidate	synteny_candidate	pending	pending	
CANON_01756	GCF_054056175.1	GCA_054056175.1	paired		GCF_054056175.1	current	GCF_054056175.1	REFSEQ	current	current_refseq_preferred	Bradyrhizobium sp. USDA 4519	3469688	USDA 4519	Contig	9150349	63.5	1	9150349	0.620105	0.0	retain_candidate	primary_contiguity_candidate	synteny_candidate	pending	pending	
CANON_01757	GCF_054056195.1	GCA_054056195.1	paired		GCF_054056195.1	current	GCF_054056195.1	REFSEQ	current	current_refseq_preferred	Bradyrhizobium sp. USDA 4523	3469670	USDA 4523	Contig	9679421	63.5	2	8939317	1.034275	0.0	retain_candidate	primary_contiguity_candidate	synteny_candidate	pending	pending	
CANON_01758	GCF_054056205.1	GCA_054056205.1	paired		GCF_054056205.1	current	GCF_054056205.1	REFSEQ	current	current_refseq_preferred	Bradyrhizobium sp. USDA 4520	3469679	USDA 4520	Contig	9051676	63.5	1	9051676	0.542861	0.0	retain_candidate	primary_contiguity_candidate	synteny_candidate	pending	pending	
CANON_01759	GCF_054056275.1	GCA_054056275.1	paired		GCF_054056275.1	current	GCF_054056275.1	REFSEQ	current	current_refseq_preferred	Bradyrhizobium sp. USDA 4449	3469668	USDA 4449	Contig	7851836	63	2	7627241	-0.396403	-0.6745	retain_candidate	primary_contiguity_candidate	synteny_candidate	pending	pending	
CANON_01760	GCF_054056315.1	GCA_054056315.1	paired		GCF_054056315.1	current	GCF_054056315.1	REFSEQ	current	current_refseq_preferred	Bradyrhizobium sp. USDA 4529	3469678	USDA 4529	Contig	9178887	63.5	1	9178887	0.642445	0.0	retain_candidate	primary_contiguity_candidate	synteny_candidate	pending	pending	
CANON_01761	GCF_054056355.1	GCA_054056355.1	paired		GCF_054056355.1	current	GCF_054056355.1	REFSEQ	current	current_refseq_preferred	Bradyrhizobium sp. USDA 3364	1115893	USDA 3364	Contig	8589311	64	2	8552614	0.180911	0.6745	retain_candidate	primary_contiguity_candidate	synteny_candidate	pending	pending	
CANON_01762	GCF_054056375.1	GCA_054056375.1	paired		GCF_054056375.1	current	GCF_054056375.1	REFSEQ	current	current_refseq_preferred	Bradyrhizobium sp. USDA 4522	3469643	USDA 4522	Contig	9679170	63.5	2	8939056	1.034078	0.0	retain_candidate	primary_contiguity_candidate	synteny_candidate	pending	pending	
CANON_01763	GCF_054056435.1	GCA_054056435.1	paired		GCF_054056435.1	current	GCF_054056435.1	REFSEQ	current	current_refseq_preferred	Bradyrhizobium sp. USDA 4369	3469672	USDA 4369	Contig	8645122	64.5	2	8390212	0.224601	1.349	retain_candidate	primary_contiguity_candidate	synteny_candidate	pending	pending	
CANON_01764		GCA_054056535.1	unpaired		GCA_054056535.1	current	GCA_054056535.1	GENBANK	current	current_genbank_singleton	Bradyrhizobium sp. LM3.2	3470465	LM3.2	Contig	8158151	63	2	7826540	-0.156612	-0.6745	retain_candidate	primary_contiguity_candidate	synteny_candidate	pending	pending	
CANON_01765	GCF_054056555.1	GCA_054056555.1	paired		GCF_054056555.1	current	GCF_054056555.1	REFSEQ	current	current_refseq_preferred	Bradyrhizobium sp. LM2.9	3470472	LM2.9	Contig	8154085	63	2	7822519	-0.159795	-0.6745	retain_candidate	primary_contiguity_candidate	synteny_candidate	pending	pending	
CANON_01766		GCA_054056575.1	unpaired		GCA_054056575.1	current	GCA_054056575.1	GENBANK	current	current_genbank_singleton	Bradyrhizobium sp. LM2.7	3470484	LM2.7	Contig	10421953	62.5	2	7804567	1.615547	-1.349	retain_candidate	primary_contiguity_candidate	synteny_candidate	pending	pending	
CANON_01767	GCF_054056595.1	GCA_054056595.1	paired		GCF_054056595.1	current	GCF_054056595.1	REFSEQ	current	current_refseq_preferred	Bradyrhizobium sp. LM2.3	3470532	LM2.3	Contig	8149947	63	3	3839896	-0.163034	-0.6745	retain_candidate	primary_contiguity_candidate	synteny_candidate	pending	pending	
CANON_01768		GCA_054056675.1	unpaired		GCA_054056675.1	current	GCA_054056675.1	GENBANK	current	current_genbank_singleton	Bradyrhizobium sp. LB7.2	3470457	LB7.2	Contig	8731218	63	4	7398893	0.291999	-0.6745	retain_candidate	primary_contiguity_candidate	synteny_candidate	pending	pending	
CANON_01769		GCA_054056695.1	unpaired		GCA_054056695.1	current	GCA_054056695.1	GENBANK	current	current_genbank_singleton	Bradyrhizobium sp. LB7.1	3470473	LB7.1	Contig	8794220	63	3	8054807	0.341318	-0.6745	retain_candidate	primary_contiguity_candidate	synteny_candidate	pending	pending	
CANON_01770	GCF_054056795.1	GCA_054056795.1	paired		GCF_054056795.1	current	GCF_054056795.1	REFSEQ	current	current_refseq_preferred	Bradyrhizobium sp. USDA 3315	3469684	USDA 3315	Contig	9630305	63.5	1	9630305	0.995826	0.0	retain_candidate	primary_contiguity_candidate	synteny_candidate	pending	pending	
CANON_01771	GCF_054056815.1	GCA_054056815.1	paired		GCF_054056815.1	current	GCF_054056815.1	REFSEQ	current	current_refseq_preferred	Bradyrhizobium sp. LB13.1	3470491	LB13.1	Contig	7999408	63	2	7679950	-0.28088	-0.6745	retain_candidate	primary_contiguity_candidate	synteny_candidate	pending	pending	
CANON_01772		GCA_054056835.1	unpaired		GCA_054056835.1	current	GCA_054056835.1	GENBANK	current	current_genbank_singleton	Bradyrhizobium sp. F1.13.1	3470463	F1.13.1	Contig	9217207	63	2	8794330	0.672443	-0.6745	retain_candidate	primary_contiguity_candidate	synteny_candidate	pending	pending	
CANON_01773		GCA_054056895.1	unpaired		GCA_054056895.1	current	GCA_054056895.1	GENBANK	current	current_genbank_singleton	Bradyrhizobium sp. LB9.1b	3470461	LB9.1b	Contig	7872763	63	3	4657912	-0.38002	-0.6745	retain_candidate	primary_contiguity_candidate	synteny_candidate	pending	pending	
CANON_01774		GCA_054056935.1	unpaired		GCA_054056935.1	current	GCA_054056935.1	GENBANK	current	current_genbank_singleton	Bradyrhizobium sp. LB1.3	3470533	LB1.3	Contig	7996444	63	2	7681366	-0.2832	-0.6745	retain_candidate	primary_contiguity_candidate	synteny_candidate	pending	pending	
CANON_01775		GCA_054056955.1	unpaired		GCA_054056955.1	current	GCA_054056955.1	GENBANK	current	current_genbank_singleton	Bradyrhizobium sp. JR6.1	3470501	JR6.1	Contig	9642137	63.5	2	6907504	1.005088	0.0	retain_candidate	primary_contiguity_candidate	synteny_candidate	pending	pending	
CANON_01776	GCF_054057015.1	GCA_054057015.1	paired		GCF_054057015.1	current	GCF_054057015.1	REFSEQ	current	current_refseq_preferred	Bradyrhizobium sp. JR3.5	3470470	JR3.5	Contig	9639779	63.5	2	6355317	1.003242	0.0	retain_candidate	primary_contiguity_candidate	synteny_candidate	pending	pending	
CANON_01777		GCA_054057055.1	unpaired		GCA_054057055.1	current	GCA_054057055.1	GENBANK	current	current_genbank_singleton	Bradyrhizobium sp. i1.4.4	3470483	i1.4.4	Contig	10212056	63.5	3	9721967	1.451234	0.0	retain_candidate	primary_contiguity_candidate	synteny_candidate	pending	pending	
CANON_01778		GCA_054057075.1	unpaired		GCA_054057075.1	current	GCA_054057075.1	GENBANK	current	current_genbank_singleton	Bradyrhizobium sp. i1.7.7	3470527	i1.7.7	Contig	10049540	63.5	3	9563284	1.324013	0.0	retain_candidate	primary_contiguity_candidate	synteny_candidate	pending	pending	
CANON_01779		GCA_054057095.1	unpaired		GCA_054057095.1	current	GCA_054057095.1	GENBANK	current	current_genbank_singleton	Bradyrhizobium sp. i1.3.6	3470519	i1.3.6	Contig	10041141	63.5	3	9554876	1.317438	0.0	retain_candidate	primary_contiguity_candidate	synteny_candidate	pending	pending	
CANON_01780		GCA_054057175.1	unpaired		GCA_054057175.1	current	GCA_054057175.1	GENBANK	current	current_genbank_singleton	Bradyrhizobium sp. i1.3.1	3470513	i1.3.1	Contig	10042931	63.5	3	9556637	1.318839	0.0	retain_candidate	primary_contiguity_candidate	synteny_candidate	pending	pending	
CANON_01781		GCA_054057195.1	unpaired		GCA_054057195.1	current	GCA_054057195.1	GENBANK	current	current_genbank_singleton	Bradyrhizobium sp. GM7.3	3470482	GM7.3	Contig	9218857	63	6	2928471	0.673734	-0.6745	retain_candidate	primary_contiguity_candidate	synteny_candidate	pending	pending	
CANON_01782	GCF_054057395.1	GCA_054057395.1	paired		GCF_054057395.1	current	GCF_054057395.1	REFSEQ	current	current_refseq_preferred	Bradyrhizobium sp. USDA 3650	1115904	USDA 3650	Contig	8155958	63.5	1	8155958	-0.158329	0.0	retain_candidate	primary_contiguity_candidate	synteny_candidate	pending	pending	
CANON_01783	GCF_054057515.1	GCA_054057515.1	paired		GCF_054057515.1	current	GCF_054057515.1	REFSEQ	current	current_refseq_preferred	Bradyrhizobium sp. USDA 4474	3470536	USDA 4474	Contig	7758683	63	2	7416869	-0.469325	-0.6745	retain_candidate	primary_contiguity_candidate	synteny_candidate	pending	pending	
CANON_01784		GCA_054057695.1	unpaired		GCA_054057695.1	current	GCA_054057695.1	GENBANK	current	current_genbank_singleton	Bradyrhizobium sp. GM22.5	3470481	GM22.5	Contig	8577854	63	2	8157959	0.171942	-0.6745	retain_candidate	primary_contiguity_candidate	synteny_candidate	pending	pending	
CANON_01785	GCF_054057875.1	GCA_054057875.1	paired		GCF_054057875.1	current	GCF_054057875.1	REFSEQ	current	current_refseq_preferred	Bradyrhizobium sp. USDA 4513	3469642	USDA 4513	Contig	9674973	63.5	3	8934856	1.030793	0.0	retain_candidate	primary_contiguity_candidate	synteny_candidate	pending	pending	
CANON_01786	GCF_054057995.1	GCA_054057995.1	paired		GCF_054057995.1	current	GCF_054057995.1	REFSEQ	current	current_refseq_preferred	Bradyrhizobium sp. USDA 4486	3470502	USDA 4486	Contig	8315141	63.5	1	8315141	-0.033716	0.0	retain_candidate	primary_contiguity_candidate	synteny_candidate	pending	pending	
CANON_01787		GCA_054058135.1	unpaired		GCA_054058135.1	current	GCA_054058135.1	GENBANK	current	current_genbank_singleton	Bradyrhizobium sp. GM24.11	3470490	GM24.11	Contig	10014479	63	5	3666573	1.296566	-0.6745	retain_candidate	primary_contiguity_candidate	synteny_candidate	pending	pending	
CANON_01788	GCF_054058275.1	GCA_054058275.1	paired		GCF_054058275.1	current	GCF_054058275.1	REFSEQ	current	current_refseq_preferred	Bradyrhizobium sp. USDA 3256	3470503	USDA 3256	Contig	9047388	64	2	8739829	0.539504	0.6745	retain_candidate	primary_contiguity_candidate	synteny_candidate	pending	pending	
CANON_01789	GCF_054058595.1	GCA_054058595.1	paired		GCF_054058595.1	current	GCF_054058595.1	REFSEQ	current	current_refseq_preferred	Bradyrhizobium sp. USDA 4472	3470520	USDA 4472	Contig	7754772	63	2	7516936	-0.472387	-0.6745	retain_candidate	primary_contiguity_candidate	synteny_candidate	pending	pending	
CANON_01790	GCF_054058795.1	GCA_054058795.1	paired		GCF_054058795.1	current	GCF_054058795.1	REFSEQ	current	current_refseq_preferred	Bradyrhizobium sp. USDA 4506	3469665	USDA 4506	Contig	9402626	63.5	2	8829559	0.817593	0.0	retain_candidate	primary_contiguity_candidate	synteny_candidate	pending	pending	
CANON_01791	GCF_054059095.1	GCA_054059095.1	paired		GCF_054059095.1	current	GCF_054059095.1	REFSEQ	current	current_refseq_preferred	Bradyrhizobium sp. USDA 4510	3469641	USDA 4510	Contig	9319514	63.5	1	9319514	0.752531	0.0	retain_candidate	primary_contiguity_candidate	synteny_candidate	pending	pending	
CANON_01792		GCA_054059355.1	unpaired		GCA_054059355.1	current	GCA_054059355.1	GENBANK	current	current_genbank_singleton	Bradyrhizobium sp. GM6.1	3470522	GM6.1	Contig	8687553	63	2	8268904	0.257817	-0.6745	retain_candidate	primary_contiguity_candidate	synteny_candidate	pending	pending	
CANON_01793	GCF_054059395.1	GCA_054059395.1	paired		GCF_054059395.1	current	GCF_054059395.1	REFSEQ	current	current_refseq_preferred	Bradyrhizobium sp. USDA 4524	3469667	USDA 4524	Contig	9676802	63.5	2	8936691	1.032225	0.0	retain_candidate	primary_contiguity_candidate	synteny_candidate	pending	pending	
CANON_01794	GCF_054059515.1	GCA_054059515.1	paired		GCF_054059515.1	current	GCF_054059515.1	REFSEQ	current	current_refseq_preferred	Bradyrhizobium sp. URHC0002	1703002	URHC0002	Contig	8911129	62	1	8911129	0.432838	-2.0235	retain_candidate	primary_contiguity_candidate	synteny_candidate	pending	pending	
CANON_01795	GCF_054060035.1	GCA_054060035.1	paired		GCF_054060035.1	current	GCF_054060035.1	REFSEQ	current	current_refseq_preferred	Bradyrhizobium sp. USDA 3262	3470494	USDA 3262	Contig	9045992	64	1	9045992	0.538412	0.6745	retain_candidate	primary_contiguity_candidate	synteny_candidate	pending	pending	
CANON_01796	GCF_054060175.1	GCA_054060175.1	paired		GCF_054060175.1	current	GCF_054060175.1	REFSEQ	current	current_refseq_preferred	Bradyrhizobium sp. USDA 4508	3469686	USDA 4508	Contig	8915745	64	1	8915745	0.436451	0.6745	retain_candidate	primary_contiguity_candidate	synteny_candidate	pending	pending	
CANON_01797	GCF_054060295.1	GCA_054060295.1	paired		GCF_054060295.1	current	GCF_054060295.1	REFSEQ	current	current_refseq_preferred	Bradyrhizobium sp. USDA 4509	3469683	USDA 4509	Contig	9320641	63.5	1	9320641	0.753413	0.0	retain_candidate	primary_contiguity_candidate	synteny_candidate	pending	pending	
CANON_01798	GCF_054060315.1	GCA_054060315.1	paired		GCF_054060315.1	current	GCF_054060315.1	REFSEQ	current	current_refseq_preferred	Bradyrhizobium sp. USDA 4354	1115907	USDA 4354	Contig	8010184	63.5	1	8010184	-0.272444	0.0	retain_candidate	primary_contiguity_candidate	synteny_candidate	pending	pending	
CANON_01799		GCA_054060835.1	unpaired		GCA_054060835.1	current	GCA_054060835.1	GENBANK	current	current_genbank_singleton	Bradyrhizobium sp. LM6.10	3470517	LM6.10	Contig	8155419	63	3	3842186	-0.15875	-0.6745	retain_candidate	primary_contiguity_candidate	synteny_candidate	pending	pending	
CANON_01800		GCA_054060935.1	unpaired		GCA_054060935.1	current	GCA_054060935.1	GENBANK	current	current_genbank_singleton	Bradyrhizobium sp. LM3.6	3470464	LM3.6	Contig	8155074	63	2	7823482	-0.159021	-0.6745	retain_candidate	primary_contiguity_candidate	synteny_candidate	pending	pending	
CANON_01801	GCF_054060965.1	GCA_054060965.1	paired		GCF_054060965.1	current	GCF_054060965.1	REFSEQ	current	current_refseq_preferred	Bradyrhizobium sp. USDA 3397	3470495	USDA 3397	Contig	8337756	63.5	1	8337756	-0.016013	0.0	retain_candidate	primary_contiguity_candidate	synteny_candidate	pending	pending	
CANON_01802	GCF_054061055.1	GCA_054061055.1	paired		GCF_054061055.1	current	GCF_054061055.1	REFSEQ	current	current_refseq_preferred	Bradyrhizobium sp. S3.14.4	3470486	S3.14.4	Contig	9921665	63.5	4	8748674	1.223909	0.0	retain_candidate	primary_contiguity_candidate	synteny_candidate	pending	pending	
CANON_01803	GCF_054061075.1	GCA_054061075.1	paired		GCF_054061075.1	current	GCF_054061075.1	REFSEQ	current	current_refseq_preferred	Bradyrhizobium sp. LM6.9	3470476	LM6.9	Contig	8156687	63	2	7825111	-0.157758	-0.6745	retain_candidate	primary_contiguity_candidate	synteny_candidate	pending	pending	
CANON_01804	GCF_054061715.1	GCA_054061715.1	paired		GCF_054061715.1	current	GCF_054061715.1	REFSEQ	current	current_refseq_preferred	Bradyrhizobium sp. USDA 4448	3469639	USDA 4448	Contig	7785577	63	2	7569571	-0.448272	-0.6745	retain_candidate	primary_contiguity_candidate	synteny_candidate	pending	pending	
CANON_01805	GCF_054061855.1	GCA_054061855.1	paired		GCF_054061855.1	current	GCF_054061855.1	REFSEQ	current	current_refseq_preferred	Bradyrhizobium sp. USDA 4512	3469677	USDA 4512	Contig	9674031	63.5	2	8933874	1.030056	0.0	retain_candidate	primary_contiguity_candidate	synteny_candidate	pending	pending	
CANON_01806	GCF_054061875.1	GCA_054061875.1	paired		GCF_054061875.1	current	GCF_054061875.1	REFSEQ	current	current_refseq_preferred	Bradyrhizobium sp. S3.7.6	3469703	S3.7.6	Contig	10023680	63.5	4	8851046	1.303769	0.0	retain_candidate	primary_contiguity_candidate	synteny_candidate	pending	pending	
CANON_01807	GCF_054061995.1	GCA_054061995.1	paired		GCF_054061995.1	current	GCF_054061995.1	REFSEQ	current	current_refseq_preferred	Bradyrhizobium elkanii	29448	USDA 4464	Contig	10070137	63.5	2	9775365	1.340137	0.0	retain_candidate	primary_contiguity_candidate	synteny_candidate	pending	pending	
CANON_01808	GCF_054062115.1	GCA_054062115.1	paired		GCF_054062115.1	current	GCF_054062115.1	REFSEQ	current	current_refseq_preferred	Bradyrhizobium sp. USDA 4501	3470510	USDA 4501	Contig	9505164	63.5	1	9505164	0.897862	0.0	retain_candidate	primary_contiguity_candidate	synteny_candidate	pending	pending	
CANON_01809	GCF_054062495.1	GCA_054062495.1	paired		GCF_054062495.1	current	GCF_054062495.1	REFSEQ	current	current_refseq_preferred	Bradyrhizobium sp. USDA 3311	3470475	USDA 3311	Contig	9499763	64	1	9499763	0.893634	0.6745	retain_candidate	primary_contiguity_candidate	synteny_candidate	pending	pending	
CANON_01810	GCF_054062515.1	GCA_054062515.1	paired		GCF_054062515.1	current	GCF_054062515.1	REFSEQ	current	current_refseq_preferred	Bradyrhizobium sp. USDA 4470	3470493	USDA 4470	Contig	7708525	63	2	7483463	-0.50859	-0.6745	retain_candidate	primary_contiguity_candidate	synteny_candidate	pending	pending	
CANON_01811		GCA_054062635.1	unpaired		GCA_054062635.1	current	GCA_054062635.1	GENBANK	current	current_genbank_singleton	Bradyrhizobium sp. F1.13.4	3470516	F1.13.4	Contig	8712826	63	2	5297522	0.277601	-0.6745	retain_candidate	primary_contiguity_candidate	synteny_candidate	pending	pending	
CANON_01812		GCA_054062675.1	unpaired		GCA_054062675.1	current	GCA_054062675.1	GENBANK	current	current_genbank_singleton	Bradyrhizobium sp. GM5.1	3470515	GM5.1	Contig	9062356	63	4	8128433	0.551222	-0.6745	retain_candidate	primary_contiguity_candidate	synteny_candidate	pending	pending	
CANON_01813		GCA_054062735.1	unpaired		GCA_054062735.1	current	GCA_054062735.1	GENBANK	current	current_genbank_singleton	Bradyrhizobium sp. GM2.4	3470509	GM2.4	Contig	8791617	63	2	8358809	0.339281	-0.6745	retain_candidate	primary_contiguity_candidate	synteny_candidate	pending	pending	
CANON_01814		GCA_054062855.1	unpaired		GCA_054062855.1	current	GCA_054062855.1	GENBANK	current	current_genbank_singleton	Bradyrhizobium sp. GM0.4	3470508	GM0.4	Contig	8863603	63	2	8443119	0.395633	-0.6745	retain_candidate	primary_contiguity_candidate	synteny_candidate	pending	pending	
CANON_01815	GCF_054063055.1	GCA_054063055.1	paired		GCF_054063055.1	current	GCF_054063055.1	REFSEQ	current	current_refseq_preferred	Bradyrhizobium sp. USDA 3686	3470459	USDA 3686	Contig	7797170	63.5	1	7797170	-0.439196	0.0	retain_candidate	primary_contiguity_candidate	synteny_candidate	pending	pending	
CANON_01816	GCF_054063135.1	GCA_054063135.1	paired		GCF_054063135.1	current	GCF_054063135.1	REFSEQ	current	current_refseq_preferred	Bradyrhizobium sp. USDA 3696	3470462	USDA 3696	Contig	7984253	63	2	7777115	-0.292743	-0.6745	retain_candidate	primary_contiguity_candidate	synteny_candidate	pending	pending	
CANON_01817	GCF_054063195.1	GCA_054063195.1	paired		GCF_054063195.1	current	GCF_054063195.1	REFSEQ	current	current_refseq_preferred	Bradyrhizobium sp. USDA 4463	3470485	USDA 4463	Contig	7869104	63	2	7501483	-0.382885	-0.6745	retain_candidate	primary_contiguity_candidate	synteny_candidate	pending	pending	
CANON_01818	GCF_054063215.1	GCA_054063215.1	paired		GCF_054063215.1	current	GCF_054063215.1	REFSEQ	current	current_refseq_preferred	Bradyrhizobium sp. USDA 4353	3469675	USDA 4353	Contig	7584742	65.5	1	7584742	-0.60549	2.698	retain_candidate	primary_contiguity_candidate	synteny_candidate	pending	pending	
CANON_01819	GCF_054063295.1	GCA_054063295.1	paired		GCF_054063295.1	current	GCF_054063295.1	REFSEQ	current	current_refseq_preferred	Bradyrhizobium sp. USDA 3240	3469663	USDA 3240	Contig	9330560	64	4	8931233	0.761178	0.6745	retain_candidate	primary_contiguity_candidate	synteny_candidate	pending	pending	
CANON_01820	GCF_054063335.1	GCA_054063335.1	paired		GCF_054063335.1	current	GCF_054063335.1	REFSEQ	current	current_refseq_preferred	Bradyrhizobium sp. USDA 4473	3470537	USDA 4473	Contig	8098454	64.5	1	8098454	-0.203344	1.349	retain_candidate	primary_contiguity_candidate	synteny_candidate	pending	pending	
CANON_01821	GCF_054063355.1	GCA_054063355.1	paired		GCF_054063355.1	current	GCF_054063355.1	REFSEQ	current	current_refseq_preferred	Bradyrhizobium sp. USDA 4502	3470534	USDA 4502	Contig	9310975	63.5	1	9310975	0.745847	0.0	retain_candidate	primary_contiguity_candidate	synteny_candidate	pending	pending	
CANON_01822	GCF_054063415.1	GCA_054063415.1	paired		GCF_054063415.1	current	GCF_054063415.1	REFSEQ	current	current_refseq_preferred	Bradyrhizobium sp. USDA 4011	3470535	USDA 4011	Contig	8742481	63.5	2	8489449	0.300816	0.0	retain_candidate	primary_contiguity_candidate	synteny_candidate	pending	pending	
CANON_01823		GCA_054063455.1	unpaired		GCA_054063455.1	current	GCA_054063455.1	GENBANK	current	current_genbank_singleton	Bradyrhizobium sp. LM4.3	3470471	LM4.3	Contig	8155624	63	2	7824008	-0.15859	-0.6745	retain_candidate	primary_contiguity_candidate	synteny_candidate	pending	pending	
CANON_01824	GCF_054063515.1	GCA_054063515.1	paired		GCF_054063515.1	current	GCF_054063515.1	REFSEQ	current	current_refseq_preferred	Bradyrhizobium sp. USDA 4469	3470529	USDA 4469	Contig	7860802	63	2	7623412	-0.389384	-0.6745	retain_candidate	primary_contiguity_candidate	synteny_candidate	pending	pending	
CANON_01825	GCF_054063575.1	GCA_054063575.1	paired		GCF_054063575.1	current	GCF_054063575.1	REFSEQ	current	current_refseq_preferred	Bradyrhizobium sp. USDA 4452	3469682	USDA 4452	Contig	8765150	64	2	8643228	0.318562	0.6745	retain_candidate	primary_contiguity_candidate	synteny_candidate	pending	pending	
CANON_01826	GCF_054063595.1	GCA_054063595.1	paired		GCF_054063595.1	current	GCF_054063595.1	REFSEQ	current	current_refseq_preferred	Bradyrhizobium sp. USDA 4471	3470492	USDA 4471	Contig	7944447	63	2	7565535	-0.323904	-0.6745	retain_candidate	primary_contiguity_candidate	synteny_candidate	pending	pending	
CANON_01827	GCF_054063605.1	GCA_054063605.1	paired		GCF_054063605.1	current	GCF_054063605.1	REFSEQ	current	current_refseq_preferred	Bradyrhizobium sp. USDA 4350	3469662	USDA 4350	Contig	11084878	63	2	9937706	2.134501	-0.6745	retain_candidate	primary_contiguity_candidate	synteny_candidate	pending	pending	
CANON_01828	GCF_054063675.1	GCA_054063675.1	paired		GCF_054063675.1	current	GCF_054063675.1	REFSEQ	current	current_refseq_preferred	Bradyrhizobium sp. USDA 376	3469702	USDA 376	Contig	9385274	64	2	9264687	0.80401	0.6745	retain_candidate	primary_contiguity_candidate	synteny_candidate	pending	pending	
CANON_01829	GCF_054063735.1	GCA_054063735.1	paired		GCF_054063735.1	current	GCF_054063735.1	REFSEQ	current	current_refseq_preferred	Bradyrhizobium sp. USDA 10063	3469689	USDA 10063	Contig	9732519	62.5	2	9304020	1.075841	-1.349	retain_candidate	primary_contiguity_candidate	synteny_candidate	pending	pending	
CANON_01830	GCF_054063755.1	GCA_054063755.1	paired		GCF_054063755.1	current	GCF_054063755.1	REFSEQ	current	current_refseq_preferred	Bradyrhizobium sp. USDA 4341	3469664	USDA 4341	Contig	10986194	63	2	9839018	2.057248	-0.6745	retain_candidate	primary_contiguity_candidate	synteny_candidate	pending	pending	
CANON_01831	GCF_054063775.1	GCA_054063775.1	paired		GCF_054063775.1	current	GCF_054063775.1	REFSEQ	current	current_refseq_preferred	Bradyrhizobium lupini	136996	USDA 3051	Contig	7868964	63.5	1	7868964	-0.382994	0.0	retain_candidate	primary_contiguity_candidate	synteny_candidate	pending	pending	
CANON_01832		GCA_054063875.1	unpaired		GCA_054063875.1	current	GCA_054063875.1	GENBANK	current	current_genbank_singleton	Bradyrhizobium sp. LM3.4	3470474	LM3.4	Contig	8154380	63	2	7822818	-0.159564	-0.6745	retain_candidate	primary_contiguity_candidate	synteny_candidate	pending	pending	
CANON_01833	GCF_054063895.1	GCA_054063895.1	paired		GCF_054063895.1	current	GCF_054063895.1	REFSEQ	current	current_refseq_preferred	Bradyrhizobium sp. USDA 4515	3469669	USDA 4515	Contig	8908452	64	1	8908452	0.430742	0.6745	retain_candidate	primary_contiguity_candidate	synteny_candidate	pending	pending	
CANON_01834		GCA_054063955.1	unpaired		GCA_054063955.1	current	GCA_054063955.1	GENBANK	current	current_genbank_singleton	Bradyrhizobium sp. LM6.11	3470526	LM6.11	Contig	8155261	63	2	7823628	-0.158874	-0.6745	retain_candidate	primary_contiguity_candidate	synteny_candidate	pending	pending	
CANON_01835	GCF_054063995.1	GCA_054063995.1	paired		GCF_054063995.1	current	GCF_054063995.1	REFSEQ	current	current_refseq_preferred	Bradyrhizobium sp. USDA 4504	3469640	USDA 4504	Contig	8972543	64	1	8972543	0.480914	0.6745	retain_candidate	primary_contiguity_candidate	synteny_candidate	pending	pending	
CANON_01836	GCF_054185165.1	GCA_054185165.1	paired		GCF_054185165.1	current	GCF_054185165.1	REFSEQ	current	current_refseq_preferred	Bradyrhizobium sp. UFLA05-109	3062273	UFLA05-109	Scaffold	9535848	62.5	185	106796	0.921883	-1.349	retain_candidate	primary_contiguity_candidate	synteny_candidate	pending	pending	
CANON_01837	GCF_054185185.1	GCA_054185185.1	paired		GCF_054185185.1	current	GCF_054185185.1	REFSEQ	current	current_refseq_preferred	Bradyrhizobium sp. UFLA05-153	3062179	UFLA05-153	Scaffold	10717437	62.5	375	65959	1.846859	-1.349	retain_candidate	primary_contiguity_candidate	presence_absence_only	pending	pending	synteny_fragmented
CANON_01838	GCF_054185205.1	GCA_054185205.1	paired		GCF_054185205.1	current	GCF_054185205.1	REFSEQ	current	current_refseq_preferred	Bradyrhizobium sp. 14AA	3068197	14AA	Contig	9289648	63.5	225	256023	0.729151	0.0	retain_candidate	primary_contiguity_candidate	presence_absence_only	pending	pending	synteny_fragmented
CANON_01839	GCF_054185225.1	GCA_054185225.1	paired		GCF_054185225.1	current	GCF_054185225.1	REFSEQ	current	current_refseq_preferred	Bradyrhizobium sp. 18BD	3068196	18BD	Contig	8502144	64	298	271902	0.112674	0.6745	retain_candidate	primary_contiguity_candidate	presence_absence_only	pending	pending	synteny_fragmented
CANON_01840		GCA_054319335.1	unpaired		GCA_054319335.1	current	GCA_054319335.1	GENBANK	current	current_genbank_singleton	Bradyrhizobium sp.	376		Contig	7280497	61	422	20000	-0.84366	-3.3725	retain_candidate	primary_contiguity_candidate	presence_absence_only	pending	pending	synteny_fragmented
CANON_01841	GCF_054491425.1	GCA_054491425.1	paired		GCF_054491425.1	current	GCF_054491425.1	REFSEQ	current	current_refseq_preferred	Bradyrhizobium japonicum	375	RCAM24111	Complete Genome	9226252	63.5	1	9226252	0.679523	0.0	retain_candidate	primary_contiguity_candidate	synteny_candidate	pending	pending	
CANON_01842	GCF_054491445.1	GCA_054491445.1	paired		GCF_054491445.1	current	GCF_054491445.1	REFSEQ	current	current_refseq_preferred	Bradyrhizobium japonicum	375	RCAM00397	Complete Genome	9209578	63.5	1	9209578	0.666471	0.0	retain_candidate	primary_contiguity_candidate	synteny_candidate	pending	pending	
CANON_01843	GCF_054588535.1	GCA_054588535.1	paired		GCF_054588535.1	current	GCF_054588535.1	REFSEQ	current	current_refseq_preferred	Bradyrhizobium diazoefficiens	1355477	ZK25	Contig	9204889	64	205	362485	0.6628	0.6745	retain_candidate	primary_contiguity_candidate	presence_absence_only	pending	pending	synteny_fragmented
CANON_01844	GCF_054588555.1	GCA_054588555.1	paired		GCF_054588555.1	current	GCF_054588555.1	REFSEQ	current	current_refseq_preferred	Bradyrhizobium diazoefficiens	1355477	ZK23	Contig	9036322	64	211	255395	0.530842	0.6745	retain_candidate	primary_contiguity_candidate	presence_absence_only	pending	pending	synteny_fragmented
CANON_01845	GCF_054588635.1	GCA_054588635.1	paired		GCF_054588635.1	current	GCF_054588635.1	REFSEQ	current	current_refseq_preferred	Bradyrhizobium diazoefficiens	1355477	ZK19	Contig	9092443	64	236	255060	0.574774	0.6745	retain_candidate	primary_contiguity_candidate	presence_absence_only	pending	pending	synteny_fragmented
CANON_01846	GCF_054588655.1	GCA_054588655.1	paired		GCF_054588655.1	current	GCF_054588655.1	REFSEQ	current	current_refseq_preferred	Bradyrhizobium diazoefficiens	1355477	ZK18	Contig	9165843	64	228	227685	0.632234	0.6745	retain_candidate	primary_contiguity_candidate	presence_absence_only	pending	pending	synteny_fragmented
CANON_01847	GCF_054588695.1	GCA_054588695.1	paired		GCF_054588695.1	current	GCF_054588695.1	REFSEQ	current	current_refseq_preferred	Bradyrhizobium diazoefficiens	1355477	ZK17	Contig	9211655	64	214	400018	0.668096	0.6745	retain_candidate	primary_contiguity_candidate	presence_absence_only	pending	pending	synteny_fragmented
CANON_01848	GCF_054588755.1	GCA_054588755.1	paired		GCF_054588755.1	current	GCF_054588755.1	REFSEQ	current	current_refseq_preferred	Bradyrhizobium diazoefficiens	1355477	ZK14	Contig	9015346	64	217	337939	0.514421	0.6745	retain_candidate	primary_contiguity_candidate	presence_absence_only	pending	pending	synteny_fragmented
CANON_01849	GCF_054588775.1	GCA_054588775.1	paired		GCF_054588775.1	current	GCF_054588775.1	REFSEQ	current	current_refseq_preferred	Bradyrhizobium diazoefficiens	1355477	ZK12	Contig	9096438	64	216	413537	0.577902	0.6745	retain_candidate	primary_contiguity_candidate	presence_absence_only	pending	pending	synteny_fragmented
CANON_01850	GCF_054588795.1	GCA_054588795.1	paired		GCF_054588795.1	current	GCF_054588795.1	REFSEQ	current	current_refseq_preferred	Bradyrhizobium diazoefficiens	1355477	ZK7	Contig	9103323	64	218	362471	0.583292	0.6745	retain_candidate	primary_contiguity_candidate	presence_absence_only	pending	pending	synteny_fragmented
CANON_01851	GCF_054588835.1	GCA_054588835.1	paired		GCF_054588835.1	current	GCF_054588835.1	REFSEQ	current	current_refseq_preferred	Bradyrhizobium diazoefficiens	1355477	ZK4	Contig	9177580	64	227	548902	0.641422	0.6745	retain_candidate	primary_contiguity_candidate	presence_absence_only	pending	pending	synteny_fragmented
CANON_01852	GCF_054588895.1	GCA_054588895.1	paired		GCF_054588895.1	current	GCF_054588895.1	REFSEQ	current	current_refseq_preferred	Bradyrhizobium diazoefficiens	1355477	ZK1	Contig	9243945	64	248	400890	0.693374	0.6745	retain_candidate	primary_contiguity_candidate	presence_absence_only	pending	pending	synteny_fragmented
CANON_01853	GCF_054602195.1	GCA_054602195.1	paired		GCF_054602195.1	current	GCF_054602195.1	REFSEQ	current	current_refseq_preferred	Bradyrhizobium cedriense	3470879	1.27L	Contig	7878339	64	26	1147892	-0.375655	0.6745	retain_candidate	primary_contiguity_candidate	synteny_candidate	pending	pending	
CANON_01854	GCF_054602205.1	GCA_054602205.1	paired		GCF_054602205.1	current	GCF_054602205.1	REFSEQ	current	current_refseq_preferred	Bradyrhizobium cedriense	3470879	5.13L	Contig	7796223	64	36	669946	-0.439938	0.6745	retain_candidate	primary_contiguity_candidate	synteny_candidate	pending	pending	
CANON_01855	GCF_054602315.1	GCA_054602315.1	paired		GCF_054602315.1	current	GCF_054602315.1	REFSEQ	current	current_refseq_preferred	Bradyrhizobium cedriense	3470879	1.29L	Contig	7878361	64	27	977975	-0.375638	0.6745	retain_candidate	primary_contiguity_candidate	synteny_candidate	pending	pending	
CANON_01856	GCF_054636775.1	GCA_054636775.1	paired		GCF_054636775.1	current	GCF_054636775.1	REFSEQ	current	current_refseq_preferred	Bradyrhizobium sp.	376		Scaffold	6622396	62	223	48969	-1.358838	-2.0235	retain_candidate	primary_contiguity_candidate	presence_absence_only	pending	pending	synteny_fragmented
CANON_01857	GCF_054653515.1	GCA_054653515.1	paired		GCF_054653515.1	current	GCF_054653515.1	REFSEQ	current	current_refseq_preferred	Bradyrhizobium sp. 17-4	1215384	17-4	Contig	7763201	64.5	3	7567638	-0.465788	1.349	retain_candidate	primary_contiguity_candidate	synteny_candidate	pending	pending	
CANON_01858	GCF_054768255.1	GCA_054768255.1	paired		GCF_054768255.1	current	GCF_054768255.1	REFSEQ	current	current_refseq_preferred	Bradyrhizobium ottawaense	931866	F1-1	Contig	8649985	64	2	8488342	0.228408	0.6745	retain_candidate	primary_contiguity_candidate	synteny_candidate	pending	pending	
CANON_01859	GCF_054768275.1	GCA_054768275.1	paired		GCF_054768275.1	current	GCF_054768275.1	REFSEQ	current	current_refseq_preferred	Bradyrhizobium diazoefficiens	1355477	A2C-5	Scaffold	9086612	64	276	191067	0.57021	0.6745	retain_candidate	primary_contiguity_candidate	presence_absence_only	pending	pending	synteny_fragmented
CANON_01860	GCF_054768295.1	GCA_054768295.1	paired		GCF_054768295.1	current	GCF_054768295.1	REFSEQ	current	current_refseq_preferred	Bradyrhizobium diazoefficiens	1355477	A2C-2	Contig	9198704	64	2	9103434	0.657958	0.6745	retain_candidate	primary_contiguity_candidate	synteny_candidate	pending	pending	
CANON_01861		GCA_054768315.1	unpaired		GCA_054768315.1	current	GCA_054768315.1	GENBANK	current	current_genbank_singleton	Bradyrhizobium diazoefficiens	1355477	A2C-1	Contig	8574458	64	38	360569	0.169283	0.6745	retain_candidate	primary_contiguity_candidate	synteny_candidate	pending	pending	
CANON_01862	GCF_054820065.1	GCA_054820065.1	paired		GCF_054820065.1	current	GCF_054820065.1	REFSEQ	current	current_refseq_preferred	Bradyrhizobium sp. UFLA06-06	1493466	UFLA06-06	Scaffold	9010728	64	185	118737	0.510806	0.6745	retain_candidate	primary_contiguity_candidate	synteny_candidate	pending	pending	
CANON_01863	GCF_054822005.1	GCA_054822005.1	paired		GCF_054822005.1	current	GCF_054822005.1	REFSEQ	current	current_refseq_preferred	Bradyrhizobium ottawaense	931866	USDA 408	Contig	8880517	63.5	2	8469790	0.408874	0.0	retain_candidate	primary_contiguity_candidate	synteny_candidate	pending	pending	
CANON_01864	GCF_054822025.1	GCA_054822025.1	paired		GCF_054822025.1	current	GCF_054822025.1	REFSEQ	current	current_refseq_preferred	Bradyrhizobium diazoefficiens	1355477	USDA 460	Contig	9338906	64	1	9338906	0.767712	0.6745	retain_candidate	primary_contiguity_candidate	synteny_candidate	pending	pending	
CANON_01865	GCF_054822065.1	GCA_054822065.1	paired		GCF_054822065.1	current	GCF_054822065.1	REFSEQ	current	current_refseq_preferred	Bradyrhizobium diazoefficiens	1355477	USDA 461	Contig	9339018	64	1	9339018	0.767799	0.6745	retain_candidate	primary_contiguity_candidate	synteny_candidate	pending	pending	
CANON_01866	GCF_054822145.1	GCA_054822145.1	paired		GCF_054822145.1	current	GCF_054822145.1	REFSEQ	current	current_refseq_preferred	Bradyrhizobium diazoefficiens	1355477	USDA 467	Contig	8904674	64	1	8904674	0.427784	0.6745	retain_candidate	primary_contiguity_candidate	synteny_candidate	pending	pending	
CANON_01867	GCF_054822205.1	GCA_054822205.1	paired		GCF_054822205.1	current	GCF_054822205.1	REFSEQ	current	current_refseq_preferred	Bradyrhizobium embrapense	630921	USDA 4453	Contig	8280367	64	1	8280367	-0.060938	0.6745	retain_candidate	primary_contiguity_candidate	synteny_candidate	pending	pending	
CANON_01868	GCF_054822225.1	GCA_054822225.1	paired		GCF_054822225.1	current	GCF_054822225.1	REFSEQ	current	current_refseq_preferred	Bradyrhizobium diazoefficiens	1355477	USDA 499	Contig	9276098	64	1	9276098	0.718544	0.6745	retain_candidate	primary_contiguity_candidate	synteny_candidate	pending	pending	
CANON_01869	GCF_054822245.1	GCA_054822245.1	paired		GCF_054822245.1	current	GCF_054822245.1	REFSEQ	current	current_refseq_preferred	Bradyrhizobium diazoefficiens	1355477	USDA 468	Contig	9106422	64	2	8904742	0.585718	0.6745	retain_candidate	primary_contiguity_candidate	synteny_candidate	pending	pending	
CANON_01870	GCF_054822285.1	GCA_054822285.1	paired		GCF_054822285.1	current	GCF_054822285.1	REFSEQ	current	current_refseq_preferred	Bradyrhizobium diazoefficiens	1355477	USDA 513	Contig	9139116	64	1	9139116	0.611311	0.6745	retain_candidate	primary_contiguity_candidate	synteny_candidate	pending	pending	
CANON_01871	GCF_054822325.1	GCA_054822325.1	paired		GCF_054822325.1	current	GCF_054822325.1	REFSEQ	current	current_refseq_preferred	Bradyrhizobium diazoefficiens	1355477	USDA 469	Contig	9339514	64	1	9339514	0.768188	0.6745	retain_candidate	primary_contiguity_candidate	synteny_candidate	pending	pending	
CANON_01872	GCF_054822345.1	GCA_054822345.1	paired		GCF_054822345.1	current	GCF_054822345.1	REFSEQ	current	current_refseq_preferred	Bradyrhizobium elkanii	29448	USDA 471	Contig	9633786	63.5	2	9336339	0.998551	0.0	retain_candidate	primary_contiguity_candidate	synteny_candidate	pending	pending	
CANON_01873	GCF_054822365.1	GCA_054822365.1	paired		GCF_054822365.1	current	GCF_054822365.1	REFSEQ	current	current_refseq_preferred	Bradyrhizobium barranii subsp. barranii	2823807	USDA 428	Contig	11543667	63	4	10746730	2.493652	-0.6745	retain_candidate	primary_contiguity_candidate	synteny_candidate	pending	pending	
CANON_01874	GCF_054822385.1	GCA_054822385.1	paired		GCF_054822385.1	current	GCF_054822385.1	REFSEQ	current	current_refseq_preferred	Bradyrhizobium elkanii	29448	USDA 475	Contig	9840206	63.5	3	9525384	1.160141	0.0	retain_candidate	primary_contiguity_candidate	synteny_candidate	pending	pending	
CANON_01875		GCA_054822405.1	unpaired		GCA_054822405.1	current	GCA_054822405.1	GENBANK	current	current_genbank_singleton	Bradyrhizobium diazoefficiens	1355477	USDA 441	Contig	10621098	63.5	6	5499711	1.771442	0.0	retain_candidate	primary_contiguity_candidate	synteny_candidate	pending	pending	
CANON_01876	GCF_054822425.1	GCA_054822425.1	paired		GCF_054822425.1	current	GCF_054822425.1	REFSEQ	current	current_refseq_preferred	Bradyrhizobium barranii subsp. barranii	2823807	USDA 432	Contig	11549447	63	5	10900461	2.498176	-0.6745	retain_candidate	primary_contiguity_candidate	synteny_candidate	pending	pending	
CANON_01877	GCF_054822465.1	GCA_054822465.1	paired		GCF_054822465.1	current	GCF_054822465.1	REFSEQ	current	current_refseq_preferred	Bradyrhizobium diazoefficiens	1355477	USDA 497	Contig	9019389	64	1	9019389	0.517586	0.6745	retain_candidate	primary_contiguity_candidate	synteny_candidate	pending	pending	
CANON_01878	GCF_054822475.1	GCA_054822475.1	paired		GCF_054822475.1	current	GCF_054822475.1	REFSEQ	current	current_refseq_preferred	Bradyrhizobium elkanii	29448	USDA 4446	Contig	10068207	63.5	2	9773432	1.338626	0.0	retain_candidate	primary_contiguity_candidate	synteny_candidate	pending	pending	
CANON_01879	GCF_054822505.1	GCA_054822505.1	paired		GCF_054822505.1	current	GCF_054822505.1	REFSEQ	current	current_refseq_preferred	Bradyrhizobium diazoefficiens	1355477	USDA 498	Contig	9215343	64	1	9215343	0.670984	0.6745	retain_candidate	primary_contiguity_candidate	synteny_candidate	pending	pending	
CANON_01880	GCF_054822545.1	GCA_054822545.1	paired		GCF_054822545.1	current	GCF_054822545.1	REFSEQ	current	current_refseq_preferred	Bradyrhizobium elkanii	29448	USDA 495	Contig	9584355	63.5	2	9318169	0.959855	0.0	retain_candidate	primary_contiguity_candidate	synteny_candidate	pending	pending	
CANON_01881	GCF_054822565.1	GCA_054822565.1	paired		GCF_054822565.1	current	GCF_054822565.1	REFSEQ	current	current_refseq_preferred	Bradyrhizobium diazoefficiens	1355477	USDA 502	Contig	9191116	64	1	9191116	0.652018	0.6745	retain_candidate	primary_contiguity_candidate	synteny_candidate	pending	pending	
CANON_01882	GCF_054822585.1	GCA_054822585.1	paired		GCF_054822585.1	current	GCF_054822585.1	REFSEQ	current	current_refseq_preferred	Bradyrhizobium sp. USDA 4451	3475257	USDA 4451	Contig	8206511	64	1	8206511	-0.118754	0.6745	retain_candidate	primary_contiguity_candidate	synteny_candidate	pending	pending	
CANON_01883	GCF_054822625.1	GCA_054822625.1	paired		GCF_054822625.1	current	GCF_054822625.1	REFSEQ	current	current_refseq_preferred	Bradyrhizobium embrapense	630921	USDA 4460	Contig	8372567	64	1	8372567	0.011238	0.6745	retain_candidate	primary_contiguity_candidate	synteny_candidate	pending	pending	
CANON_01884		GCA_054822685.1	unpaired		GCA_054822685.1	current	GCA_054822685.1	GENBANK	current	current_genbank_singleton	Bradyrhizobium diazoefficiens	1355477	USDA 422	Contig	10203354	63.5	7	7971608	1.444422	0.0	retain_candidate	primary_contiguity_candidate	synteny_candidate	pending	pending	
CANON_01885	GCF_054822705.1	GCA_054822705.1	paired		GCF_054822705.1	current	GCF_054822705.1	REFSEQ	current	current_refseq_preferred	Bradyrhizobium sp. USDA 4454	3475258	USDA4454	Contig	8568854	64	1	8568854	0.164896	0.6745	retain_candidate	primary_contiguity_candidate	synteny_candidate	pending	pending	
CANON_01886	GCF_054822725.1	GCA_054822725.1	paired		GCF_054822725.1	current	GCF_054822725.1	REFSEQ	current	current_refseq_preferred	Bradyrhizobium elkanii	29448	USDA 4514	Contig	9520245	63.5	2	9223690	0.909668	0.0	retain_candidate	primary_contiguity_candidate	synteny_candidate	pending	pending	
CANON_01887	GCF_054822805.1	GCA_054822805.1	paired		GCF_054822805.1	current	GCF_054822805.1	REFSEQ	current	current_refseq_preferred	Bradyrhizobium barranii subsp. barranii	2823807	USDA 425	Contig	11464353	63	5	10491397	2.431563	-0.6745	retain_candidate	primary_contiguity_candidate	synteny_candidate	pending	pending	
CANON_01888	GCF_054822815.1	GCA_054822815.1	paired		GCF_054822815.1	current	GCF_054822815.1	REFSEQ	current	current_refseq_preferred	Bradyrhizobium elkanii	29448	USDA 319	Contig	9325085	63.5	141	187922	0.756892	0.0	retain_candidate	primary_contiguity_candidate	synteny_candidate	pending	pending	
CANON_01889	GCF_054822875.1	GCA_054822875.1	paired		GCF_054822875.1	current	GCF_054822875.1	REFSEQ	current	current_refseq_preferred	Bradyrhizobium elkanii	29448	USDA 491	Contig	9584429	63.5	2	9318268	0.959913	0.0	retain_candidate	primary_contiguity_candidate	synteny_candidate	pending	pending	
CANON_01890	GCF_054822905.1	GCA_054822905.1	paired		GCF_054822905.1	current	GCF_054822905.1	REFSEQ	current	current_refseq_preferred	Bradyrhizobium barranii subsp. barranii	2823807	USDA 465	Contig	11637886	63	5	7700054	2.567409	-0.6745	retain_candidate	primary_contiguity_candidate	synteny_candidate	pending	pending	
CANON_01891	GCF_054822925.1	GCA_054822925.1	paired		GCF_054822925.1	current	GCF_054822925.1	REFSEQ	current	current_refseq_preferred	Bradyrhizobium liaoningense	43992	USDA 479	Contig	9965851	63.5	8	6391061	1.258499	0.0	retain_candidate	primary_contiguity_candidate	synteny_candidate	pending	pending	
CANON_01892	GCF_054822935.1	GCA_054822935.1	paired		GCF_054822935.1	current	GCF_054822935.1	REFSEQ	current	current_refseq_preferred	Bradyrhizobium liaoningense	43992	USDA 482	Contig	9355863	63.5	10	2559235	0.780986	0.0	retain_candidate	primary_contiguity_candidate	synteny_candidate	pending	pending	
CANON_01893		GCA_054822985.1	unpaired		GCA_054822985.1	current	GCA_054822985.1	GENBANK	current	current_genbank_singleton	Bradyrhizobium diazoefficiens	1355477	USDA 427	Contig	10260251	63.5	6	9517383	1.488963	0.0	retain_candidate	primary_contiguity_candidate	synteny_candidate	pending	pending	
CANON_01894	GCF_054823005.1	GCA_054823005.1	paired		GCF_054823005.1	current	GCF_054823005.1	REFSEQ	current	current_refseq_preferred	Bradyrhizobium barranii subsp. barranii	2823807	USDA 438	Contig	11441394	63	4	10916075	2.41359	-0.6745	retain_candidate	primary_contiguity_candidate	synteny_candidate	pending	pending	
CANON_01895	GCF_054823025.1	GCA_054823025.1	paired		GCF_054823025.1	current	GCF_054823025.1	REFSEQ	current	current_refseq_preferred	Bradyrhizobium liaoningense	43992	USDA 477	Contig	9973309	63.5	7	4241526	1.264338	0.0	retain_candidate	primary_contiguity_candidate	synteny_candidate	pending	pending	
CANON_01896	GCF_054823035.1	GCA_054823035.1	paired		GCF_054823035.1	current	GCF_054823035.1	REFSEQ	current	current_refseq_preferred	Bradyrhizobium elkanii	29448	USDA 365	Contig	9495295	64	125	202448	0.890137	0.6745	retain_candidate	primary_contiguity_candidate	synteny_candidate	pending	pending	
CANON_01897	GCF_054823065.1	GCA_054823065.1	paired		GCF_054823065.1	current	GCF_054823065.1	REFSEQ	current	current_refseq_preferred	Bradyrhizobium huanghuaihaiense	990078	USDA 456	Contig	9696532	64	4	9185240	1.04767	0.6745	retain_candidate	primary_contiguity_candidate	synteny_candidate	pending	pending	
CANON_01898	GCF_054823085.1	GCA_054823085.1	paired		GCF_054823085.1	current	GCF_054823085.1	REFSEQ	current	current_refseq_preferred	Bradyrhizobium diazoefficiens	1355477	USDA 443	Contig	9352329	64	1	9352329	0.778219	0.6745	retain_candidate	primary_contiguity_candidate	synteny_candidate	pending	pending	
CANON_01899		GCA_054823105.1	unpaired		GCA_054823105.1	current	GCA_054823105.1	GENBANK	current	current_genbank_singleton	Bradyrhizobium diazoefficiens	1355477	USDA 434	Contig	10300205	63.5	6	9623709	1.52024	0.0	retain_candidate	primary_contiguity_candidate	synteny_candidate	pending	pending	
CANON_01900	GCF_054823145.1	GCA_054823145.1	paired		GCF_054823145.1	current	GCF_054823145.1	REFSEQ	current	current_refseq_preferred	Bradyrhizobium diazoefficiens	1355477	USDA 444	Contig	10487868	63.5	7	9390230	1.667147	0.0	retain_candidate	primary_contiguity_candidate	synteny_candidate	pending	pending	
CANON_01901	GCF_054823185.1	GCA_054823185.1	paired		GCF_054823185.1	current	GCF_054823185.1	REFSEQ	current	current_refseq_preferred	Bradyrhizobium ottawaense	931866	USDA 473	Contig	8832297	63.5	2	8421570	0.371126	0.0	retain_candidate	primary_contiguity_candidate	synteny_candidate	pending	pending	
CANON_01902	GCF_054823205.1	GCA_054823205.1	paired		GCF_054823205.1	current	GCF_054823205.1	REFSEQ	current	current_refseq_preferred	Bradyrhizobium liaoningense	43992	USDA 480	Contig	9989100	63.5	8	7763665	1.276699	0.0	retain_candidate	primary_contiguity_candidate	synteny_candidate	pending	pending	
CANON_01903	GCF_054823215.1	GCA_054823215.1	paired		GCF_054823215.1	current	GCF_054823215.1	REFSEQ	current	current_refseq_preferred	Bradyrhizobium liaoningense	43992	USDA 485	Contig	9558412	63.5	9	5842759	0.939546	0.0	retain_candidate	primary_contiguity_candidate	synteny_candidate	pending	pending	
CANON_01904	GCF_054823245.1	GCA_054823245.1	paired		GCF_054823245.1	current	GCF_054823245.1	REFSEQ	current	current_refseq_preferred	Bradyrhizobium liaoningense	43992	USDA 490	Contig	9455379	63.5	10	2757286	0.85889	0.0	retain_candidate	primary_contiguity_candidate	synteny_candidate	pending	pending	
CANON_01905		GCA_054823265.1	unpaired		GCA_054823265.1	current	GCA_054823265.1	GENBANK	current	current_genbank_singleton	Bradyrhizobium diazoefficiens	1355477	USDA 429	Contig	10270440	63.5	6	9527353	1.496939	0.0	retain_candidate	primary_contiguity_candidate	synteny_candidate	pending	pending	
CANON_01906	GCF_054823275.1	GCA_054823275.1	paired		GCF_054823275.1	current	GCF_054823275.1	REFSEQ	current	current_refseq_preferred	Bradyrhizobium liaoningense	43992	USDA 3622	Contig	9567796	63.5	7	8636201	0.946892	0.0	retain_candidate	primary_contiguity_candidate	synteny_candidate	pending	pending	
CANON_01907	GCF_054823305.1	GCA_054823305.1	paired		GCF_054823305.1	current	GCF_054823305.1	REFSEQ	current	current_refseq_preferred	Bradyrhizobium liaoningense	43992	USDA 488	Contig	10002115	63.5	20	798067	1.286888	0.0	retain_candidate	primary_contiguity_candidate	synteny_candidate	pending	pending	
CANON_01908	GCF_054823325.1	GCA_054823325.1	paired		GCF_054823325.1	current	GCF_054823325.1	REFSEQ	current	current_refseq_preferred	Bradyrhizobium diazoefficiens	1355477	USDA 447	Contig	9338481	64	1	9338481	0.767379	0.6745	retain_candidate	primary_contiguity_candidate	synteny_candidate	pending	pending	
CANON_01909	GCF_054823345.1	GCA_054823345.1	paired		GCF_054823345.1	current	GCF_054823345.1	REFSEQ	current	current_refseq_preferred	Bradyrhizobium diazoefficiens	1355477	USDA 449	Contig	10370210	63.5	6	9486821	1.575041	0.0	retain_candidate	primary_contiguity_candidate	synteny_candidate	pending	pending	
CANON_01910	GCF_054823365.1	GCA_054823365.1	paired		GCF_054823365.1	current	GCF_054823365.1	REFSEQ	current	current_refseq_preferred	Bradyrhizobium diazoefficiens	1355477	USDA 451	Contig	8996742	64	1	8996742	0.499857	0.6745	retain_candidate	primary_contiguity_candidate	synteny_candidate	pending	pending	
CANON_01911	GCF_054823385.1	GCA_054823385.1	paired		GCF_054823385.1	current	GCF_054823385.1	REFSEQ	current	current_refseq_preferred	Bradyrhizobium diazoefficiens	1355477	USDA 453	Contig	9339634	64	1	9339634	0.768282	0.6745	retain_candidate	primary_contiguity_candidate	synteny_candidate	pending	pending	
CANON_01912	GCF_054823505.1	GCA_054823505.1	paired		GCF_054823505.1	current	GCF_054823505.1	REFSEQ	current	current_refseq_preferred	Bradyrhizobium liaoningense	43992	USDA 476	Contig	9958581	63.5	11	2623591	1.252808	0.0	retain_candidate	primary_contiguity_candidate	synteny_candidate	pending	pending	
CANON_01913	GCF_054823515.1	GCA_054823515.1	paired		GCF_054823515.1	current	GCF_054823515.1	REFSEQ	current	current_refseq_preferred	Bradyrhizobium liaoningense	43992	USDA 481	Contig	9179654	64	8	8521120	0.643045	0.6745	retain_candidate	primary_contiguity_candidate	synteny_candidate	pending	pending	
CANON_01914	GCF_054823545.1	GCA_054823545.1	paired		GCF_054823545.1	current	GCF_054823545.1	REFSEQ	current	current_refseq_preferred	Bradyrhizobium liaoningense	43992	USDA 486	Contig	9930060	63.5	11	1646270	1.230481	0.0	retain_candidate	primary_contiguity_candidate	synteny_candidate	pending	pending	
CANON_01915	GCF_054823565.1	GCA_054823565.1	paired		GCF_054823565.1	current	GCF_054823565.1	REFSEQ	current	current_refseq_preferred	Bradyrhizobium liaoningense	43992	USDA 3619	Contig	9488976	63.5	9	6186895	0.88519	0.0	retain_candidate	primary_contiguity_candidate	synteny_candidate	pending	pending	
CANON_01916	GCF_054823575.1	GCA_054823575.1	paired		GCF_054823575.1	current	GCF_054823575.1	REFSEQ	current	current_refseq_preferred	Bradyrhizobium diazoefficiens	1355477	USDA 446	Contig	8995849	64	1	8995849	0.499158	0.6745	retain_candidate	primary_contiguity_candidate	synteny_candidate	pending	pending	
CANON_01917	GCF_054823605.1	GCA_054823605.1	paired		GCF_054823605.1	current	GCF_054823605.1	REFSEQ	current	current_refseq_preferred	Bradyrhizobium huanghuaihaiense	990078	USDA 452	Contig	9859004	64	4	9347731	1.174857	0.6745	retain_candidate	primary_contiguity_candidate	synteny_candidate	pending	pending	
CANON_01918	GCF_054823685.1	GCA_054823685.1	paired		GCF_054823685.1	current	GCF_054823685.1	REFSEQ	current	current_refseq_preferred	Bradyrhizobium barranii subsp. barranii	2823807	USDA 424	Contig	11092994	63	4	10568661	2.140854	-0.6745	retain_candidate	primary_contiguity_candidate	synteny_candidate	pending	pending	
CANON_01919	GCF_054823705.1	GCA_054823705.1	paired		GCF_054823705.1	current	GCF_054823705.1	REFSEQ	current	current_refseq_preferred	Bradyrhizobium diazoefficiens	1355477	USDA 448	Contig	9353824	64	1	9353824	0.77939	0.6745	retain_candidate	primary_contiguity_candidate	synteny_candidate	pending	pending	
CANON_01920	GCF_054823805.1	GCA_054823805.1	paired		GCF_054823805.1	current	GCF_054823805.1	REFSEQ	current	current_refseq_preferred	Bradyrhizobium diazoefficiens	1355477	USDA 450	Contig	9396698	64	2	9352795	0.812953	0.6745	retain_candidate	primary_contiguity_candidate	synteny_candidate	pending	pending	
CANON_01921	GCF_054823865.1	GCA_054823865.1	paired		GCF_054823865.1	current	GCF_054823865.1	REFSEQ	current	current_refseq_preferred	Bradyrhizobium diazoefficiens	1355477	USDA 455	Contig	9370886	64	1	9370886	0.792746	0.6745	retain_candidate	primary_contiguity_candidate	synteny_candidate	pending	pending	
CANON_01922	GCF_054823885.1	GCA_054823885.1	paired		GCF_054823885.1	current	GCF_054823885.1	REFSEQ	current	current_refseq_preferred	Bradyrhizobium barranii subsp. barranii	2823807	USDA 437	Contig	11456116	63	5	8272436	2.425115	-0.6745	retain_candidate	primary_contiguity_candidate	synteny_candidate	pending	pending	
CANON_01923	GCF_054863005.1	GCA_054863005.1	paired		GCF_054863005.1	current	GCF_054863005.1	REFSEQ	current	current_refseq_preferred	Bradyrhizobium sp. 25ACV	3068199	25ACV	Scaffold	8193732	64	230	380207	-0.128758	0.6745	retain_candidate	primary_contiguity_candidate	presence_absence_only	pending	pending	synteny_fragmented
CANON_01924	GCF_054863025.1	GCA_054863025.1	paired		GCF_054863025.1	current	GCF_054863025.1	REFSEQ	current	current_refseq_preferred	Bradyrhizobium sp. 23AC	3068198	23AC	Scaffold	8858091	63.5	351	367422	0.391318	0.0	retain_candidate	primary_contiguity_candidate	presence_absence_only	pending	pending	synteny_fragmented
CANON_01925	GCF_054889385.1	GCA_054889385.1	paired		GCF_054889385.1	current	GCF_054889385.1	REFSEQ	current	current_refseq_preferred	Bradyrhizobium elkanii	29448	5026	Scaffold	9061377	64	226	111851	0.550455	0.6745	retain_candidate	primary_contiguity_candidate	presence_absence_only	pending	pending	synteny_fragmented
CANON_01926		GCA_054927135.1	unpaired		GCA_054927135.1	current	GCA_054927135.1	GENBANK	current	current_genbank_singleton	Bradyrhizobium sp.	376		Scaffold	2679070	64.5	975	4900	-4.445768	1.349	manual_review	secondary_fragmented	presence_absence_only	pending	pending	genome_size_outlier;pangenome_fragmented;synteny_fragmented
CANON_01927		GCA_054927155.1	unpaired		GCA_054927155.1	current	GCA_054927155.1	GENBANK	current	current_genbank_singleton	Bradyrhizobium sp.	376		Contig	2391174	64.5	762	3513	-4.67114	1.349	manual_review	secondary_fragmented	presence_absence_only	pending	pending	genome_size_outlier;pangenome_fragmented;synteny_fragmented
CANON_01928		GCA_054927175.1	unpaired		GCA_054927175.1	current	GCA_054927175.1	GENBANK	current	current_genbank_singleton	Bradyrhizobium sp.	376		Contig	2887521	64.5	1162	2787	-4.282588	1.349	manual_review	secondary_fragmented	presence_absence_only	pending	pending	genome_size_outlier;pangenome_fragmented;synteny_fragmented
CANON_01929	GCF_054967145.1	GCA_054967145.1	paired		GCF_054967145.1	current	GCF_054967145.1	REFSEQ	current	current_refseq_preferred	Bradyrhizobium sp. UFLA06-24	1493484	UFLA06-24	Scaffold	8078672	63	225	111217	-0.21883	-0.6745	retain_candidate	primary_contiguity_candidate	presence_absence_only	pending	pending	synteny_fragmented
CANON_01930	GCF_055118695.1	GCA_055118695.1	paired		GCF_055118695.1	current	GCF_055118695.1	REFSEQ	current	current_refseq_preferred	Bradyrhizobium denitrificans	2734912		Contig	8235022	65	118	103691	-0.096435	2.0235	retain_candidate	primary_contiguity_candidate	synteny_candidate	pending	pending	
CANON_01931	GCF_055229415.2	GCA_055229415.2	paired		GCF_055229415.2	current	GCF_055229415.2	REFSEQ	current	current_refseq_preferred	Bradyrhizobium sp. Leo114	1571193	Leo114	Contig	9551005	62.5	302	178878	0.933748	-1.349	retain_candidate	primary_contiguity_candidate	presence_absence_only	pending	pending	synteny_fragmented
CANON_01932	GCF_055230915.1	GCA_055230915.1	paired		GCF_055230915.1	current	GCF_055230915.1	REFSEQ	current	current_refseq_preferred	Bradyrhizobium sp. LeoB1S2	3683826	LeoB1S2	Contig	9968492	62.5	346	122589	1.260567	-1.349	retain_candidate	primary_contiguity_candidate	presence_absence_only	pending	pending	synteny_fragmented
CANON_01933	GCF_055264925.1	GCA_055264925.1	paired		GCF_055264925.1	current	GCF_055264925.1	REFSEQ	current	current_refseq_preferred	Bradyrhizobium sp. KZN70725	3683834	KZN70725	Contig	9035410	63.5	250	134747	0.530128	0.0	retain_candidate	primary_contiguity_candidate	presence_absence_only	pending	pending	synteny_fragmented
CANON_01934	GCF_055378445.1	GCA_055378445.1	paired		GCF_055378445.1	current	GCF_055378445.1	REFSEQ	current	current_refseq_preferred	Bradyrhizobium diazoefficiens	1355477	KM1-5	Complete Genome	9232460	64	1	9232460	0.684383	0.6745	retain_candidate	primary_contiguity_candidate	synteny_candidate	pending	pending	
CANON_01935	GCF_055378835.1	GCA_055378835.1	paired		GCF_055378835.1	current	GCF_055378835.1	REFSEQ	current	current_refseq_preferred	Bradyrhizobium diazoefficiens	1355477	KM1-3	Complete Genome	9231927	64	1	9231927	0.683966	0.6745	retain_candidate	primary_contiguity_candidate	synteny_candidate	pending	pending	
CANON_01936	GCF_055379065.1	GCA_055379065.1	paired		GCF_055379065.1	current	GCF_055379065.1	REFSEQ	current	current_refseq_preferred	Bradyrhizobium diazoefficiens	1355477	KM1-2	Complete Genome	9249336	64	1	9249336	0.697594	0.6745	retain_candidate	primary_contiguity_candidate	synteny_candidate	pending	pending	
CANON_01937	GCF_055379625.1	GCA_055379625.1	paired		GCF_055379625.1	current	GCF_055379625.1	REFSEQ	current	current_refseq_preferred	Bradyrhizobium diazoefficiens	1355477	KM1-1	Complete Genome	9191278	64	2	9177154	0.652145	0.6745	retain_candidate	primary_contiguity_candidate	synteny_candidate	pending	pending	
CANON_01938	GCF_055379835.1	GCA_055379835.1	paired		GCF_055379835.1	current	GCF_055379835.1	REFSEQ	current	current_refseq_preferred	Bradyrhizobium diazoefficiens	1355477	TS4-125	Complete Genome	9299719	64	1	9299719	0.737035	0.6745	retain_candidate	primary_contiguity_candidate	synteny_candidate	pending	pending	
CANON_01939		GCA_055380195.1	unpaired		GCA_055380195.1	current	GCA_055380195.1	GENBANK	current	current_genbank_singleton	Bradyrhizobium diazoefficiens	1355477	TS3-19	Complete Genome	9124620	64	1	9124620	0.599963	0.6745	retain_candidate	primary_contiguity_candidate	synteny_candidate	pending	pending	
CANON_01940	GCF_055380625.1	GCA_055380625.1	paired		GCF_055380625.1	current	GCF_055380625.1	REFSEQ	current	current_refseq_preferred	Bradyrhizobium diazoefficiens	1355477	TS3-7	Complete Genome	9101402	64	1	9101402	0.581788	0.6745	retain_candidate	primary_contiguity_candidate	synteny_candidate	pending	pending	
CANON_01941	GCF_055381045.1	GCA_055381045.1	paired		GCF_055381045.1	current	GCF_055381045.1	REFSEQ	current	current_refseq_preferred	Bradyrhizobium diazoefficiens	1355477	TS3-6	Complete Genome	9170970	64	1	9170970	0.636247	0.6745	retain_candidate	primary_contiguity_candidate	synteny_candidate	pending	pending	
CANON_01942	GCF_055381445.1	GCA_055381445.1	paired		GCF_055381445.1	current	GCF_055381445.1	REFSEQ	current	current_refseq_preferred	Bradyrhizobium diazoefficiens	1355477	TS3-5	Complete Genome	9170999	64	1	9170999	0.63627	0.6745	retain_candidate	primary_contiguity_candidate	synteny_candidate	pending	pending	
CANON_01943	GCF_055381845.1	GCA_055381845.1	paired		GCF_055381845.1	current	GCF_055381845.1	REFSEQ	current	current_refseq_preferred	Bradyrhizobium diazoefficiens	1355477	TS3-4	Complete Genome	9303945	64	1	9303945	0.740343	0.6745	retain_candidate	primary_contiguity_candidate	synteny_candidate	pending	pending	
CANON_01944	GCF_055382325.1	GCA_055382325.1	paired		GCF_055382325.1	current	GCF_055382325.1	REFSEQ	current	current_refseq_preferred	Bradyrhizobium diazoefficiens	1355477	TS2-10	Complete Genome	9177159	64	1	9177159	0.641092	0.6745	retain_candidate	primary_contiguity_candidate	synteny_candidate	pending	pending	
CANON_01945	GCF_055382705.1	GCA_055382705.1	paired		GCF_055382705.1	current	GCF_055382705.1	REFSEQ	current	current_refseq_preferred	Bradyrhizobium diazoefficiens	1355477	TS2-1	Complete Genome	9072360	64	1	9072360	0.559053	0.6745	retain_candidate	primary_contiguity_candidate	synteny_candidate	pending	pending	
CANON_01946	GCF_055383185.1	GCA_055383185.1	paired		GCF_055383185.1	current	GCF_055383185.1	REFSEQ	current	current_refseq_preferred	Bradyrhizobium diazoefficiens	1355477	TS1-6	Complete Genome	9340888	64	1	9340888	0.769263	0.6745	retain_candidate	primary_contiguity_candidate	synteny_candidate	pending	pending	
CANON_01947	GCF_055383555.1	GCA_055383555.1	paired		GCF_055383555.1	current	GCF_055383555.1	REFSEQ	current	current_refseq_preferred	Bradyrhizobium diazoefficiens	1355477	TS1-5	Complete Genome	9269345	64	1	9269345	0.713258	0.6745	retain_candidate	primary_contiguity_candidate	synteny_candidate	pending	pending	
CANON_01948	GCF_055384005.1	GCA_055384005.1	paired		GCF_055384005.1	current	GCF_055384005.1	REFSEQ	current	current_refseq_preferred	Bradyrhizobium diazoefficiens	1355477	TS1-4	Complete Genome	9340972	64	1	9340972	0.769329	0.6745	retain_candidate	primary_contiguity_candidate	synteny_candidate	pending	pending	
CANON_01949	GCF_055384495.1	GCA_055384495.1	paired		GCF_055384495.1	current	GCF_055384495.1	REFSEQ	current	current_refseq_preferred	Bradyrhizobium diazoefficiens	1355477	TS1-3	Complete Genome	9037792	64	1	9037792	0.531992	0.6745	retain_candidate	primary_contiguity_candidate	synteny_candidate	pending	pending	
CANON_01950	GCF_055384855.1	GCA_055384855.1	paired		GCF_055384855.1	current	GCF_055384855.1	REFSEQ	current	current_refseq_preferred	Bradyrhizobium diazoefficiens	1355477	KG2-73	Complete Genome	9576712	64	2	9257534	0.953872	0.6745	retain_candidate	primary_contiguity_candidate	synteny_candidate	pending	pending	
CANON_01951	GCF_055384905.1	GCA_055384905.1	paired		GCF_055384905.1	current	GCF_055384905.1	REFSEQ	current	current_refseq_preferred	Bradyrhizobium diazoefficiens	1355477	TS1-2	Complete Genome	9254785	64	1	9254785	0.70186	0.6745	retain_candidate	primary_contiguity_candidate	synteny_candidate	pending	pending	
CANON_01952	GCF_055385275.1	GCA_055385275.1	paired		GCF_055385275.1	current	GCF_055385275.1	REFSEQ	current	current_refseq_preferred	Bradyrhizobium diazoefficiens	1355477	KG2-6	Complete Genome	9576717	64	2	9257539	0.953876	0.6745	retain_candidate	primary_contiguity_candidate	synteny_candidate	pending	pending	
CANON_01953	GCF_055385305.1	GCA_055385305.1	paired		GCF_055385305.1	current	GCF_055385305.1	REFSEQ	current	current_refseq_preferred	Bradyrhizobium diazoefficiens	1355477	TS1-1	Complete Genome	9318345	64	1	9318345	0.751616	0.6745	retain_candidate	primary_contiguity_candidate	synteny_candidate	pending	pending	
CANON_01954	GCF_055385625.1	GCA_055385625.1	paired		GCF_055385625.1	current	GCF_055385625.1	REFSEQ	current	current_refseq_preferred	Bradyrhizobium diazoefficiens	1355477	KG2-5	Complete Genome	9494155	64	2	9258292	0.889244	0.6745	retain_candidate	primary_contiguity_candidate	synteny_candidate	pending	pending	
CANON_01955	GCF_055385635.1	GCA_055385635.1	paired		GCF_055385635.1	current	GCF_055385635.1	REFSEQ	current	current_refseq_preferred	Bradyrhizobium diazoefficiens	1355477	NG5	Complete Genome	9239382	64	1	9239382	0.689802	0.6745	retain_candidate	primary_contiguity_candidate	synteny_candidate	pending	pending	
CANON_01956	GCF_055385995.1	GCA_055385995.1	paired		GCF_055385995.1	current	GCF_055385995.1	REFSEQ	current	current_refseq_preferred	Bradyrhizobium diazoefficiens	1355477	KG1-13	Complete Genome	9489240	64	2	9254664	0.885397	0.6745	retain_candidate	primary_contiguity_candidate	synteny_candidate	pending	pending	
CANON_01957	GCF_055386005.1	GCA_055386005.1	paired		GCF_055386005.1	current	GCF_055386005.1	REFSEQ	current	current_refseq_preferred	Bradyrhizobium diazoefficiens	1355477	NG2	Complete Genome	9286838	64	1	9286838	0.726952	0.6745	retain_candidate	primary_contiguity_candidate	synteny_candidate	pending	pending	
CANON_01958	GCF_055386345.1	GCA_055386345.1	paired		GCF_055386345.1	current	GCF_055386345.1	REFSEQ	current	current_refseq_preferred	Bradyrhizobium diazoefficiens	1355477	KG1-11	Complete Genome	9036701	64	1	9036701	0.531138	0.6745	retain_candidate	primary_contiguity_candidate	synteny_candidate	pending	pending	
CANON_01959	GCF_055386375.1	GCA_055386375.1	paired		GCF_055386375.1	current	GCF_055386375.1	REFSEQ	current	current_refseq_preferred	Bradyrhizobium diazoefficiens	1355477	NG1	Complete Genome	9244863	64	1	9244863	0.694093	0.6745	retain_candidate	primary_contiguity_candidate	synteny_candidate	pending	pending	
CANON_01960	GCF_055386515.1	GCA_055386515.1	paired		GCF_055386515.1	current	GCF_055386515.1	REFSEQ	current	current_refseq_preferred	Bradyrhizobium diazoefficiens	1355477	KG1-5	Complete Genome	9455528	64	2	9136821	0.859006	0.6745	retain_candidate	primary_contiguity_candidate	synteny_candidate	pending	pending	
CANON_01961	GCF_055386825.1	GCA_055386825.1	paired		GCF_055386825.1	current	GCF_055386825.1	REFSEQ	current	current_refseq_preferred	Bradyrhizobium diazoefficiens	1355477	KS2-3	Complete Genome	9109275	64	1	9109275	0.587951	0.6745	retain_candidate	primary_contiguity_candidate	synteny_candidate	pending	pending	
CANON_01962	GCF_055387175.1	GCA_055387175.1	paired		GCF_055387175.1	current	GCF_055387175.1	REFSEQ	current	current_refseq_preferred	Bradyrhizobium diazoefficiens	1355477	MY1-4	Complete Genome	9191646	64	1	9191646	0.652433	0.6745	retain_candidate	primary_contiguity_candidate	synteny_candidate	pending	pending	
CANON_01963	GCF_055387205.1	GCA_055387205.1	paired		GCF_055387205.1	current	GCF_055387205.1	REFSEQ	current	current_refseq_preferred	Bradyrhizobium diazoefficiens	1355477	KS2-2	Complete Genome	9372457	64	1	9372457	0.793976	0.6745	retain_candidate	primary_contiguity_candidate	synteny_candidate	pending	pending	
CANON_01964	GCF_055387605.1	GCA_055387605.1	paired		GCF_055387605.1	current	GCF_055387605.1	REFSEQ	current	current_refseq_preferred	Bradyrhizobium diazoefficiens	1355477	MY1-3	Complete Genome	9124545	64	1	9124545	0.599905	0.6745	retain_candidate	primary_contiguity_candidate	synteny_candidate	pending	pending	
CANON_01965	GCF_055387635.1	GCA_055387635.1	paired		GCF_055387635.1	current	GCF_055387635.1	REFSEQ	current	current_refseq_preferred	Bradyrhizobium diazoefficiens	1355477	KS1-16	Complete Genome	9188692	64	1	9188692	0.650121	0.6745	retain_candidate	primary_contiguity_candidate	synteny_candidate	pending	pending	
CANON_01966	GCF_055387945.1	GCA_055387945.1	paired		GCF_055387945.1	current	GCF_055387945.1	REFSEQ	current	current_refseq_preferred	Bradyrhizobium diazoefficiens	1355477	MY1-2	Complete Genome	9081957	64	1	9081957	0.566566	0.6745	retain_candidate	primary_contiguity_candidate	synteny_candidate	pending	pending	
CANON_01967	GCF_055387975.1	GCA_055387975.1	paired		GCF_055387975.1	current	GCF_055387975.1	REFSEQ	current	current_refseq_preferred	Bradyrhizobium diazoefficiens	1355477	A2C-51	Complete Genome	9353404	64	1	9353404	0.779061	0.6745	retain_candidate	primary_contiguity_candidate	synteny_candidate	pending	pending	
CANON_01968	GCF_055388195.1	GCA_055388195.1	paired		GCF_055388195.1	current	GCF_055388195.1	REFSEQ	current	current_refseq_preferred	Bradyrhizobium diazoefficiens	1355477	KM4-2	Complete Genome	9796986	63.5	3	9419852	1.126308	0.0	retain_candidate	primary_contiguity_candidate	synteny_candidate	pending	pending	
CANON_01969	GCF_055388225.1	GCA_055388225.1	paired		GCF_055388225.1	current	GCF_055388225.1	REFSEQ	current	current_refseq_preferred	Bradyrhizobium diazoefficiens	1355477	A2C-58	Complete Genome	9338218	64	1	9338218	0.767173	0.6745	retain_candidate	primary_contiguity_candidate	synteny_candidate	pending	pending	
CANON_01970	GCF_055388725.1	GCA_055388725.1	paired		GCF_055388725.1	current	GCF_055388725.1	REFSEQ	current	current_refseq_preferred	Bradyrhizobium diazoefficiens	1355477	KM4-1	Complete Genome	9494395	64	2	9175102	0.889432	0.6745	retain_candidate	primary_contiguity_candidate	synteny_candidate	pending	pending	
CANON_01971	GCF_055388735.1	GCA_055388735.1	paired		GCF_055388735.1	current	GCF_055388735.1	REFSEQ	current	current_refseq_preferred	Bradyrhizobium diazoefficiens	1355477	A2C-37	Complete Genome	9331529	64	1	9331529	0.761937	0.6745	retain_candidate	primary_contiguity_candidate	synteny_candidate	pending	pending	
CANON_01972	GCF_055389125.1	GCA_055389125.1	paired		GCF_055389125.1	current	GCF_055389125.1	REFSEQ	current	current_refseq_preferred	Bradyrhizobium diazoefficiens	1355477	FK2-6	Complete Genome	9267513	64	1	9267513	0.711823	0.6745	retain_candidate	primary_contiguity_candidate	synteny_candidate	pending	pending	
CANON_01973	GCF_055389155.1	GCA_055389155.1	paired		GCF_055389155.1	current	GCF_055389155.1	REFSEQ	current	current_refseq_preferred	Bradyrhizobium diazoefficiens	1355477	A2C-16	Complete Genome	9124695	64	1	9124695	0.600022	0.6745	retain_candidate	primary_contiguity_candidate	synteny_candidate	pending	pending	
CANON_01974	GCF_055389515.1	GCA_055389515.1	paired		GCF_055389515.1	current	GCF_055389515.1	REFSEQ	current	current_refseq_preferred	Bradyrhizobium diazoefficiens	1355477	FK2-4	Complete Genome	9282690	64	1	9282690	0.723704	0.6745	retain_candidate	primary_contiguity_candidate	synteny_candidate	pending	pending	
CANON_01975	GCF_055389545.1	GCA_055389545.1	paired		GCF_055389545.1	current	GCF_055389545.1	REFSEQ	current	current_refseq_preferred	Bradyrhizobium diazoefficiens	1355477	A2C-54	Complete Genome	9175619	64	1	9175619	0.639887	0.6745	retain_candidate	primary_contiguity_candidate	synteny_candidate	pending	pending	
CANON_01976	GCF_055389905.1	GCA_055389905.1	paired		GCF_055389905.1	current	GCF_055389905.1	REFSEQ	current	current_refseq_preferred	Bradyrhizobium diazoefficiens	1355477	FK2-3	Complete Genome	9278235	64	1	9278235	0.720217	0.6745	retain_candidate	primary_contiguity_candidate	synteny_candidate	pending	pending	
CANON_01977	GCF_055389935.1	GCA_055389935.1	paired		GCF_055389935.1	current	GCF_055389935.1	REFSEQ	current	current_refseq_preferred	Bradyrhizobium diazoefficiens	1355477	A2C-34	Complete Genome	9268604	64	1	9268604	0.712678	0.6745	retain_candidate	primary_contiguity_candidate	synteny_candidate	pending	pending	
CANON_01978	GCF_055390305.1	GCA_055390305.1	paired		GCF_055390305.1	current	GCF_055390305.1	REFSEQ	current	current_refseq_preferred	Bradyrhizobium diazoefficiens	1355477	FK2-2	Complete Genome	9187588	64	1	9187588	0.649256	0.6745	retain_candidate	primary_contiguity_candidate	synteny_candidate	pending	pending	
CANON_01979	GCF_055390315.1	GCA_055390315.1	paired		GCF_055390315.1	current	GCF_055390315.1	REFSEQ	current	current_refseq_preferred	Bradyrhizobium diazoefficiens	1355477	A2C-6	Complete Genome	9188713	64	1	9188713	0.650137	0.6745	retain_candidate	primary_contiguity_candidate	synteny_candidate	pending	pending	
CANON_01980	GCF_055390665.1	GCA_055390665.1	paired		GCF_055390665.1	current	GCF_055390665.1	REFSEQ	current	current_refseq_preferred	Bradyrhizobium diazoefficiens	1355477	HK3-25	Complete Genome	9186694	64	1	9186694	0.648556	0.6745	retain_candidate	primary_contiguity_candidate	synteny_candidate	pending	pending	
CANON_01981	GCF_055390675.1	GCA_055390675.1	paired		GCF_055390675.1	current	GCF_055390675.1	REFSEQ	current	current_refseq_preferred	Bradyrhizobium diazoefficiens	1355477	A2C-92	Complete Genome	9278297	64	1	9278297	0.720265	0.6745	retain_candidate	primary_contiguity_candidate	synteny_candidate	pending	pending	
CANON_01982	GCF_055391065.1	GCA_055391065.1	paired		GCF_055391065.1	current	GCF_055391065.1	REFSEQ	current	current_refseq_preferred	Bradyrhizobium diazoefficiens	1355477	HK3-21	Complete Genome	9167226	64	1	9167226	0.633316	0.6745	retain_candidate	primary_contiguity_candidate	synteny_candidate	pending	pending	
CANON_01983	GCF_055391075.1	GCA_055391075.1	paired		GCF_055391075.1	current	GCF_055391075.1	REFSEQ	current	current_refseq_preferred	Bradyrhizobium diazoefficiens	1355477	A2C-61	Complete Genome	9079885	64	1	9079885	0.564944	0.6745	retain_candidate	primary_contiguity_candidate	synteny_candidate	pending	pending	
CANON_01984	GCF_055391405.1	GCA_055391405.1	paired		GCF_055391405.1	current	GCF_055391405.1	REFSEQ	current	current_refseq_preferred	Bradyrhizobium diazoefficiens	1355477	HK3-13	Complete Genome	9186692	64	1	9186692	0.648555	0.6745	retain_candidate	primary_contiguity_candidate	synteny_candidate	pending	pending	
CANON_01985	GCF_055391435.1	GCA_055391435.1	paired		GCF_055391435.1	current	GCF_055391435.1	REFSEQ	current	current_refseq_preferred	Bradyrhizobium diazoefficiens	1355477	A2C-60	Complete Genome	9177987	64	1	9177987	0.64174	0.6745	retain_candidate	primary_contiguity_candidate	synteny_candidate	pending	pending	
CANON_01986	GCF_055391805.1	GCA_055391805.1	paired		GCF_055391805.1	current	GCF_055391805.1	REFSEQ	current	current_refseq_preferred	Bradyrhizobium diazoefficiens	1355477	HK3-7	Complete Genome	9186657	64	1	9186657	0.648527	0.6745	retain_candidate	primary_contiguity_candidate	synteny_candidate	pending	pending	
CANON_01987	GCF_055391835.1	GCA_055391835.1	paired		GCF_055391835.1	current	GCF_055391835.1	REFSEQ	current	current_refseq_preferred	Bradyrhizobium diazoefficiens	1355477	A2C-17	Complete Genome	9233130	64	1	9233130	0.684908	0.6745	retain_candidate	primary_contiguity_candidate	synteny_candidate	pending	pending	
CANON_01988	GCF_055392185.1	GCA_055392185.1	paired		GCF_055392185.1	current	GCF_055392185.1	REFSEQ	current	current_refseq_preferred	Bradyrhizobium diazoefficiens	1355477	HK2-8	Complete Genome	9167926	64	1	9167926	0.633864	0.6745	retain_candidate	primary_contiguity_candidate	synteny_candidate	pending	pending	
CANON_01989	GCF_055392215.1	GCA_055392215.1	paired		GCF_055392215.1	current	GCF_055392215.1	REFSEQ	current	current_refseq_preferred	Bradyrhizobium diazoefficiens	1355477	A2C-19	Complete Genome	9250194	64	1	9250194	0.698266	0.6745	retain_candidate	primary_contiguity_candidate	synteny_candidate	pending	pending	
CANON_01990	GCF_055392445.1	GCA_055392445.1	paired		GCF_055392445.1	current	GCF_055392445.1	REFSEQ	current	current_refseq_preferred	Bradyrhizobium diazoefficiens	1355477	HK1-32	Complete Genome	9079886	64	1	9079886	0.564945	0.6745	retain_candidate	primary_contiguity_candidate	synteny_candidate	pending	pending	
CANON_01991	GCF_055392455.1	GCA_055392455.1	paired		GCF_055392455.1	current	GCF_055392455.1	REFSEQ	current	current_refseq_preferred	Bradyrhizobium diazoefficiens	1355477	A2C-13	Complete Genome	9147963	64	1	9147963	0.618237	0.6745	retain_candidate	primary_contiguity_candidate	synteny_candidate	pending	pending	
CANON_01992	GCF_055392985.1	GCA_055392985.1	paired		GCF_055392985.1	current	GCF_055392985.1	REFSEQ	current	current_refseq_preferred	Bradyrhizobium diazoefficiens	1355477	HK1-31	Complete Genome	9079933	64	1	9079933	0.564981	0.6745	retain_candidate	primary_contiguity_candidate	synteny_candidate	pending	pending	
CANON_01993	GCF_055392995.1	GCA_055392995.1	paired		GCF_055392995.1	current	GCF_055392995.1	REFSEQ	current	current_refseq_preferred	Bradyrhizobium diazoefficiens	1355477	A2C-3	Complete Genome	9072447	64	1	9072447	0.559121	0.6745	retain_candidate	primary_contiguity_candidate	synteny_candidate	pending	pending	
CANON_01994	GCF_055393185.1	GCA_055393185.1	paired		GCF_055393185.1	current	GCF_055393185.1	REFSEQ	current	current_refseq_preferred	Bradyrhizobium diazoefficiens	1355477	YM3-4	Complete Genome	9331531	64	1	9331531	0.761938	0.6745	retain_candidate	primary_contiguity_candidate	synteny_candidate	pending	pending	
CANON_01995	GCF_055393235.1	GCA_055393235.1	paired		GCF_055393235.1	current	GCF_055393235.1	REFSEQ	current	current_refseq_preferred	Bradyrhizobium diazoefficiens	1355477	A2C-18	Complete Genome	9577460	64	2	9258284	0.954457	0.6745	retain_candidate	primary_contiguity_candidate	synteny_candidate	pending	pending	
CANON_01996	GCF_055393835.1	GCA_055393835.1	paired		GCF_055393835.1	current	GCF_055393835.1	REFSEQ	current	current_refseq_preferred	Bradyrhizobium diazoefficiens	1355477	YM3-2	Complete Genome	9270261	64	1	9270261	0.713975	0.6745	retain_candidate	primary_contiguity_candidate	synteny_candidate	pending	pending	
CANON_01997	GCF_055393865.1	GCA_055393865.1	paired		GCF_055393865.1	current	GCF_055393865.1	REFSEQ	current	current_refseq_preferred	Bradyrhizobium diazoefficiens	1355477	A2C-12	Complete Genome	9129533	64	1	9129533	0.603809	0.6745	retain_candidate	primary_contiguity_candidate	synteny_candidate	pending	pending	
CANON_01998	GCF_055394205.1	GCA_055394205.1	paired		GCF_055394205.1	current	GCF_055394205.1	REFSEQ	current	current_refseq_preferred	Bradyrhizobium diazoefficiens	1355477	YM2-7	Complete Genome	9325171	64	1	9325171	0.75696	0.6745	retain_candidate	primary_contiguity_candidate	synteny_candidate	pending	pending	
CANON_01999	GCF_055394215.1	GCA_055394215.1	paired		GCF_055394215.1	current	GCF_055394215.1	REFSEQ	current	current_refseq_preferred	Bradyrhizobium diazoefficiens	1355477	A2C-26	Complete Genome	9333953	64	1	9333953	0.763834	0.6745	retain_candidate	primary_contiguity_candidate	synteny_candidate	pending	pending	
CANON_02000	GCF_055394655.1	GCA_055394655.1	paired		GCF_055394655.1	current	GCF_055394655.1	REFSEQ	current	current_refseq_preferred	Bradyrhizobium diazoefficiens	1355477	YM2-5	Complete Genome	9331630	64	1	9331630	0.762016	0.6745	retain_candidate	primary_contiguity_candidate	synteny_candidate	pending	pending	
CANON_02001	GCF_055394665.1	GCA_055394665.1	paired		GCF_055394665.1	current	GCF_055394665.1	REFSEQ	current	current_refseq_preferred	Bradyrhizobium diazoefficiens	1355477	A2C-30	Complete Genome	9510366	64	1	9510366	0.901935	0.6745	retain_candidate	primary_contiguity_candidate	synteny_candidate	pending	pending	
CANON_02002	GCF_055394845.1	GCA_055394845.1	paired		GCF_055394845.1	current	GCF_055394845.1	REFSEQ	current	current_refseq_preferred	Bradyrhizobium diazoefficiens	1355477	YM2-3	Complete Genome	9318189	64	1	9318189	0.751494	0.6745	retain_candidate	primary_contiguity_candidate	synteny_candidate	pending	pending	
CANON_02003	GCF_055394855.1	GCA_055394855.1	paired		GCF_055394855.1	current	GCF_055394855.1	REFSEQ	current	current_refseq_preferred	Bradyrhizobium diazoefficiens	1355477	A2C-29	Complete Genome	9109441	64	1	9109441	0.588081	0.6745	retain_candidate	primary_contiguity_candidate	synteny_candidate	pending	pending	
CANON_02004	GCF_055395465.1	GCA_055395465.1	paired		GCF_055395465.1	current	GCF_055395465.1	REFSEQ	current	current_refseq_preferred	Bradyrhizobium diazoefficiens	1355477	YM2-2	Complete Genome	9098138	64	1	9098138	0.579233	0.6745	retain_candidate	primary_contiguity_candidate	synteny_candidate	pending	pending	
CANON_02005	GCF_055395495.1	GCA_055395495.1	paired		GCF_055395495.1	current	GCF_055395495.1	REFSEQ	current	current_refseq_preferred	Bradyrhizobium diazoefficiens	1355477	A2C-24	Complete Genome	9140032	64	1	9140032	0.612028	0.6745	retain_candidate	primary_contiguity_candidate	synteny_candidate	pending	pending	
CANON_02006	GCF_055395855.1	GCA_055395855.1	paired		GCF_055395855.1	current	GCF_055395855.1	REFSEQ	current	current_refseq_preferred	Bradyrhizobium diazoefficiens	1355477	YM1-7	Complete Genome	9344412	64	1	9344412	0.772022	0.6745	retain_candidate	primary_contiguity_candidate	synteny_candidate	pending	pending	
CANON_02007	GCF_055395905.1	GCA_055395905.1	paired		GCF_055395905.1	current	GCF_055395905.1	REFSEQ	current	current_refseq_preferred	Bradyrhizobium diazoefficiens	1355477	A2C-39	Complete Genome	9254845	64	1	9254845	0.701907	0.6745	retain_candidate	primary_contiguity_candidate	synteny_candidate	pending	pending	
CANON_02008	GCF_055396305.1	GCA_055396305.1	paired		GCF_055396305.1	current	GCF_055396305.1	REFSEQ	current	current_refseq_preferred	Bradyrhizobium diazoefficiens	1355477	YM1-6	Complete Genome	9305538	64	1	9305538	0.74159	0.6745	retain_candidate	primary_contiguity_candidate	synteny_candidate	pending	pending	
CANON_02009	GCF_055396315.1	GCA_055396315.1	paired		GCF_055396315.1	current	GCF_055396315.1	REFSEQ	current	current_refseq_preferred	Bradyrhizobium diazoefficiens	1355477	A2C-35	Complete Genome	9239527	64	1	9239527	0.689915	0.6745	retain_candidate	primary_contiguity_candidate	synteny_candidate	pending	pending	
CANON_02010	GCF_055396655.1	GCA_055396655.1	paired		GCF_055396655.1	current	GCF_055396655.1	REFSEQ	current	current_refseq_preferred	Bradyrhizobium diazoefficiens	1355477	YM1-5	Complete Genome	9510210	64	1	9510210	0.901813	0.6745	retain_candidate	primary_contiguity_candidate	synteny_candidate	pending	pending	
CANON_02011	GCF_055396755.1	GCA_055396755.1	paired		GCF_055396755.1	current	GCF_055396755.1	REFSEQ	current	current_refseq_preferred	Bradyrhizobium diazoefficiens	1355477	YM1-4	Complete Genome	9636401	64	3	9257188	1.000598	0.6745	retain_candidate	primary_contiguity_candidate	synteny_candidate	pending	pending	
CANON_02012	GCF_055397025.1	GCA_055397025.1	paired		GCF_055397025.1	current	GCF_055397025.1	REFSEQ	current	current_refseq_preferred	Bradyrhizobium diazoefficiens	1355477	YM1-3	Complete Genome	9353267	64	1	9353267	0.778954	0.6745	retain_candidate	primary_contiguity_candidate	synteny_candidate	pending	pending	
CANON_02013	GCF_055397285.1	GCA_055397285.1	paired		GCF_055397285.1	current	GCF_055397285.1	REFSEQ	current	current_refseq_preferred	Bradyrhizobium diazoefficiens	1355477	YM1-1	Complete Genome	9256073	64	1	9256073	0.702868	0.6745	retain_candidate	primary_contiguity_candidate	synteny_candidate	pending	pending	
CANON_02014	GCF_055397475.1	GCA_055397475.1	paired		GCF_055397475.1	current	GCF_055397475.1	REFSEQ	current	current_refseq_preferred	Bradyrhizobium diazoefficiens	1355477	KM2-8	Complete Genome	9145922	64	1	9145922	0.616639	0.6745	retain_candidate	primary_contiguity_candidate	synteny_candidate	pending	pending	
CANON_02015	GCF_055397655.1	GCA_055397655.1	paired		GCF_055397655.1	current	GCF_055397655.1	REFSEQ	current	current_refseq_preferred	Bradyrhizobium diazoefficiens	1355477	KM2-7	Complete Genome	9449913	64	1	9449913	0.854611	0.6745	retain_candidate	primary_contiguity_candidate	synteny_candidate	pending	pending	
CANON_02016	GCF_055397885.1	GCA_055397885.1	paired		GCF_055397885.1	current	GCF_055397885.1	REFSEQ	current	current_refseq_preferred	Bradyrhizobium diazoefficiens	1355477	KM2-6	Complete Genome	9353413	64	1	9353413	0.779068	0.6745	retain_candidate	primary_contiguity_candidate	synteny_candidate	pending	pending	
CANON_02017	GCF_055398135.1	GCA_055398135.1	paired		GCF_055398135.1	current	GCF_055398135.1	REFSEQ	current	current_refseq_preferred	Bradyrhizobium diazoefficiens	1355477	KM2-5	Complete Genome	9139292	64	1	9139292	0.611449	0.6745	retain_candidate	primary_contiguity_candidate	synteny_candidate	pending	pending	
CANON_02018	GCF_055398315.1	GCA_055398315.1	paired		GCF_055398315.1	current	GCF_055398315.1	REFSEQ	current	current_refseq_preferred	Bradyrhizobium diazoefficiens	1355477	KM1-6	Complete Genome	9249333	64	1	9249333	0.697592	0.6745	retain_candidate	primary_contiguity_candidate	synteny_candidate	pending	pending	
CANON_02019	GCF_055413645.1	GCA_055413645.1	paired		GCF_055413645.1	current	GCF_055413645.1	REFSEQ	current	current_refseq_preferred	Bradyrhizobium oropedii	1571201	Pear129	Contig	9652224	63.5	281	133422	1.012985	0.0	retain_candidate	primary_contiguity_candidate	presence_absence_only	pending	pending	synteny_fragmented
CANON_02020	GCF_055413665.1	GCA_055413665.1	paired		GCF_055413665.1	current	GCF_055413665.1	REFSEQ	current	current_refseq_preferred	Bradyrhizobium sp. Leo167	3684034	Leo167	Contig	9879195	62.5	1106	55887	1.190663	-1.349	retain_candidate	secondary_fragmented	presence_absence_only	pending	pending	pangenome_fragmented;synteny_fragmented
CANON_02021	GCF_055413685.1	GCA_055413685.1	paired		GCF_055413685.1	current	GCF_055413685.1	REFSEQ	current	current_refseq_preferred	Bradyrhizobium sp. LeoA1Lang	3684033	LeoA1Lang	Contig	9412307	62.5	731	47113	0.825172	-1.349	retain_candidate	secondary_fragmented	presence_absence_only	pending	pending	pangenome_fragmented;synteny_fragmented
CANON_02022	GCF_055456055.1	GCA_055456055.1	paired		GCF_055456055.1	current	GCF_055456055.1	REFSEQ	current	current_refseq_preferred	Bradyrhizobium sp. LeoB3	3686269	LeoB3	Contig	9648843	62.5	506	78061	1.010338	-1.349	retain_candidate	secondary_fragmented	presence_absence_only	pending	pending	pangenome_fragmented;synteny_fragmented
CANON_02023	GCF_055504515.1	GCA_055504515.1	paired		GCF_055504515.1	current	GCF_055504515.1	REFSEQ	current	current_refseq_preferred	Bradyrhizobium diazoefficiens	1355477	23B-3	Complete Genome	9136919	64	1	9136919	0.609591	0.6745	retain_candidate	primary_contiguity_candidate	synteny_candidate	pending	pending	
CANON_02024	GCF_055504835.1	GCA_055504835.1	paired		GCF_055504835.1	suppressed	GCA_055504835.1	GENBANK	current	fallback_current_genbank	Bradyrhizobium sp. UFLA06-05	1493465	UFLA06-05	Scaffold	9108153	64	156	109430	0.587073	0.6745	retain_candidate	primary_contiguity_candidate	synteny_candidate	pending	pending	suppressed_or_unavailable_refseq_fallback
CANON_02025	GCF_055613785.1	GCA_055613785.1	paired		GCF_055613785.1	current	GCF_055613785.1	REFSEQ	current	current_refseq_preferred	Bradyrhizobium sp.	376		Contig	7083908	64	589	19009	-0.997555	0.6745	retain_candidate	secondary_fragmented	presence_absence_only	pending	pending	pangenome_fragmented;synteny_fragmented
CANON_02026	GCF_055613855.1	GCA_055613855.1	paired		GCF_055613855.1	current	GCF_055613855.1	REFSEQ	current	current_refseq_preferred	Bradyrhizobium sp.	376		Contig	5202923	64	426	18378	-2.470035	0.6745	retain_candidate	secondary_fragmented	presence_absence_only	pending	pending	pangenome_fragmented;synteny_fragmented
CANON_02027		GCA_055613895.1	unpaired		GCA_055613895.1	current	GCA_055613895.1	GENBANK	current	current_genbank_singleton	Bradyrhizobium sp.	376		Contig	6992952	64.5	923	12085	-1.068758	1.349	retain_candidate	secondary_fragmented	presence_absence_only	pending	pending	pangenome_fragmented;synteny_fragmented
CANON_02028	GCF_055613975.1	GCA_055613975.1	paired		GCF_055613975.1	current	GCF_055613975.1	REFSEQ	current	current_refseq_preferred	Bradyrhizobium sp.	376		Contig	5590372	63.5	295	28998	-2.166731	0.0	retain_candidate	primary_contiguity_candidate	presence_absence_only	pending	pending	synteny_fragmented
CANON_02029		GCA_055647745.1	unpaired		GCA_055647745.1	current	GCA_055647745.1	GENBANK	current	current_genbank_singleton	Bradyrhizobium sp.	376		Contig	4688635	64	547	11256	-2.872632	0.6745	retain_candidate	secondary_fragmented	presence_absence_only	pending	pending	pangenome_fragmented;synteny_fragmented
CANON_02030		GCA_055650945.1	unpaired		GCA_055650945.1	current	GCA_055650945.1	GENBANK	current	current_genbank_singleton	Bradyrhizobium sp.	376		Contig	4133280	60.5	555	8638	-3.307378	-4.047	manual_review	secondary_fragmented	presence_absence_only	pending	pending	gc_percent_outlier;pangenome_fragmented;synteny_fragmented
CANON_02031		GCA_055652065.1	unpaired		GCA_055652065.1	current	GCA_055652065.1	GENBANK	current	current_genbank_singleton	Bradyrhizobium sp.	376		Contig	4455077	61	496	11808	-3.055467	-3.3725	retain_candidate	secondary_fragmented	presence_absence_only	pending	pending	pangenome_fragmented;synteny_fragmented
CANON_02032		GCA_055652965.1	unpaired		GCA_055652965.1	current	GCA_055652965.1	GENBANK	current	current_genbank_singleton	Bradyrhizobium sp.	376		Contig	5260534	60.5	438	16208	-2.424936	-4.047	manual_review	secondary_fragmented	presence_absence_only	pending	pending	gc_percent_outlier;pangenome_fragmented;synteny_fragmented
CANON_02033		GCA_055658185.1	unpaired		GCA_055658185.1	current	GCA_055658185.1	GENBANK	current	current_genbank_singleton	Bradyrhizobium sp.	376		Contig	4342821	60.5	509	10921	-3.143344	-4.047	manual_review	secondary_fragmented	presence_absence_only	pending	pending	gc_percent_outlier;pangenome_fragmented;synteny_fragmented
CANON_02034	GCF_055698875.1	GCA_055698875.1	paired		GCF_055698875.1	current	GCF_055698875.1	REFSEQ	current	current_refseq_preferred	Bradyrhizobium ottawaense	931866	BOtt59	Complete Genome	8450767	64	1	8450767	0.072455	0.6745	retain_candidate	primary_contiguity_candidate	synteny_candidate	pending	pending	
CANON_02035	GCF_055791125.1	GCA_055791125.1	paired		GCF_055791125.1	current	GCF_055791125.1	REFSEQ	current	current_refseq_preferred	Bradyrhizobium elkanii	29448	SEMIA 5011	Scaffold	9503893	63.5	170	184967	0.896867	0.0	retain_candidate	primary_contiguity_candidate	synteny_candidate	pending	pending	
CANON_02036	GCF_055791145.1	GCA_055791145.1	paired		GCF_055791145.1	current	GCF_055791145.1	REFSEQ	current	current_refseq_preferred	Bradyrhizobium elkanii	29448	SEMIA 5027	Scaffold	9893588	63.5	205	181493	1.20193	0.0	retain_candidate	primary_contiguity_candidate	presence_absence_only	pending	pending	synteny_fragmented
CANON_02037	GCF_055791185.1	GCA_055791185.1	paired		GCF_055791185.1	current	GCF_055791185.1	REFSEQ	current	current_refseq_preferred	Bradyrhizobium ingae	1497618	BR 10250	Contig	8852519	63	117	181863	0.386956	-0.6745	retain_candidate	primary_contiguity_candidate	synteny_candidate	pending	pending	
CANON_02038	GCF_055807355.1	GCA_055807355.1	paired		GCF_055807355.1	current	GCF_055807355.1	REFSEQ	current	current_refseq_preferred	Bradyrhizobium sp. Ken01	3691833	Ken01	Contig	8244354	63	334	127846	-0.08913	-0.6745	retain_candidate	primary_contiguity_candidate	presence_absence_only	pending	pending	synteny_fragmented
CANON_02039	GCF_055807395.1	GCA_055807395.1	paired		GCF_055807395.1	current	GCF_055807395.1	REFSEQ	current	current_refseq_preferred	Bradyrhizobium sp. Kon10	3691836	Kon10	Contig	7739994	63	452	213089	-0.483955	-0.6745	retain_candidate	primary_contiguity_candidate	presence_absence_only	pending	pending	synteny_fragmented
CANON_02040	GCF_055807435.1	GCA_055807435.1	paired		GCF_055807435.1	current	GCF_055807435.1	REFSEQ	current	current_refseq_preferred	Bradyrhizobium sp. Ken51	3691834	Ken51	Contig	8573199	63	230	236992	0.168298	-0.6745	retain_candidate	primary_contiguity_candidate	presence_absence_only	pending	pending	synteny_fragmented
CANON_02041	GCF_055807455.1	GCA_055807455.1	paired		GCF_055807455.1	current	GCF_055807455.1	REFSEQ	current	current_refseq_preferred	Bradyrhizobium sp. Kon58	3691842	Kon58	Contig	8494450	63	723	212971	0.106651	-0.6745	retain_candidate	secondary_fragmented	presence_absence_only	pending	pending	pangenome_fragmented;synteny_fragmented
CANON_02042	GCF_055807475.1	GCA_055807475.1	paired		GCF_055807475.1	current	GCF_055807475.1	REFSEQ	current	current_refseq_preferred	Bradyrhizobium sp. Kon44	3691840	Kon44	Contig	8057971	63	703	271098	-0.235035	-0.6745	retain_candidate	secondary_fragmented	presence_absence_only	pending	pending	pangenome_fragmented;synteny_fragmented
CANON_02043	GCF_055807515.1	GCA_055807515.1	paired		GCF_055807515.1	current	GCF_055807515.1	REFSEQ	current	current_refseq_preferred	Bradyrhizobium sp. Kon69	3691843	Kon69	Contig	8250290	63	641	207393	-0.084483	-0.6745	retain_candidate	secondary_fragmented	presence_absence_only	pending	pending	pangenome_fragmented;synteny_fragmented
CANON_02044	GCF_055807535.1	GCA_055807535.1	paired		GCF_055807535.1	current	GCF_055807535.1	REFSEQ	current	current_refseq_preferred	Bradyrhizobium sp. Kon37	3691837	Kon37	Contig	7871507	63.5	374	218523	-0.381004	0.0	retain_candidate	primary_contiguity_candidate	presence_absence_only	pending	pending	synteny_fragmented
CANON_02045	GCF_055807555.1	GCA_055807555.1	paired		GCF_055807555.1	current	GCF_055807555.1	REFSEQ	current	current_refseq_preferred	Bradyrhizobium sp. Ken64	3691835	Ken64	Contig	7430722	63.5	161	238673	-0.726061	0.0	retain_candidate	primary_contiguity_candidate	synteny_candidate	pending	pending	
CANON_02046	GCF_055807615.1	GCA_055807615.1	paired		GCF_055807615.1	current	GCF_055807615.1	REFSEQ	current	current_refseq_preferred	Bradyrhizobium sp. MV1.5	3691824	MV1.5	Scaffold	7346157	63.5	214	83501	-0.79226	0.0	retain_candidate	primary_contiguity_candidate	presence_absence_only	pending	pending	synteny_fragmented
CANON_02047	GCF_055807635.1	GCA_055807635.1	paired		GCF_055807635.1	current	GCF_055807635.1	REFSEQ	current	current_refseq_preferred	Bradyrhizobium sp. Kon56	3691841	Kon56	Contig	8144405	63	696	227035	-0.167372	-0.6745	retain_candidate	secondary_fragmented	presence_absence_only	pending	pending	pangenome_fragmented;synteny_fragmented
CANON_02048	GCF_055807655.1	GCA_055807655.1	paired		GCF_055807655.1	current	GCF_055807655.1	REFSEQ	current	current_refseq_preferred	Bradyrhizobium sp. Kon40	3691838	Kon40	Contig	8143133	63	409	267016	-0.168368	-0.6745	retain_candidate	primary_contiguity_candidate	presence_absence_only	pending	pending	synteny_fragmented
CANON_02049	GCF_055807675.1	GCA_055807675.1	paired		GCF_055807675.1	current	GCF_055807675.1	REFSEQ	current	current_refseq_preferred	Bradyrhizobium sp. Kon42	3691839	Kon42	Contig	8284231	63	415	201675	-0.057913	-0.6745	retain_candidate	primary_contiguity_candidate	presence_absence_only	pending	pending	synteny_fragmented
CANON_02050	GCF_055811035.1	GCA_055811035.1	paired		GCF_055811035.1	current	GCF_055811035.1	REFSEQ	current	current_refseq_preferred	Bradyrhizobium sp. MI1.10	3691822	MI1.10	Scaffold	8579005	63	288	73714	0.172843	-0.6745	retain_candidate	primary_contiguity_candidate	presence_absence_only	pending	pending	synteny_fragmented
CANON_02051	GCF_055811255.1	GCA_055811255.1	paired		GCF_055811255.1	current	GCF_055811255.1	REFSEQ	current	current_refseq_preferred	Bradyrhizobium sp. MI1.11	3691823	MI1.11	Scaffold	9032410	63	317	72270	0.527779	-0.6745	retain_candidate	primary_contiguity_candidate	presence_absence_only	pending	pending	synteny_fragmented
CANON_02052	GCF_055811315.1	GCA_055811315.1	paired		GCF_055811315.1	current	GCF_055811315.1	REFSEQ	current	current_refseq_preferred	Bradyrhizobium sp. MI1.4	3691820	MI1.4	Scaffold	8295513	63	255	77487	-0.049082	-0.6745	retain_candidate	primary_contiguity_candidate	presence_absence_only	pending	pending	synteny_fragmented
CANON_02053	GCF_055811355.1	GCA_055811355.1	paired		GCF_055811355.1	current	GCF_055811355.1	REFSEQ	current	current_refseq_preferred	Bradyrhizobium sp. WSM4873	3691817	WSM4873	Scaffold	7945828	63.5	186	128396	-0.322823	0.0	retain_candidate	primary_contiguity_candidate	synteny_candidate	pending	pending	
CANON_02054	GCF_055811695.1	GCA_055811695.1	paired		GCF_055811695.1	current	GCF_055811695.1	REFSEQ	current	current_refseq_preferred	Bradyrhizobium sp. MI1.3	3691819	MI1.3	Scaffold	8526567	63.5	397	64240	0.131793	0.0	retain_candidate	primary_contiguity_candidate	presence_absence_only	pending	pending	synteny_fragmented
CANON_02055	GCF_055811715.1	GCA_055811715.1	paired		GCF_055811715.1	current	GCF_055811715.1	REFSEQ	current	current_refseq_preferred	Bradyrhizobium sp. WSM4872	3691816	WSM4872	Scaffold	7633408	63.5	127	143296	-0.567393	0.0	retain_candidate	primary_contiguity_candidate	synteny_candidate	pending	pending	
CANON_02056	GCF_055811795.1	GCA_055811795.1	paired		GCF_055811795.1	current	GCF_055811795.1	REFSEQ	current	current_refseq_preferred	Bradyrhizobium sp. MI1.7	3691821	MI1.7	Scaffold	9847977	63.5	393	69605	1.166225	0.0	retain_candidate	primary_contiguity_candidate	presence_absence_only	pending	pending	synteny_fragmented
CANON_02057	GCF_055811835.1	GCA_055811835.1	paired		GCF_055811835.1	current	GCF_055811835.1	REFSEQ	current	current_refseq_preferred	Bradyrhizobium sp. WSM4874	3691818	WSM4874	Scaffold	8357543	63	342	117013	-0.000523	-0.6745	retain_candidate	primary_contiguity_candidate	presence_absence_only	pending	pending	synteny_fragmented
CANON_02058	GCF_056106085.1	GCA_056106085.1	paired		GCF_056106085.1	current	GCF_056106085.1	REFSEQ	current	current_refseq_preferred	Bradyrhizobium sp. BR14999	3444115	BR14999	Complete Genome	8837982	63	1	8837982	0.375576	-0.6745	retain_candidate	primary_contiguity_candidate	synteny_candidate	pending	pending	
CANON_02059	GCF_056114745.1	GCA_056114745.1	paired		GCF_056114745.1	current	GCF_056114745.1	REFSEQ	current	current_refseq_preferred	Bradyrhizobium japonicum	375	RCAM24116	Complete Genome	9226265	63.5	1	9226265	0.679534	0.0	retain_candidate	primary_contiguity_candidate	synteny_candidate	pending	pending	
CANON_02060	GCF_056148755.1	GCA_056148755.1	paired		GCF_056148755.1	current	GCF_056148755.1	REFSEQ	current	current_refseq_preferred	Bradyrhizobium barranii	2992140	LM1	Complete Genome	9860378	63.5	2	9413995	1.175932	0.0	retain_candidate	primary_contiguity_candidate	synteny_candidate	pending	pending	
CANON_02061	GCF_056148815.1	GCA_056148815.1	paired		GCF_056148815.1	current	GCF_056148815.1	REFSEQ	current	current_refseq_preferred	Bradyrhizobium barranii	2992140	RCAM_LP2	Complete Genome	10493007	63	1	10493007	1.67117	-0.6745	retain_candidate	primary_contiguity_candidate	synteny_candidate	pending	pending	
CANON_02062	GCF_056148975.1	GCA_056148975.1	paired		GCF_056148975.1	current	GCF_056148975.1	REFSEQ	current	current_refseq_preferred	Bradyrhizobium sp. WYCCWR 15512	3694918	WYCCWR 15512	Contig	9269419	62	188	154340	0.713316	-2.0235	retain_candidate	primary_contiguity_candidate	synteny_candidate	pending	pending	
CANON_02063	GCF_056156525.1	GCA_056156525.1	paired		GCF_056156525.1	current	GCF_056156525.1	REFSEQ	current	current_refseq_preferred	Bradyrhizobium erythrophlei	1437360	CCBAU 53325T	Contig	9544505	63.5	357	94415	0.928659	0.0	retain_candidate	primary_contiguity_candidate	presence_absence_only	pending	pending	synteny_fragmented
CANON_02064		GCA_056156545.1	unpaired		GCA_056156545.1	current	GCA_056156545.1	GENBANK	current	current_genbank_singleton	Bradyrhizobium sp. DW10.1	1176417	DW10.1	Contig	6494580	59.5	65	351036	-1.458895	-5.396	manual_review	primary_contiguity_candidate	synteny_candidate	pending	pending	gc_percent_outlier
CANON_02065	GCF_056156565.1	GCA_056156565.1	paired		GCF_056156565.1	current	GCF_056156565.1	REFSEQ	current	current_refseq_preferred	Bradyrhizobium sp. JHI2711	3452153	JHI2711	Contig	7865882	64	47	2075325	-0.385407	0.6745	retain_candidate	primary_contiguity_candidate	synteny_candidate	pending	pending	
CANON_02066	GCF_056156585.1	GCA_056156585.1	paired		GCF_056156585.1	current	GCF_056156585.1	REFSEQ	current	current_refseq_preferred	Bradyrhizobium australafricanum	2821406	Cens 1A	Contig	8590997	64	145	184416	0.18223	0.6745	retain_candidate	primary_contiguity_candidate	synteny_candidate	pending	pending	
CANON_02067	GCF_056156605.1	GCA_056156605.1	paired		GCF_056156605.1	current	GCF_056156605.1	REFSEQ	current	current_refseq_preferred	Bradyrhizobium sp. DW12.5	1176418	DW12.5	Contig	9831138	62.5	320	84328	1.153043	-1.349	retain_candidate	primary_contiguity_candidate	presence_absence_only	pending	pending	synteny_fragmented
CANON_02068	GCF_056157705.1	GCA_056157705.1	paired		GCF_056157705.1	current	GCF_056157705.1	REFSEQ	current	current_refseq_preferred	Bradyrhizobium japonicum subsp. saratovii	3420381	GmNp1m2	Scaffold	11349494	63	6	9849998	2.341648	-0.6745	retain_candidate	primary_contiguity_candidate	synteny_candidate	pending	pending	
CANON_02069	GCF_056157725.1	GCA_056157725.1	paired		GCF_056157725.1	current	GCF_056157725.1	REFSEQ	current	current_refseq_preferred	Bradyrhizobium japonicum subsp. saratovii	3420381	GmNp1m5	Contig	11395758	63	7	9868471	2.377865	-0.6745	retain_candidate	primary_contiguity_candidate	synteny_candidate	pending	pending	
CANON_02070	GCF_056172815.1	GCA_056172815.1	paired		GCF_056172815.1	current	GCF_056172815.1	REFSEQ	current	current_refseq_preferred	Bradyrhizobium japonicum subsp. saratovii	3420381	GmNp1m1	Complete Genome	11200044	63	4	10672830	2.224655	-0.6745	retain_candidate	primary_contiguity_candidate	synteny_candidate	pending	pending	
CANON_02071	GCF_056172825.1	GCA_056172825.1	paired		GCF_056172825.1	current	GCF_056172825.1	REFSEQ	current	current_refseq_preferred	Bradyrhizobium japonicum subsp. saratovii	3420381	GmNp1m4	Complete Genome	11517949	63	5	10526908	2.473519	-0.6745	retain_candidate	primary_contiguity_candidate	synteny_candidate	pending	pending	
CANON_02072	GCF_056174645.1	GCA_056174645.1	paired		GCF_056174645.1	current	GCF_056174645.1	REFSEQ	current	current_refseq_preferred	Bradyrhizobium sp. WYCCWR15519	3694269	WYCCWR15519	Scaffold	9193005	62	193	131716	0.653497	-2.0235	retain_candidate	primary_contiguity_candidate	synteny_candidate	pending	pending	
CANON_02073	GCF_056174665.1	GCA_056174665.1	paired		GCF_056174665.1	current	GCF_056174665.1	REFSEQ	current	current_refseq_preferred	Bradyrhizobium sp. WYCCWR15520	3694270	WYCCWR15520	Contig	8814691	62	191	190243	0.357344	-2.0235	retain_candidate	primary_contiguity_candidate	synteny_candidate	pending	pending	
CANON_02074	GCF_056230635.1	GCA_056230635.1	paired		GCF_056230635.1	current	GCF_056230635.1	REFSEQ	current	current_refseq_preferred	Bradyrhizobium japonicum subsp. saratovii	3420381	GmNp2m2	Complete Genome	11656115	63	4	10858941	2.581679	-0.6745	retain_candidate	primary_contiguity_candidate	synteny_candidate	pending	pending	
CANON_02075	GCF_056238545.1	GCA_056238545.1	paired		GCF_056238545.1	current	GCF_056238545.1	REFSEQ	current	current_refseq_preferred	Bradyrhizobium barranii	2992140	RCAM_LM5	Complete Genome	10240740	63.5	2	9813148	1.473689	0.0	retain_candidate	primary_contiguity_candidate	synteny_candidate	pending	pending	
CANON_02076	GCF_056312355.1	GCA_056312355.1	paired		GCF_056312355.1	current	GCF_056312355.1	REFSEQ	current	current_refseq_preferred	Bradyrhizobium barranii	2992140	RCAM_PM2	Complete Genome	9867048	63.5	1	9867048	1.181154	0.0	retain_candidate	primary_contiguity_candidate	synteny_candidate	pending	pending	
CANON_02077	GCF_056339975.1	GCA_056339975.1	paired		GCF_056339975.1	current	GCF_056339975.1	REFSEQ	current	current_refseq_preferred	Bradyrhizobium sp.	376		Contig	7609637	64.5	57	243911	-0.586002	1.349	retain_candidate	primary_contiguity_candidate	synteny_candidate	pending	pending	
CANON_02078	GCF_056402655.1	GCA_056402655.1	paired		GCF_056402655.1	current	GCF_056402655.1	REFSEQ	current	current_refseq_preferred	Bradyrhizobium sp. P3_C3	3232541	P3_C3	Contig	9033372	63.5	152	170431	0.528532	0.0	retain_candidate	primary_contiguity_candidate	synteny_candidate	pending	pending	
CANON_02079	GCF_056403875.1	GCA_056403875.1	paired		GCF_056403875.1	current	GCF_056403875.1	REFSEQ	current	current_refseq_preferred	Bradyrhizobium sp. P2_E8	3232492	P2_E8	Contig	8278539	64	1947	6885	-0.062369	0.6745	retain_candidate	secondary_fragmented	presence_absence_only	pending	pending	pangenome_fragmented;synteny_fragmented
CANON_02080	GCF_056405055.1	GCA_056405055.1	paired		GCF_056405055.1	current	GCF_056405055.1	REFSEQ	current	current_refseq_preferred	Bradyrhizobium sp. P2_A2	3232451	P2_A2	Contig	9035246	63.5	70	312216	0.529999	0.0	retain_candidate	primary_contiguity_candidate	synteny_candidate	pending	pending	
CANON_02081	GCF_056405155.1	GCA_056405155.1	paired		GCF_056405155.1	current	GCF_056405155.1	REFSEQ	current	current_refseq_preferred	Bradyrhizobium sp. P2_A1	3232449	P2_A1	Contig	9034887	63.5	122	177755	0.529718	0.0	retain_candidate	primary_contiguity_candidate	synteny_candidate	pending	pending	
CANON_02082	GCF_056429045.1	GCA_056429045.1	paired		GCF_056429045.1	current	GCF_056429045.1	REFSEQ	current	current_refseq_preferred	Bradyrhizobium yuanmingense	108015	JHI2701	Contig	7867769	64	47	1775508	-0.38393	0.6745	retain_candidate	primary_contiguity_candidate	synteny_candidate	pending	pending	
CANON_02083	GCF_056429065.1	GCA_056429065.1	paired		GCF_056429065.1	current	GCF_056429065.1	REFSEQ	current	current_refseq_preferred	Bradyrhizobium sp. USDA3010	3466038	USDA3010	Contig	9196451	63.5	190	183963	0.656194	0.0	retain_candidate	primary_contiguity_candidate	synteny_candidate	pending	pending	
CANON_02084	GCF_056429085.1	GCA_056429085.1	paired		GCF_056429085.1	current	GCF_056429085.1	REFSEQ	current	current_refseq_preferred	Bradyrhizobium sp. CFUWI	3466037	CFUWI	Contig	8368059	64	349	350136	0.007709	0.6745	retain_candidate	primary_contiguity_candidate	presence_absence_only	pending	pending	synteny_fragmented
CANON_02085	GCF_056429105.1	GCA_056429105.1	paired		GCF_056429105.1	current	GCF_056429105.1	REFSEQ	current	current_refseq_preferred	Bradyrhizobium sp. CFUMNI	3466036	CFUMNI	Contig	9662413	63.5	176	160979	1.020961	0.0	retain_candidate	primary_contiguity_candidate	synteny_candidate	pending	pending	
CANON_02086	GCF_056429125.1	GCA_056429125.1	paired		GCF_056429125.1	current	GCF_056429125.1	REFSEQ	current	current_refseq_preferred	Bradyrhizobium sp. CFUSDI	3466035	CFUSDI	Contig	9714611	63.5	220	134722	1.061823	0.0	retain_candidate	primary_contiguity_candidate	presence_absence_only	pending	pending	synteny_fragmented
CANON_02087	GCF_056552435.1	GCA_056552435.1	paired		GCF_056552435.1	current	GCF_056552435.1	REFSEQ	current	current_refseq_preferred	Bradyrhizobium barranii	2992140	RCAM_UN1	Complete Genome	10064820	63.5	1	10064820	1.335975	0.0	retain_candidate	primary_contiguity_candidate	synteny_candidate	pending	pending	
CANON_02088	GCF_056837965.1	GCA_056837965.1	paired		GCF_056837965.1	current	GCF_056837965.1	REFSEQ	current	current_refseq_preferred	Bradyrhizobium ferriligni	1534803	CCBAU51502T	Contig	9231438	63.5	449	91994	0.683583	0.0	retain_candidate	primary_contiguity_candidate	presence_absence_only	pending	pending	synteny_fragmented
CANON_02089	GCF_056867965.1	GCA_056867965.1	paired		GCF_056867965.1	current	GCF_056867965.1	REFSEQ	current	current_refseq_preferred	Bradyrhizobium centrosematis	1300039	SVR5-10H	Complete Genome	7346242	64.5	1	7346242	-0.792194	1.349	retain_candidate	primary_contiguity_candidate	synteny_candidate	pending	pending	
CANON_02090	GCF_056891115.1	GCA_056891115.1	paired		GCF_056891115.1	current	GCF_056891115.1	REFSEQ	current	current_refseq_preferred	Bradyrhizobium diazoefficiens	1355477	634b	Complete Genome	9242213	64	1	9242213	0.692018	0.6745	retain_candidate	primary_contiguity_candidate	synteny_candidate	pending	pending	
CANON_02091		GCA_057004885.1	unpaired		GCA_057004885.1	current	GCA_057004885.1	GENBANK	current	current_genbank_singleton	Bradyrhizobium sp.	376		Scaffold	4465388	62	718	8428	-3.047396	-2.0235	retain_candidate	secondary_fragmented	presence_absence_only	pending	pending	pangenome_fragmented;synteny_fragmented
CANON_02092	GCF_057019815.1	GCA_057019815.1	paired		GCF_057019815.1	current	GCF_057019815.1	REFSEQ	current	current_refseq_preferred	Bradyrhizobium sp.	376		Contig	7471147	64.5	646	14778	-0.694415	1.349	retain_candidate	secondary_fragmented	presence_absence_only	pending	pending	pangenome_fragmented;synteny_fragmented
CANON_02093		GCA_057021115.1	unpaired		GCA_057021115.1	current	GCA_057021115.1	GENBANK	current	current_genbank_singleton	Bradyrhizobium sp.	376		Contig	6156402	65	959	8208	-1.723629	2.0235	retain_candidate	secondary_fragmented	presence_absence_only	pending	pending	pangenome_fragmented;synteny_fragmented
CANON_02094		GCA_057198305.1	unpaired		GCA_057198305.1	current	GCA_057198305.1	GENBANK	current	current_genbank_singleton	Bradyrhizobium sp.	376		Contig	5141219	63.5	501	15863	-2.518339	0.0	retain_candidate	secondary_fragmented	presence_absence_only	pending	pending	pangenome_fragmented;synteny_fragmented
CANON_02095	GCF_057220295.1	GCA_057220295.1	paired		GCF_057220295.1	current	GCF_057220295.1	REFSEQ	current	current_refseq_preferred	Bradyrhizobium ottawaense	931866	OO57	Complete Genome	8993943	63.5	2	8633191	0.497666	0.0	retain_candidate	primary_contiguity_candidate	synteny_candidate	pending	pending	
CANON_02096	GCF_057220355.1	GCA_057220355.1	paired		GCF_057220355.1	current	GCF_057220355.1	REFSEQ	current	current_refseq_preferred	Bradyrhizobium ottawaense	931866	OO85	Complete Genome	8352607	64	1	8352607	-0.004387	0.6745	retain_candidate	primary_contiguity_candidate	synteny_candidate	pending	pending	
CANON_02097	GCF_057220365.1	GCA_057220365.1	paired		GCF_057220365.1	current	GCF_057220365.1	REFSEQ	current	current_refseq_preferred	Bradyrhizobium ottawaense	931866	OO84	Complete Genome	8472210	64	1	8472210	0.089241	0.6745	retain_candidate	primary_contiguity_candidate	synteny_candidate	pending	pending	
CANON_02098	GCF_057316075.1	GCA_057316075.1	paired		GCF_057316075.1	current	GCF_057316075.1	REFSEQ	current	current_refseq_preferred	Bradyrhizobium sp.	376		Scaffold	7681002	64.5	99	144408	-0.530136	1.349	retain_candidate	primary_contiguity_candidate	synteny_candidate	pending	pending	
CANON_02099	GCF_057651995.1	GCA_057651995.1	paired		GCF_057651995.1	current	GCF_057651995.1	REFSEQ	current	current_refseq_preferred	Bradyrhizobium sp. USDA3516	3711042	USDA3516	Scaffold	7801482	64	52	485220	-0.435821	0.6745	retain_candidate	primary_contiguity_candidate	synteny_candidate	pending	pending	
CANON_02100	GCF_058119575.1	GCA_058119575.1	paired		GCF_058119575.1	current	GCF_058119575.1	REFSEQ	current	current_refseq_preferred	Bradyrhizobium elkanii	29448	Y63-1	Complete Genome	9480563	63.5	2	9206650	0.878604	0.0	retain_candidate	primary_contiguity_candidate	synteny_candidate	pending	pending	
CANON_02101	GCF_058126115.1	GCA_058126115.1	paired		GCF_058126115.1	current	GCF_058126115.1	REFSEQ	current	current_refseq_preferred	Bradyrhizobium sp.	376		Contig	8346752	63	128	120134	-0.00897	-0.6745	retain_candidate	primary_contiguity_candidate	synteny_candidate	pending	pending	
CANON_02102	GCF_058314695.1	GCA_058314695.1	paired		GCF_058314695.1	current	GCF_058314695.1	REFSEQ	current	current_refseq_preferred	Bradyrhizobium sp. T-12	3695558	T-12	Complete Genome	8157161	64	2	7177873	-0.157387	0.6745	retain_candidate	primary_contiguity_candidate	synteny_candidate	pending	pending	
CANON_02103	GCF_058374615.1	GCA_058374615.1	paired		GCF_058374615.1	current	GCF_058374615.1	REFSEQ	current	current_refseq_preferred	Bradyrhizobium elkanii	29448	U1302	Contig	9485431	63.5	172	162741	0.882415	0.0	retain_candidate	primary_contiguity_candidate	synteny_candidate	pending	pending	
CANON_02104	GCF_058374655.1	GCA_058374655.1	paired		GCF_058374655.1	current	GCF_058374655.1	REFSEQ	current	current_refseq_preferred	Bradyrhizobium elkanii	29448	U1301	Contig	9591174	63.5	187	135335	0.965193	0.0	retain_candidate	primary_contiguity_candidate	synteny_candidate	pending	pending	
CANON_02105	GCF_058782905.1	GCA_058782905.1	paired		GCF_058782905.1	current	GCF_058782905.1	REFSEQ	current	current_refseq_preferred	Bradyrhizobium sp. FW305-F6	3693044	FW305-F6	Scaffold	7671227	64.5	39	878609	-0.537788	1.349	retain_candidate	primary_contiguity_candidate	synteny_candidate	pending	pending	
CANON_02106	GCF_058803975.1	GCA_058803975.1	paired		GCF_058803975.1	current	GCF_058803975.1	REFSEQ	current	current_refseq_preferred	Bradyrhizobium sp. GW821-FHT13H06	3694470	GW821-FHT13H06	Scaffold	8433052	64	38	902757	0.058587	0.6745	retain_candidate	primary_contiguity_candidate	synteny_candidate	pending	pending	
CANON_02107	GCF_058804065.1	GCA_058804065.1	paired		GCF_058804065.1	current	GCF_058804065.1	REFSEQ	current	current_refseq_preferred	Bradyrhizobium sp. GW821-FHT13H05	3694469	GW821-FHT13H05	Scaffold	8177550	64	42	439937	-0.141426	0.6745	retain_candidate	primary_contiguity_candidate	synteny_candidate	pending	pending	
CANON_02108	GCF_058807535.1	GCA_058807535.1	paired		GCF_058807535.1	current	GCF_058807535.1	REFSEQ	current	current_refseq_preferred	Bradyrhizobium sp. GW821-FHT12B03	3694468	GW821-FHT12B03	Scaffold	8118463	64.5	71	225931	-0.187681	1.349	retain_candidate	primary_contiguity_candidate	synteny_candidate	pending	pending	
CANON_02109		GCA_059413065.1	unpaired		GCA_059413065.1	current	GCA_059413065.1	GENBANK	current	current_genbank_singleton	Bradyrhizobium sp.	376		Scaffold	6186454	64.5	463	21225	-1.700104	1.349	retain_candidate	primary_contiguity_candidate	presence_absence_only	pending	pending	synteny_fragmented
CANON_02110	GCF_059448745.1	GCA_059448745.1	paired		GCF_059448745.1	current	GCF_059448745.1	REFSEQ	current	current_refseq_preferred	Bradyrhizobium sp. SOJA106	3735793	SOJA106	Complete Genome	8263951	63.5	1	8263951	-0.073789	0.0	retain_candidate	primary_contiguity_candidate	synteny_candidate	pending	pending	
CANON_02111		GCA_059499585.1	unpaired		GCA_059499585.1	current	GCA_059499585.1	GENBANK	current	current_genbank_singleton	Bradyrhizobium sp.	376		Scaffold	6509764	65.5	792	11527	-1.447009	2.698	retain_candidate	secondary_fragmented	presence_absence_only	pending	pending	pangenome_fragmented;synteny_fragmented
CANON_02112	GCF_059502245.1	GCA_059502245.1	paired		GCF_059502245.1	current	GCF_059502245.1	REFSEQ	current	current_refseq_preferred	Bradyrhizobium sp.	376		Scaffold	7422334	63	249	120279	-0.732627	-0.6745	retain_candidate	primary_contiguity_candidate	presence_absence_only	pending	pending	synteny_fragmented
CANON_02113	GCF_059503085.1	GCA_059503085.1	paired		GCF_059503085.1	current	GCF_059503085.1	REFSEQ	current	current_refseq_preferred	Bradyrhizobium sp.	376		Scaffold	8466500	64.5	64	262571	0.084771	1.349	retain_candidate	primary_contiguity_candidate	synteny_candidate	pending	pending	
CANON_02114	GCF_059512265.1	GCA_059512265.1	paired		GCF_059512265.1	current	GCF_059512265.1	REFSEQ	current	current_refseq_preferred	Bradyrhizobium sp. LeoA1S1	3470959	LeoA1S1	Contig	9702109	62.5	531	61833	1.052036	-1.349	retain_candidate	secondary_fragmented	presence_absence_only	pending	pending	pangenome_fragmented;synteny_fragmented
CANON_02115	GCF_059512285.1	GCA_059512285.1	paired		GCF_059512285.1	current	GCF_059512285.1	REFSEQ	current	current_refseq_preferred	Bradyrhizobium sp. Lot21	3470960	Lot21	Contig	9853267	62.5	326	148374	1.170366	-1.349	retain_candidate	primary_contiguity_candidate	presence_absence_only	pending	pending	synteny_fragmented
CANON_02116	GCF_059512345.1	GCA_059512345.1	paired		GCF_059512345.1	current	GCF_059512345.1	REFSEQ	current	current_refseq_preferred	Bradyrhizobium sp. Unk1	3739376	Unk1	Contig	10073792	63	299	186729	1.342998	-0.6745	retain_candidate	primary_contiguity_candidate	presence_absence_only	pending	pending	synteny_fragmented
CANON_02117	GCF_059512365.1	GCA_059512365.1	paired		GCF_059512365.1	current	GCF_059512365.1	REFSEQ	current	current_refseq_preferred	Bradyrhizobium sp. Ses1	3739377	Ses1	Contig	9827634	62.5	300	151330	1.1503	-1.349	retain_candidate	primary_contiguity_candidate	presence_absence_only	pending	pending	synteny_fragmented
CANON_02118	GCF_059512385.1	GCA_059512385.1	paired		GCF_059512385.1	current	GCF_059512385.1	REFSEQ	current	current_refseq_preferred	Bradyrhizobium sp. Crot121	3739378	Crot121	Contig	9888818	62.5	602	109902	1.198196	-1.349	retain_candidate	secondary_fragmented	presence_absence_only	pending	pending	pangenome_fragmented;synteny_fragmented
CANON_02119	GCF_059512405.1	GCA_059512405.1	paired		GCF_059512405.1	current	GCF_059512405.1	REFSEQ	current	current_refseq_preferred	Bradyrhizobium sp. 185Pear	3739379	185Pear	Contig	9942382	62.5	560	74610	1.240127	-1.349	retain_candidate	secondary_fragmented	presence_absence_only	pending	pending	pangenome_fragmented;synteny_fragmented
CANON_02120	GCF_059512425.1	GCA_059512425.1	paired		GCF_059512425.1	current	GCF_059512425.1	REFSEQ	current	current_refseq_preferred	Bradyrhizobium sp. Leo78	1571190	Leo78	Contig	9307621	62.5	348	170308	0.743221	-1.349	retain_candidate	primary_contiguity_candidate	presence_absence_only	pending	pending	synteny_fragmented
CANON_02121	GCF_059512445.1	GCA_059512445.1	paired		GCF_059512445.1	current	GCF_059512445.1	REFSEQ	current	current_refseq_preferred	Bradyrhizobium sp. Leo20	1571189	Leo20	Contig	9012319	62.5	894	24853	0.512051	-1.349	retain_candidate	secondary_fragmented	presence_absence_only	pending	pending	pangenome_fragmented;synteny_fragmented
CANON_02122	GCF_059696285.1	GCA_059696285.1	paired		GCF_059696285.1	current	GCF_059696285.1	REFSEQ	current	current_refseq_preferred	Bradyrhizobium diazoefficiens	1355477	XF19	Complete Genome	9278204	64	1	9278204	0.720193	0.6745	retain_candidate	primary_contiguity_candidate	synteny_candidate	pending	pending	
CANON_02123	GCF_059696295.1	GCA_059696295.1	paired		GCF_059696295.1	current	GCF_059696295.1	REFSEQ	current	current_refseq_preferred	Bradyrhizobium diazoefficiens	1355477	XF18	Complete Genome	9124549	64	1	9124549	0.599908	0.6745	retain_candidate	primary_contiguity_candidate	synteny_candidate	pending	pending	
CANON_02124	GCF_059696305.1	GCA_059696305.1	paired		GCF_059696305.1	current	GCF_059696305.1	REFSEQ	current	current_refseq_preferred	Bradyrhizobium diazoefficiens	1355477	XF17	Complete Genome	9177991	64	1	9177991	0.641744	0.6745	retain_candidate	primary_contiguity_candidate	synteny_candidate	pending	pending	
CANON_02125	GCF_059696315.1	GCA_059696315.1	paired		GCF_059696315.1	current	GCF_059696315.1	REFSEQ	current	current_refseq_preferred	Bradyrhizobium diazoefficiens	1355477	XF16	Complete Genome	9278205	64	1	9278205	0.720193	0.6745	retain_candidate	primary_contiguity_candidate	synteny_candidate	pending	pending	
CANON_02126	GCF_059696325.1	GCA_059696325.1	paired		GCF_059696325.1	current	GCF_059696325.1	REFSEQ	current	current_refseq_preferred	Bradyrhizobium diazoefficiens	1355477	XF15	Complete Genome	9079907	64	1	9079907	0.564961	0.6745	retain_candidate	primary_contiguity_candidate	synteny_candidate	pending	pending	
CANON_02127	GCF_059696335.1	GCA_059696335.1	paired		GCF_059696335.1	current	GCF_059696335.1	REFSEQ	current	current_refseq_preferred	Bradyrhizobium diazoefficiens	1355477	XF14	Complete Genome	9318334	64	1	9318334	0.751607	0.6745	retain_candidate	primary_contiguity_candidate	synteny_candidate	pending	pending	
CANON_02128	GCF_059696345.1	GCA_059696345.1	paired		GCF_059696345.1	current	GCF_059696345.1	REFSEQ	current	current_refseq_preferred	Bradyrhizobium diazoefficiens	1355477	XF13	Complete Genome	9244861	64	1	9244861	0.694091	0.6745	retain_candidate	primary_contiguity_candidate	synteny_candidate	pending	pending	
CANON_02129	GCF_059696355.1	GCA_059696355.1	paired		GCF_059696355.1	current	GCF_059696355.1	REFSEQ	current	current_refseq_preferred	Bradyrhizobium diazoefficiens	1355477	XF12	Complete Genome	9147270	64	1	9147270	0.617694	0.6745	retain_candidate	primary_contiguity_candidate	synteny_candidate	pending	pending	
CANON_02130	GCF_059696365.1	GCA_059696365.1	paired		GCF_059696365.1	current	GCF_059696365.1	REFSEQ	current	current_refseq_preferred	Bradyrhizobium diazoefficiens	1355477	XF11	Complete Genome	9124527	64	1	9124527	0.599891	0.6745	retain_candidate	primary_contiguity_candidate	synteny_candidate	pending	pending	
CANON_02131	GCF_059696375.1	GCA_059696375.1	paired		GCF_059696375.1	current	GCF_059696375.1	REFSEQ	current	current_refseq_preferred	Bradyrhizobium diazoefficiens	1355477	XF10	Complete Genome	9254810	64	1	9254810	0.701879	0.6745	retain_candidate	primary_contiguity_candidate	synteny_candidate	pending	pending	
CANON_02132	GCF_059696385.1	GCA_059696385.1	paired		GCF_059696385.1	current	GCF_059696385.1	REFSEQ	current	current_refseq_preferred	Bradyrhizobium diazoefficiens	1355477	XF9	Complete Genome	9145877	64	1	9145877	0.616604	0.6745	retain_candidate	primary_contiguity_candidate	synteny_candidate	pending	pending	
CANON_02133	GCF_059696395.1	GCA_059696395.1	paired		GCF_059696395.1	current	GCF_059696395.1	REFSEQ	current	current_refseq_preferred	Bradyrhizobium diazoefficiens	1355477	XF8	Complete Genome	9177156	64	1	9177156	0.64109	0.6745	retain_candidate	primary_contiguity_candidate	synteny_candidate	pending	pending	
CANON_02134	GCF_059696405.1	GCA_059696405.1	paired		GCF_059696405.1	current	GCF_059696405.1	REFSEQ	current	current_refseq_preferred	Bradyrhizobium diazoefficiens	1355477	XF6	Complete Genome	9110485	64	1	9110485	0.588898	0.6745	retain_candidate	primary_contiguity_candidate	synteny_candidate	pending	pending	
CANON_02135	GCF_059696415.1	GCA_059696415.1	paired		GCF_059696415.1	current	GCF_059696415.1	REFSEQ	current	current_refseq_preferred	Bradyrhizobium diazoefficiens	1355477	XF5	Complete Genome	9171002	64	1	9171002	0.636272	0.6745	retain_candidate	primary_contiguity_candidate	synteny_candidate	pending	pending	
CANON_02136	GCF_059696425.1	GCA_059696425.1	paired		GCF_059696425.1	current	GCF_059696425.1	REFSEQ	current	current_refseq_preferred	Bradyrhizobium diazoefficiens	1355477	XF4	Complete Genome	9254808	64	1	9254808	0.701878	0.6745	retain_candidate	primary_contiguity_candidate	synteny_candidate	pending	pending	
CANON_02137	GCF_059696435.1	GCA_059696435.1	paired		GCF_059696435.1	current	GCF_059696435.1	REFSEQ	current	current_refseq_preferred	Bradyrhizobium diazoefficiens	1355477	XF3	Complete Genome	9177155	64	1	9177155	0.641089	0.6745	retain_candidate	primary_contiguity_candidate	synteny_candidate	pending	pending	
CANON_02138	GCF_059696445.1	GCA_059696445.1	paired		GCF_059696445.1	current	GCF_059696445.1	REFSEQ	current	current_refseq_preferred	Bradyrhizobium diazoefficiens	1355477	XF2	Complete Genome	9244861	64	1	9244861	0.694091	0.6745	retain_candidate	primary_contiguity_candidate	synteny_candidate	pending	pending	
CANON_02139	GCF_059696455.1	GCA_059696455.1	paired		GCF_059696455.1	current	GCF_059696455.1	REFSEQ	current	current_refseq_preferred	Bradyrhizobium diazoefficiens	1355477	XF1	Complete Genome	9318333	64	1	9318333	0.751607	0.6745	retain_candidate	primary_contiguity_candidate	synteny_candidate	pending	pending	
CANON_02140		GCA_059803455.1	broken_pair	GCF_059803455.1	GCA_059803455.1	current	GCA_059803455.1	GENBANK	current	broken_pair_current_genbank	Bradyrhizobium sp. UFLA05-108	3101747	UFLA05-108	Scaffold	9605927	62.5	290	100669	0.976742	-1.349	retain_candidate	primary_contiguity_candidate	presence_absence_only	pending	pending	broken_pair;synteny_fragmented
CANON_02141		GCA_059803475.1	broken_pair	GCF_059803475.1	GCA_059803475.1	current	GCA_059803475.1	GENBANK	current	broken_pair_current_genbank	Bradyrhizobium sp. UFLA05-89	3101746	UFLA05-89	Scaffold	9702590	62.5	315	63133	1.052412	-1.349	retain_candidate	primary_contiguity_candidate	presence_absence_only	pending	pending	broken_pair;synteny_fragmented
CANON_02142		GCA_059803515.1	broken_pair	GCF_059803515.1	GCA_059803515.1	current	GCA_059803515.1	GENBANK	current	broken_pair_current_genbank	Bradyrhizobium sp. UFLA05-125	3101748	UFLA05-125	Scaffold	9689284	62.5	203	103721	1.041996	-1.349	retain_candidate	primary_contiguity_candidate	presence_absence_only	pending	pending	broken_pair;synteny_fragmented
CANON_02143		GCA_059803835.1	broken_pair	GCF_059803835.1	GCA_059803835.1	current	GCA_059803835.1	GENBANK	current	broken_pair_current_genbank	Bradyrhizobium sp. UFLA01-860	3063778	UFLA01-860	Contig	9233800	63.5	401	40778	0.685432	0.0	retain_candidate	primary_contiguity_candidate	presence_absence_only	pending	pending	broken_pair;synteny_fragmented
CANON_02144	GCF_900011245.1	GCA_900011245.1	paired		GCF_900011245.1	current	GCF_900011245.1	REFSEQ	current	current_refseq_preferred	Bradyrhizobium sp.	376		Complete Genome	7547693	64	1	7547693	-0.634493	0.6745	retain_candidate	primary_contiguity_candidate	synteny_candidate	pending	pending	
CANON_02145	GCF_900011265.1	GCA_900011265.1	paired		GCF_900011265.1	current	GCF_900011265.1	REFSEQ	current	current_refseq_preferred	Bradyrhizobium sp. G22	1839752		Chromosome	9091355	63.5	24	4584323	0.573923	0.0	retain_candidate	primary_contiguity_candidate	synteny_candidate	pending	pending	
CANON_02146	GCF_900094575.1	GCA_900094575.1	paired		GCF_900094575.1	current	GCF_900094575.1	REFSEQ	current	current_refseq_preferred	Bradyrhizobium yuanmingense	108015	CCBAU 10071	Scaffold	8201522	64	109	700696	-0.12266	0.6745	retain_candidate	primary_contiguity_candidate	synteny_candidate	pending	pending	
CANON_02147	GCF_900094605.1	GCA_900094605.1	paired		GCF_900094605.1	current	GCF_900094605.1	REFSEQ	current	current_refseq_preferred	Bradyrhizobium shewense	1761772	ERR11	Scaffold	9163226	63	107	257408	0.630185	-0.6745	retain_candidate	primary_contiguity_candidate	synteny_candidate	pending	pending	
CANON_02148	GCF_900099825.1	GCA_900099825.1	paired		GCF_900099825.1	current	GCF_900099825.1	REFSEQ	current	current_refseq_preferred	Bradyrhizobium ottawaense	931866	GAS524	Chromosome	8339215	62.5	1	8339115	-0.014871	-1.349	retain_candidate	primary_contiguity_candidate	synteny_candidate	pending	pending	
CANON_02149	GCF_900099855.1	GCA_900099855.1	paired		GCF_900099855.1	current	GCF_900099855.1	REFSEQ	current	current_refseq_preferred	Bradyrhizobium sp. Rc2d	1855321	Rc2d	Scaffold	9578216	63	119	171503	0.955049	-0.6745	retain_candidate	primary_contiguity_candidate	synteny_candidate	pending	pending	
CANON_02150	GCF_900101405.1	GCA_900101405.1	paired		GCF_900101405.1	current	GCF_900101405.1	REFSEQ	current	current_refseq_preferred	Bradyrhizobium brasilense	1419277	R5	Scaffold	9444915	63.5	128	142424	0.850698	0.0	retain_candidate	primary_contiguity_candidate	synteny_candidate	pending	pending	
CANON_02151	GCF_900104755.1	GCA_900104755.1	paired		GCF_900104755.1	current	GCF_900104755.1	REFSEQ	current	current_refseq_preferred	Bradyrhizobium lablabi	722472	GAS522	Contig	8269569	62.5	2	8088127	-0.069391	-1.349	retain_candidate	primary_contiguity_candidate	synteny_candidate	pending	pending	
CANON_02152	GCF_900105125.1	GCA_900105125.1	paired		GCF_900105125.1	current	GCF_900105125.1	REFSEQ	current	current_refseq_preferred	Bradyrhizobium canariense	255045	GAS369	Chromosome	7842044	61	1	7841944	-0.404068	-3.3725	retain_candidate	primary_contiguity_candidate	synteny_candidate	pending	pending	
CANON_02153	GCF_900105845.1	GCA_900105845.1	paired		GCF_900105845.1	current	GCF_900105845.1	REFSEQ	current	current_refseq_preferred	Bradyrhizobium erythrophlei	1437360	MT12	Contig	8967172	64	2	8910901	0.476709	0.6745	retain_candidate	primary_contiguity_candidate	synteny_candidate	pending	pending	
CANON_02154	GCF_900109945.1	GCA_900109945.1	paired		GCF_900109945.1	current	GCF_900109945.1	REFSEQ	current	current_refseq_preferred	Bradyrhizobium sp. OK095	1882760	OK095	Contig	7846124	64	51	457633	-0.400874	0.6745	retain_candidate	primary_contiguity_candidate	synteny_candidate	pending	pending	
CANON_02155	GCF_900113725.1	GCA_900113725.1	paired		GCF_900113725.1	current	GCF_900113725.1	REFSEQ	current	current_refseq_preferred	Bradyrhizobium sp. cf659	1761771	CF659	Scaffold	8465016	64.5	26	458247	0.08361	1.349	retain_candidate	primary_contiguity_candidate	synteny_candidate	pending	pending	
CANON_02156	GCF_900113735.1	GCA_900113735.1	paired		GCF_900113735.1	current	GCF_900113735.1	REFSEQ	current	current_refseq_preferred	Bradyrhizobium sp. Gha	1855318	Gha	Scaffold	8253313	63	97	156060	-0.082117	-0.6745	retain_candidate	primary_contiguity_candidate	synteny_candidate	pending	pending	
CANON_02157	GCF_900114605.1	GCA_900114605.1	paired		GCF_900114605.1	suppressed	GCA_900114605.1	GENBANK	current	fallback_current_genbank	Bradyrhizobium sp. NFR13	1566285	NFR13	Contig	6226103	61.5	17	905187	-1.669065	-2.698	retain_candidate	primary_contiguity_candidate	synteny_candidate	pending	pending	suppressed_or_unavailable_refseq_fallback
CANON_02158	GCF_900114915.1	GCA_900114915.1	paired		GCF_900114915.1	current	GCF_900114915.1	REFSEQ	current	current_refseq_preferred	Bradyrhizobium sp. Rc3b	1855322	Rc3b	Scaffold	8375670	63.5	50	383119	0.013667	0.0	retain_candidate	primary_contiguity_candidate	synteny_candidate	pending	pending	
CANON_02159	GCF_900115265.1	GCA_900115265.1	paired		GCF_900115265.1	current	GCF_900115265.1	REFSEQ	current	current_refseq_preferred	Bradyrhizobium sp. Ghvi	1855319	Ghvi	Scaffold	7925674	63	44	801310	-0.3386	-0.6745	retain_candidate	primary_contiguity_candidate	synteny_candidate	pending	pending	
CANON_02160	GCF_900116675.1	GCA_900116675.1	paired		GCF_900116675.1	current	GCF_900116675.1	REFSEQ	current	current_refseq_preferred	Bradyrhizobium arachidis	858423	LMG 26795	Scaffold	9793799	63.5	104	194418	1.123813	0.0	retain_candidate	primary_contiguity_candidate	synteny_candidate	pending	pending	
CANON_02161	GCF_900129425.1	GCA_900129425.1	paired		GCF_900129425.1	current	GCF_900129425.1	REFSEQ	current	current_refseq_preferred	Bradyrhizobium erythrophlei	1437360	GAS138	Chromosome	9092136	61.5	1	9092036	0.574534	-2.698	retain_candidate	primary_contiguity_candidate	synteny_candidate	pending	pending	
CANON_02162	GCF_900129505.1	GCA_900129505.1	paired		GCF_900129505.1	current	GCF_900129505.1	REFSEQ	current	current_refseq_preferred	Bradyrhizobium erythrophlei	1437360	GAS242	Chromosome	9184751	62	1	9184651	0.647035	-2.0235	retain_candidate	primary_contiguity_candidate	synteny_candidate	pending	pending	
CANON_02163	GCF_900129675.1	GCA_900129675.1	paired		GCF_900129675.1	suppressed	GCA_900129675.1	GENBANK	current	fallback_current_genbank	Bradyrhizobium erythrophlei	1437360	GAS478	Contig	11738562	61.5	4	8652723	2.64622	-2.698	retain_candidate	primary_contiguity_candidate	synteny_candidate	pending	pending	suppressed_or_unavailable_refseq_fallback
CANON_02164	GCF_900141755.1	GCA_900141755.1	paired		GCF_900141755.1	current	GCF_900141755.1	REFSEQ	current	current_refseq_preferred	Bradyrhizobium lablabi	722472	GAS499	Chromosome	7910099	62	1	7909999	-0.350793	-2.0235	retain_candidate	primary_contiguity_candidate	synteny_candidate	pending	pending	
CANON_02165	GCF_900142345.1	GCA_900142345.1	paired		GCF_900142345.1	current	GCF_900142345.1	REFSEQ	current	current_refseq_preferred	Bradyrhizobium lablabi	722472	MT34	Chromosome	8150968	62.5	1	8150868	-0.162235	-1.349	retain_candidate	primary_contiguity_candidate	synteny_candidate	pending	pending	
CANON_02166	GCF_900142985.1	GCA_900142985.1	paired		GCF_900142985.1	current	GCF_900142985.1	REFSEQ	current	current_refseq_preferred	Bradyrhizobium erythrophlei	1437360	GAS401	Chromosome	7525217	61	1	7525117	-0.652088	-3.3725	retain_candidate	primary_contiguity_candidate	synteny_candidate	pending	pending	
CANON_02167	GCF_900176205.1	GCA_900176205.1	paired		GCF_900176205.1	current	GCF_900176205.1	REFSEQ	current	current_refseq_preferred	Bradyrhizobium sp. ORS 285	115808	ORS 285	Complete Genome	7797098	65	1	7797098	-0.439253	2.0235	retain_candidate	primary_contiguity_candidate	synteny_candidate	pending	pending	
CANON_02168	GCF_900324035.1	GCA_900324035.1	paired		GCF_900324035.1	current	GCF_900324035.1	REFSEQ	current	current_refseq_preferred	Bradyrhizobium vignae	1549949		Complete Genome	8156021	63.5	1	8156021	-0.158279	0.0	retain_candidate	primary_contiguity_candidate	synteny_candidate	pending	pending	
CANON_02169	GCF_900696075.1	GCA_900696075.2	paired		GCF_900696075.1	current	GCF_900696075.1	REFSEQ	current	current_refseq_preferred	Bradyrhizobium ivorense	2511166	CI-41S	Contig	8864324	64.5	59	253924	0.396197	1.349	retain_candidate	primary_contiguity_candidate	synteny_candidate	pending	pending	
CANON_02170	GCF_900696085.1	GCA_900696085.2	paired		GCF_900696085.1	current	GCF_900696085.1	REFSEQ	current	current_refseq_preferred	Bradyrhizobium ivorense	2511166	CI-1B	Contig	9412302	64	44	466280	0.825168	0.6745	retain_candidate	primary_contiguity_candidate	synteny_candidate	pending	pending	
CANON_02171	GCF_902482845.1	GCA_902482845.1	paired		GCF_902482845.1	current	GCF_902482845.1	REFSEQ	current	current_refseq_preferred	uncultured Bradyrhizobium sp.	199684		Contig	8388709	65	94	171999	0.023875	2.0235	retain_candidate	primary_contiguity_candidate	synteny_candidate	pending	pending	
CANON_02172	GCF_902488645.1	GCA_902488645.1	paired		GCF_902488645.1	current	GCF_902488645.1	REFSEQ	current	current_refseq_preferred	uncultured Bradyrhizobium sp.	199684		Contig	7397431	64.5	452	25735	-0.752122	1.349	retain_candidate	primary_contiguity_candidate	presence_absence_only	pending	pending	synteny_fragmented
CANON_02173		GCA_902826195.1	unpaired		GCA_902826195.1	current	GCA_902826195.1	GENBANK	current	current_genbank_singleton	uncultured Bradyrhizobium sp.	199684		Scaffold	7349603	63	1157	8605	-0.789563	-0.6745	retain_candidate	secondary_fragmented	presence_absence_only	pending	pending	pangenome_fragmented;synteny_fragmented
CANON_02174	GCF_920939485.1	GCA_920939485.1	paired		GCF_920939485.1	current	GCF_920939485.1	REFSEQ	current	current_refseq_preferred	Bradyrhizobium sp. Leaf401	2876564		Contig	7875708	63.5	100	237547	-0.377715	0.0	retain_candidate	primary_contiguity_candidate	synteny_candidate	pending	pending	
CANON_02175	GCF_936920605.1	GCA_936920605.1	paired		GCF_936920605.1	current	GCF_936920605.1	REFSEQ	current	current_refseq_preferred	uncultured Bradyrhizobium sp.	199684		Contig	8226794	64.5	241	60993	-0.102876	1.349	retain_candidate	primary_contiguity_candidate	presence_absence_only	pending	pending	synteny_fragmented
CANON_02176	GCF_936928535.1	GCA_936928535.1	paired		GCF_936928535.1	current	GCF_936928535.1	REFSEQ	current	current_refseq_preferred	uncultured Bradyrhizobium sp.	199684		Contig	7495108	63.5	173	74005	-0.675658	0.0	retain_candidate	primary_contiguity_candidate	synteny_candidate	pending	pending	
CANON_02177	GCF_936943645.1	GCA_936943645.1	paired		GCF_936943645.1	current	GCF_936943645.1	REFSEQ	current	current_refseq_preferred	uncultured Bradyrhizobium sp.	199684		Contig	7285855	65	120	111632	-0.839466	2.0235	retain_candidate	primary_contiguity_candidate	synteny_candidate	pending	pending	
CANON_02178	GCF_937872855.1	GCA_937872855.1	paired		GCF_937872855.1	current	GCF_937872855.1	REFSEQ	current	current_refseq_preferred	uncultured Bradyrhizobium sp.	199684		Contig	8960856	64	358	36406	0.471765	0.6745	retain_candidate	primary_contiguity_candidate	presence_absence_only	pending	pending	synteny_fragmented
CANON_02179		GCA_943368005.1	unpaired		GCA_943368005.1	current	GCA_943368005.1	GENBANK	current	current_genbank_singleton	Bradyrhizobium ivorense	2511166		Contig	3573181	66.5	48	121185	-3.745837	4.047	manual_review	primary_contiguity_candidate	synteny_candidate	pending	pending	gc_percent_outlier;genome_size_outlier
CANON_02180		GCA_943368825.1	unpaired		GCA_943368825.1	current	GCA_943368825.1	GENBANK	current	current_genbank_singleton	Bradyrhizobium ivorense	2511166		Contig	3222023	68	27	179549	-4.020732	6.0705	manual_review	primary_contiguity_candidate	synteny_candidate	pending	pending	gc_percent_outlier;genome_size_outlier
CANON_02181		GCA_943369715.1	unpaired		GCA_943369715.1	current	GCA_943369715.1	GENBANK	current	current_genbank_singleton	Bradyrhizobium ivorense	2511166		Contig	3886452	64	661	6187	-3.500601	0.6745	manual_review	secondary_fragmented	presence_absence_only	pending	pending	genome_size_outlier;pangenome_fragmented;synteny_fragmented
CANON_02182		GCA_943369805.1	unpaired		GCA_943369805.1	current	GCA_943369805.1	GENBANK	current	current_genbank_singleton	Bradyrhizobium ivorense	2511166		Contig	2097892	62.5	414	5056	-4.900728	-1.349	manual_review	secondary_fragmented	presence_absence_only	pending	pending	genome_size_outlier;pangenome_fragmented;synteny_fragmented
CANON_02183		GCA_943370715.1	unpaired		GCA_943370715.1	current	GCA_943370715.1	GENBANK	current	current_genbank_singleton	Bradyrhizobium ivorense	2511166		Contig	3864310	64.5	123	53010	-3.517934	1.349	manual_review	primary_contiguity_candidate	synteny_candidate	pending	pending	genome_size_outlier
CANON_02184		GCA_943371925.1	unpaired		GCA_943371925.1	current	GCA_943371925.1	GENBANK	current	current_genbank_singleton	Bradyrhizobium ivorense	2511166		Contig	4189652	64	100	90113	-3.263248	0.6745	retain_candidate	primary_contiguity_candidate	synteny_candidate	pending	pending	
CANON_02185		GCA_943372355.1	unpaired		GCA_943372355.1	current	GCA_943372355.1	GENBANK	current	current_genbank_singleton	Bradyrhizobium ivorense	2511166		Contig	3844710	63	476	8141	-3.533277	-0.6745	manual_review	secondary_fragmented	presence_absence_only	pending	pending	genome_size_outlier;pangenome_fragmented;synteny_fragmented
CANON_02186		GCA_943372615.1	unpaired		GCA_943372615.1	current	GCA_943372615.1	GENBANK	current	current_genbank_singleton	Bradyrhizobium ivorense	2511166		Contig	3771303	62	653	6124	-3.590742	-2.0235	manual_review	secondary_fragmented	presence_absence_only	pending	pending	genome_size_outlier;pangenome_fragmented;synteny_fragmented
CANON_02187		GCA_943372745.1	unpaired		GCA_943372745.1	current	GCA_943372745.1	GENBANK	current	current_genbank_singleton	Bradyrhizobium ivorense	2511166		Contig	5052880	62	126	70256	-2.587493	-2.0235	retain_candidate	primary_contiguity_candidate	synteny_candidate	pending	pending	
CANON_02188		GCA_947040575.1	unpaired		GCA_947040575.1	current	GCA_947040575.1	GENBANK	current	current_genbank_singleton	uncultured Bradyrhizobium sp.	199684		Contig	3914961	65	835	4844	-3.478283	2.0235	retain_candidate	secondary_fragmented	presence_absence_only	pending	pending	pangenome_fragmented;synteny_fragmented
CANON_02189	GCF_947648125.1	GCA_947648125.1	paired		GCF_947648125.1	current	GCF_947648125.1	REFSEQ	current	current_refseq_preferred	uncultured Bradyrhizobium sp.	199684		Contig	8572917	64	71	239465	0.168077	0.6745	retain_candidate	primary_contiguity_candidate	synteny_candidate	pending	pending	
CANON_02190	GCF_963512315.1	GCA_963512315.1	paired		GCF_963512315.1	suppressed	GCA_963512315.1	GENBANK	current	fallback_current_genbank	uncultured Bradyrhizobium sp.	199684		Contig	7662380	65	43	302922	-0.544713	2.0235	retain_candidate	primary_contiguity_candidate	synteny_candidate	pending	pending	suppressed_or_unavailable_refseq_fallback
CANON_02191	GCF_963543985.1	GCA_963543985.1	paired		GCF_963543985.1	current	GCF_963543985.1	REFSEQ	current	current_refseq_preferred	Bradyrhizobium viridifuturi	1654716		Contig	7445638	64.5	100	131529	-0.714384	1.349	retain_candidate	primary_contiguity_candidate	synteny_candidate	pending	pending	
CANON_02192	GCF_964252615.1	GCA_964252615.1	paired		GCF_964252615.1	current	GCF_964252615.1	REFSEQ	current	current_refseq_preferred	uncultured Bradyrhizobium sp.	199684		Scaffold	5120205	62.5	112	77320	-2.534789	-1.349	retain_candidate	primary_contiguity_candidate	synteny_candidate	pending	pending	
CANON_02193	GCF_964252915.1	GCA_964252915.2	paired		GCF_964252915.1	current	GCF_964252915.1	REFSEQ	current	current_refseq_preferred	Bradyrhizobium sp. LjRoot220	3342284		Contig	7658220	62.5	31	888468	-0.54797	-1.349	retain_candidate	primary_contiguity_candidate	synteny_candidate	pending	pending	
CANON_02194		GCA_964421905.1	unpaired		GCA_964421905.1	current	GCA_964421905.1	GENBANK	current	current_genbank_singleton	uncultured Bradyrhizobium sp.	199684		Contig	6051634	62	729	12207	-1.805644	-2.0235	retain_candidate	secondary_fragmented	presence_absence_only	pending	pending	pangenome_fragmented;synteny_fragmented
CANON_02195		GCA_964423245.1	unpaired		GCA_964423245.1	current	GCA_964423245.1	GENBANK	current	current_genbank_singleton	uncultured Bradyrhizobium sp.	199684		Scaffold	7598671	65	191	91025	-0.594586	2.0235	retain_candidate	primary_contiguity_candidate	synteny_candidate	pending	pending	
CANON_02196		GCA_964445805.1	unpaired		GCA_964445805.1	current	GCA_964445805.1	GENBANK	current	current_genbank_singleton	uncultured Bradyrhizobium sp.	199684		Scaffold	4247509	67	946	6598	-3.217956	4.7215	manual_review	secondary_fragmented	presence_absence_only	pending	pending	gc_percent_outlier;pangenome_fragmented;synteny_fragmented
CANON_02197		GCA_964454955.1	unpaired		GCA_964454955.1	current	GCA_964454955.1	GENBANK	current	current_genbank_singleton	uncultured Bradyrhizobium sp.	199684		Contig	6036361	63.5	606	17607	-1.8176	0.0	retain_candidate	secondary_fragmented	presence_absence_only	pending	pending	pangenome_fragmented;synteny_fragmented
CANON_02198		GCA_964504705.1	unpaired		GCA_964504705.1	current	GCA_964504705.1	GENBANK	current	current_genbank_singleton	uncultured Bradyrhizobium sp.	199684		Scaffold	4546614	65	145	49535	-2.98381	2.0235	retain_candidate	primary_contiguity_candidate	presence_absence_only	pending	pending	synteny_fragmented
CANON_02199		GCA_964552445.1	unpaired		GCA_964552445.1	current	GCA_964552445.1	GENBANK	current	current_genbank_singleton	uncultured Bradyrhizobium sp.	199684		Scaffold	3264543	69	481	9501	-3.987446	7.4195	manual_review	secondary_fragmented	presence_absence_only	pending	pending	gc_percent_outlier;genome_size_outlier;pangenome_fragmented;synteny_fragmented
CANON_02200		GCA_964609175.1	unpaired		GCA_964609175.1	current	GCA_964609175.1	GENBANK	current	current_genbank_singleton	uncultured Bradyrhizobium sp.	199684		Scaffold	7054599	64	134	122989	-1.020499	0.6745	retain_candidate	primary_contiguity_candidate	synteny_candidate	pending	pending	
CANON_02201		GCA_964689585.1	unpaired		GCA_964689585.1	current	GCA_964689585.1	GENBANK	current	current_genbank_singleton	Bradyrhizobium sp.	376		Contig	3265701	62	603	5461	-3.986539	-2.0235	manual_review	secondary_fragmented	presence_absence_only	pending	pending	genome_size_outlier;pangenome_fragmented;synteny_fragmented
CANON_02202		GCA_964974255.1	unpaired		GCA_964974255.1	current	GCA_964974255.1	GENBANK	current	current_genbank_singleton	Bradyrhizobium sp.	376		Contig	1952307	62	389	5063	-5.014696	-2.0235	manual_review	secondary_fragmented	presence_absence_only	pending	pending	genome_size_outlier;pangenome_fragmented;synteny_fragmented
CANON_02203		GCA_966212395.1	unpaired		GCA_966212395.1	current	GCA_966212395.1	GENBANK	current	current_genbank_singleton	uncultured Bradyrhizobium sp.	199684		Contig	4529477	64.5	1897	2338	-2.997225	1.349	retain_candidate	secondary_fragmented	presence_absence_only	pending	pending	pangenome_fragmented;synteny_fragmented
CANON_02204	GCF_977007305.1	GCA_977007305.1	paired		GCF_977007305.1	current	GCF_977007305.1	REFSEQ	current	current_refseq_preferred	Bradyrhizobium liaoningense	43992	R-93086	Contig	8865202	64	3	8240675	0.396885	0.6745	retain_candidate	primary_contiguity_candidate	synteny_candidate	pending	pending	
CANON_02205	GCF_977007395.1	GCA_977007395.1	paired		GCF_977007395.1	current	GCF_977007395.1	REFSEQ	current	current_refseq_preferred	Bradyrhizobium liaoningense	43992	R-92932	Complete Genome	7385709	64.5	1	7385709	-0.761298	1.349	retain_candidate	primary_contiguity_candidate	synteny_candidate	pending	pending	
CANON_02206	GCF_977007485.1	GCA_977007485.1	paired		GCF_977007485.1	current	GCF_977007485.1	REFSEQ	current	current_refseq_preferred	Bradyrhizobium liaoningense	43992	R-92926	Complete Genome	7781915	64	1	7781915	-0.451138	0.6745	retain_candidate	primary_contiguity_candidate	synteny_candidate	pending	pending	
CANON_02207	GCF_977008075.1	GCA_977008075.1	paired		GCF_977008075.1	current	GCF_977008075.1	REFSEQ	current	current_refseq_preferred	Bradyrhizobium cenepequi	2821403	R-93074	Contig	7972571	63	2	7775886	-0.301888	-0.6745	retain_candidate	primary_contiguity_candidate	synteny_candidate	pending	pending	
CANON_02208	GCF_977012035.1	GCA_977012035.1	paired		GCF_977012035.1	current	GCF_977012035.1	REFSEQ	current	current_refseq_preferred	Bradyrhizobium cenepequi	2821403	R-93102	Complete Genome	7629296	63	1	7629296	-0.570612	-0.6745	retain_candidate	primary_contiguity_candidate	synteny_candidate	pending	pending	
CANON_02209	GCF_977012055.1	GCA_977012055.1	paired		GCF_977012055.1	current	GCF_977012055.1	REFSEQ	current	current_refseq_preferred	Bradyrhizobium cenepequi	2821403	R-93116	Contig	7678033	63	2	7630009	-0.53246	-0.6745	retain_candidate	primary_contiguity_candidate	synteny_candidate	pending	pending	
CANON_02210		GCA_982386455.1	unpaired		GCA_982386455.1	current	GCA_982386455.1	GENBANK	current	current_genbank_singleton	Bradyrhizobium sp.	376		Contig	4550813	63.5	2610	1801	-2.980523	0.0	retain_candidate	secondary_fragmented	presence_absence_only	pending	pending	pangenome_fragmented;synteny_fragmented
CANON_02211	GCF_986132105.1	GCA_986132105.1	paired		GCF_986132105.1	current	GCF_986132105.1	REFSEQ	current	current_refseq_preferred	Bradyrhizobium sp.	376		Contig	7399670	64.5	544	21276	-0.750369	1.349	retain_candidate	secondary_fragmented	presence_absence_only	pending	pending	pangenome_fragmented;synteny_fragmented
